1.890227416992190001e+03 5.026955116987230140e+05
3.471181884765619998e+03 1.071441210031510098e+06
4.620519042968750000e+03 7.110929257869720459e+05
4.279070312500000000e+03 6.358818335533139762e+05
4.162787597656250000e+03 7.131384223699569702e+05
3.420211425781250000e+03 6.025326673984529916e+05
2.266488281250000000e+03 4.418428564071659930e+05
2.675969970703119998e+03 4.249402344822880113e+05
4.334629882812500000e+03 8.037814123630520189e+05
4.073344238281250000e+03 8.344964511394499568e+05
3.462634765625000000e+03 1.180212237596509978e+06
4.752652832031250000e+03 6.566323635578160174e+05
3.700968261718750000e+03 6.278252731561659602e+05
2.833643310546869998e+03 5.890712177753449650e+05
4.089691406250000000e+03 8.624649116992950439e+05
3.267152832031250000e+03 9.619075148105620174e+05
2.440837158203119998e+03 4.813990834355350235e+05
2.538569091796869998e+03 5.102170473337169969e+05
3.963537109375000000e+03 6.522073073387149489e+05
3.810956298828119998e+03 6.037591490745539777e+05
2.331527343750000000e+03 4.321894149184229900e+05
3.277227050781250000e+03 1.014997711896899971e+06
3.391199951171869998e+03 9.117162467241289560e+05
3.931884765625000000e+03 9.971712082624440081e+05
3.137766113281250000e+03 5.674178525209430372e+05
2.180251953125000000e+03 5.346147369146350538e+05
4.061546630859380002e+03 9.217742614746090258e+05
1.825970581054690001e+03 3.569436005949969986e+05
4.835029296875000000e+03 7.698982570171359694e+05
4.131586425781250000e+03 6.522785789966579759e+05
2.671541015625000000e+03 4.527599078416820266e+05
2.286162597656250000e+03 5.208898867368699866e+05
3.362614990234380002e+03 5.915659694671629695e+05
4.066233154296880002e+03 8.111233068704609759e+05
3.733360107421880002e+03 8.231677297353739850e+05
2.180988769531250000e+03 5.107535340785980225e+05
2.675864501953119998e+03 4.818950306177139864e+05
2.937300781250000000e+03 6.338134325742720393e+05
3.583312744140619998e+03 1.111922171592710074e+06
4.087523681640630002e+03 8.516770629882810172e+05
3.181558593750000000e+03 6.227349538803099422e+05
4.458090332031250000e+03 5.713666069507600041e+05
3.680810058593750000e+03 9.753378973007199820e+05
2.708624023437500000e+03 5.141851121187210083e+05
3.774420654296869998e+03 1.077429978609089972e+06
2.842640625000000000e+03 5.403016669750210131e+05
4.445978515625000000e+03 5.867746865749360295e+05
3.516684570312500000e+03 9.444621622562409611e+05
4.070641845703119998e+03 8.334577124118809588e+05
4.438562988281250000e+03 9.073172625303269597e+05
3.937240478515619998e+03 6.181364090442659799e+05
4.373732910156250000e+03 6.514536552429200383e+05
4.062613525390630002e+03 6.898762669563289965e+05
1.974008056640630002e+03 6.138401900529860286e+05
4.115239746093750000e+03 7.149652916193009587e+05
3.748721679687500000e+03 5.657334047555919969e+05
3.837330078125000000e+03 7.843294885158539983e+05
3.963893554687500000e+03 9.814430153369900072e+05
4.066791503906250000e+03 9.820761147737499559e+05
3.178954589843750000e+03 6.035825537443159847e+05
2.433346923828119998e+03 5.360388908386230469e+05
4.612785644531250000e+03 6.283204588890080340e+05
3.153499023437500000e+03 8.466081861257549608e+05
2.415970458984380002e+03 5.328563371896740282e+05
2.036596923828119998e+03 4.713506020307539729e+05
4.154791992187500000e+03 6.834997683763500536e+05
4.016191894531250000e+03 6.472522214651110116e+05
2.179058837890619998e+03 5.246705131530760555e+05
3.472387207031250000e+03 5.557560427188869799e+05
3.838182373046869998e+03 7.421567692756650504e+05
3.965507812500000000e+03 9.081033219099040143e+05
3.348496826171869998e+03 5.484520379304890521e+05
4.377365722656250000e+03 9.389757674932479858e+05
3.437101074218750000e+03 7.135382137298580492e+05
4.392091308593750000e+03 8.195471295118329581e+05
4.075881835937500000e+03 8.509248728752139723e+05
3.468306152343750000e+03 8.952482296228409978e+05
3.178459472656250000e+03 6.649699901342389639e+05
3.640939453125000000e+03 1.002550878286359948e+06
3.855200927734369998e+03 9.652951724529269850e+05
4.600453125000000000e+03 5.568779926300049992e+05
2.858304931640619998e+03 6.481769864559170092e+05
3.941093017578119998e+03 7.783759293556209886e+05
4.302118164062500000e+03 6.802851729393010028e+05
2.216145751953130002e+03 5.481978965997700579e+05
3.730421142578119998e+03 5.348208155632020207e+05
3.183199951171880002e+03 5.738992483615879901e+05
3.202177001953119998e+03 6.621352056264879648e+05
4.429760253906250000e+03 8.674801825284960214e+05
4.315809570312500000e+03 7.944126006364820059e+05
4.424429687500000000e+03 1.071024666786189890e+06
4.078344970703130002e+03 9.039870486259460449e+05
4.064981445312500000e+03 8.965274645090099657e+05
3.746782958984369998e+03 7.010764557123179547e+05
3.811871582031250000e+03 7.095461480617519701e+05
3.916323486328119998e+03 1.012520625829700031e+06
2.700520996093750000e+03 4.962773770689960220e+05
3.786462890625000000e+03 1.027657629489899962e+06
3.808592529296880002e+03 8.205563240051269531e+05
2.116473144531250000e+03 5.952462064027789747e+05
3.922634521484369998e+03 6.741029962301249616e+05
4.567010253906250000e+03 6.524228888750079786e+05
4.304612304687500000e+03 6.831156324148180429e+05
4.644971191406250000e+03 8.876972715854649432e+05
3.640576904296869998e+03 9.056820957660670392e+05
3.343720214843750000e+03 1.259631768941879971e+06
2.228774902343750000e+03 5.407165045738220215e+05
4.035693603515630002e+03 1.010526237726210034e+06
3.471292724609380002e+03 1.212706265687939944e+06
4.350969238281250000e+03 7.364400513172149658e+05
2.095257080078130002e+03 4.650182675123219960e+05
3.245384033203130002e+03 7.000854750871659489e+05
3.795723876953119998e+03 1.091041159629819915e+06
3.662646972656250000e+03 5.280316723585129948e+05
2.069954589843750000e+03 4.933375125527380151e+05
3.320551025390630002e+03 5.681688852310179500e+05
3.152212158203119998e+03 7.136129575967789860e+05
4.064770507812500000e+03 8.063856909275059588e+05
3.379591064453119998e+03 8.424231387376789935e+05
3.667327148437500000e+03 8.258514426946640015e+05
3.137391601562500000e+03 6.010094032287599985e+05
2.443318603515630002e+03 5.623292998075489886e+05
4.898844238281250000e+03 7.248526808023450430e+05
4.457660156250000000e+03 6.837409346103670541e+05
3.957820068359369998e+03 1.078937039136890089e+06
2.550957519531250000e+03 6.870109635591510450e+05
4.311238281250000000e+03 8.647113090753559954e+05
2.422793945312500000e+03 5.179562965631490224e+05
3.843774169921869998e+03 8.149527878761290340e+05
3.876931640625000000e+03 8.529760346412659856e+05
3.854147949218750000e+03 6.997384978532789974e+05
4.612257324218750000e+03 7.608030797243119450e+05
1.716026611328130002e+03 4.182499578595160274e+05
3.578784912109369998e+03 1.008769970059389947e+06
4.327729492187500000e+03 6.746016541719440138e+05
2.555363281250000000e+03 5.185962795019149780e+05
3.783882812500000000e+03 6.484791904687880306e+05
3.455321777343750000e+03 9.541186190843579825e+05
2.485774414062500000e+03 5.180630213022229727e+05
2.321629882812500000e+03 4.819379154443740263e+05
3.749791992187500000e+03 8.478731057643890381e+05
4.105649414062500000e+03 8.887718288898470346e+05
2.014043212890630002e+03 4.583738910555840121e+05
4.649592285156250000e+03 6.312361397743229754e+05
3.582834228515630002e+03 7.762335155010219896e+05
1.727875976562500000e+03 8.677906711101529654e+05
2.671197998046880002e+03 4.551289290189740132e+05
2.674312255859369998e+03 4.749773243069649907e+05
3.209555175781250000e+03 5.634642248153690016e+05
3.901293701171880002e+03 7.503271206617360003e+05
4.557142578125000000e+03 6.606324092149740318e+05
3.572236083984380002e+03 5.841483564376829891e+05
4.343741699218750000e+03 7.495427060127259465e+05
3.853383056640619998e+03 9.597302570343019906e+05
4.055891601562500000e+03 6.928470767736439593e+05
4.611330566406250000e+03 7.198749341964720516e+05
2.196617431640619998e+03 4.053075425624849740e+05
3.054832275390630002e+03 6.555849747657780536e+05
3.415252197265619998e+03 5.360579575300220167e+05
3.431654296875000000e+03 4.636511004567149794e+05
4.167502929687500000e+03 9.898220038414000301e+05
3.942789062500000000e+03 1.041968003749849973e+06
4.296459960937500000e+03 8.915401540994639508e+05
4.091477783203130002e+03 8.379463648796080379e+05
4.319384765625000000e+03 8.875325548648840049e+05
4.599403808593750000e+03 1.034454874515529955e+06
2.934307617187500000e+03 6.507665233612060547e+05
3.961432128906250000e+03 9.927206891775130061e+05
4.168891113281250000e+03 8.163129800558090210e+05
3.259568359375000000e+03 5.553014270067219622e+05
3.846723388671869998e+03 9.071492563486100407e+05
2.466045654296880002e+03 4.883741116523739765e+05
1.909694091796880002e+03 5.227977741956710233e+05
4.058468750000000000e+03 8.879935667514799861e+05
4.368635742187500000e+03 6.450050930976870004e+05
3.467468261718750000e+03 1.211323839187619975e+06
3.392306396484380002e+03 9.240806610584260197e+05
3.723626708984369998e+03 5.566518726348880446e+05
2.202775146484369998e+03 5.117235596179959830e+05
3.848788818359369998e+03 9.251231156587599544e+05
4.244149902343750000e+03 8.613257225751880324e+05
3.784167724609369998e+03 1.024674575567250024e+06
4.384309570312500000e+03 8.893215343952180119e+05
4.244831054687500000e+03 9.731948742866519606e+05
3.841313476562500000e+03 8.722315654754639836e+05
4.547211914062500000e+03 8.389507470130920410e+05
4.502865234375000000e+03 8.884587818384170532e+05
3.099392089843750000e+03 6.513936530351639958e+05
3.784859619140619998e+03 1.004925564646719955e+06
3.457611328125000000e+03 6.636873439550399780e+05
3.671656982421869998e+03 6.087106409072879469e+05
3.814037841796880002e+03 9.974634829759600107e+05
2.567530517578119998e+03 4.346288549304010230e+05
4.610991699218750000e+03 7.863068810701370239e+05
3.566808105468750000e+03 8.594539582729339600e+05
2.824617675781250000e+03 5.314430872201919556e+05
3.516324951171869998e+03 1.147475154876709916e+06
3.784430175781250000e+03 8.450592763423919678e+05
4.295649902343750000e+03 9.126823127269749530e+05
4.004464355468750000e+03 9.531644316911699716e+05
2.668208496093750000e+03 4.520092406272889930e+05
2.090672119140619998e+03 4.846485532522199792e+05
4.046035644531250000e+03 1.022945415496830014e+06
2.092660400390619998e+03 5.127473739385600202e+05
2.703463378906250000e+03 5.357989429235459538e+05
2.046727416992190001e+03 4.526779454350469750e+05
3.871748535156250000e+03 7.512990345954899676e+05
3.670753173828130002e+03 5.067109690904620220e+05
3.663628662109369998e+03 1.090762286424640100e+06
2.704328857421880002e+03 6.819505540132520255e+05
2.292927490234369998e+03 3.893218274712560233e+05
3.328003173828119998e+03 1.212120376110079931e+06
3.423311035156250000e+03 5.473910648822779767e+05
4.005266601562500000e+03 1.023424823999400018e+06
3.667058105468750000e+03 8.120562345981600229e+05
3.383181396484369998e+03 9.466243737936019897e+05
3.188206054687500000e+03 5.774545466899869498e+05
4.077306884765630002e+03 9.583835881948469905e+05
2.584573974609380002e+03 4.155812911391259986e+05
4.127313964843750000e+03 8.717157901525499765e+05
3.511945800781250000e+03 1.099099608421330107e+06
4.385843750000000000e+03 8.822711836099630455e+05
4.617607421875000000e+03 8.160454981327060377e+05
4.194263183593750000e+03 1.031879104614260024e+06
2.466007812500000000e+03 4.820475946068760240e+05
2.060054687500000000e+03 4.880579883456230164e+05
4.476641113281250000e+03 8.708082034587860107e+05
4.429907226562500000e+03 6.459360105991360033e+05
4.077407958984369998e+03 7.946526703834530199e+05
3.388574951171869998e+03 8.260198752880099928e+05
3.846939697265630002e+03 8.318899796009060228e+05
2.665101318359369998e+03 4.574571974277499830e+05
2.672295166015619998e+03 4.588888440132139949e+05
2.455101562500000000e+03 5.388076424598690355e+05
3.307002197265619998e+03 6.729681321382520255e+05
3.622622558593750000e+03 8.425817029476170428e+05
3.643311035156250000e+03 9.047721333503719652e+05
4.378517578125000000e+03 7.667702840566639788e+05
3.587773193359369998e+03 7.532752088308329694e+05
3.672929687500000000e+03 7.631384752988819964e+05
2.330628906250000000e+03 4.117621353864669800e+05
4.625603515625000000e+03 8.666823054552080575e+05
3.822939453125000000e+03 1.124416397809979971e+06
2.330295654296869998e+03 4.843442780971530010e+05
3.957146240234369998e+03 1.011465074300769949e+06
3.957002197265619998e+03 1.036943900108339963e+06
2.327292236328119998e+03 4.416220360994340153e+05
2.609993896484369998e+03 5.333839911222460214e+05
3.372265136718750000e+03 5.506380066871639574e+05
3.956745605468750000e+03 9.194578107595440233e+05
3.789873535156250000e+03 1.132407351732250070e+06
2.757930664062500000e+03 5.312440748214720516e+05
3.657954101562500000e+03 7.872421845197679941e+05
4.121435546875000000e+03 8.439154576063159620e+05
4.611092773437500000e+03 1.016106930375099997e+06
3.904198730468750000e+03 6.568129184246059740e+05
2.320962646484369998e+03 4.296938713192939758e+05
4.005212646484380002e+03 9.590522625446319580e+05
3.662828369140619998e+03 8.782505483627320500e+05
2.408484130859369998e+03 4.539913541674609878e+05
3.583884277343750000e+03 5.550430824756619986e+05
1.813837402343750000e+03 3.714565508365629939e+05
3.422314697265619998e+03 4.726767117381099961e+05
4.269307128906250000e+03 6.886576434373860247e+05
3.613396728515619998e+03 1.095911998748779995e+06
4.241604980468750000e+03 8.693131433725360548e+05
1.974510131835940001e+03 5.232735886573789758e+05
4.062105224609380002e+03 7.197771031856540358e+05
2.677307373046869998e+03 4.605729262828829815e+05
4.215631835937500000e+03 9.930642551183700562e+05
3.980858886718750000e+03 9.858825086355210515e+05
4.025556396484380002e+03 7.235651613473889884e+05
3.907097900390619998e+03 6.599088495969770011e+05
2.538975830078119998e+03 4.841293666362760123e+05
3.385281738281250000e+03 5.610198506116870558e+05
3.843486816406250000e+03 8.779445066452029860e+05
4.605794921875000000e+03 7.173316324949259870e+05
3.783089599609369998e+03 8.279253261089329608e+05
4.064391601562500000e+03 1.046993569374080049e+06
3.638748046875000000e+03 7.195546381473540096e+05
4.029650390625000000e+03 1.058990965127950069e+06
3.346435302734369998e+03 5.629858518838880118e+05
2.534576171875000000e+03 5.594535188674930250e+05
3.828477783203119998e+03 1.013439969301220030e+06
3.624776611328119998e+03 7.222432852983470075e+05
4.639650878906250000e+03 8.774938504695890006e+05
3.965727050781250000e+03 1.065542475223540096e+06
4.363033203125000000e+03 7.518595222234729445e+05
3.437118896484369998e+03 6.932409592866899911e+05
2.602324218750000000e+03 4.548280346989629907e+05
3.694872070312500000e+03 8.680481628179550171e+05
3.621195800781250000e+03 9.207784684896470280e+05
4.247818359375000000e+03 9.814800522327419603e+05
3.067951904296869998e+03 5.960418905019760132e+05
3.908033691406250000e+03 8.836060347557070199e+05
4.222616699218750000e+03 6.653842794895169791e+05
4.629348632812500000e+03 8.559049952030179556e+05
2.460442138671869998e+03 4.790526316165919998e+05
4.459104492187500000e+03 6.533704364299769513e+05
3.781368164062500000e+03 1.063766775369639974e+06
3.838028808593750000e+03 7.810586676597599871e+05
3.267482177734369998e+03 7.392741048336030217e+05
4.486572753906250000e+03 9.438855928182599600e+05
3.650194091796869998e+03 5.689054199457169743e+05
3.637291748046869998e+03 5.871234303712840192e+05
3.812669189453119998e+03 7.300708626508710440e+05
2.296279052734369998e+03 4.982043921351429890e+05
4.347879882812500000e+03 6.867923971414569532e+05
4.155250488281250000e+03 9.201631565093989484e+05
2.400583984375000000e+03 5.094508465528489905e+05
3.667242431640619998e+03 8.123115333318710327e+05
4.314636230468750000e+03 8.298573362827299861e+05
4.246936523437500000e+03 9.659946093559269793e+05
4.083400634765630002e+03 9.820026501417160034e+05
3.661692626953119998e+03 8.829003235101699829e+05
3.288333740234369998e+03 1.014086774826050038e+06
3.809656494140619998e+03 8.568158713579180185e+05
4.396241699218750000e+03 5.785367184877400286e+05
3.874137939453119998e+03 6.905563935041429941e+05
3.408428466796880002e+03 1.164111665487289894e+06
2.558551513671869998e+03 5.426808001995090162e+05
2.906611572265619998e+03 4.702793646454809932e+05
4.375452148437500000e+03 7.537647293806079542e+05
4.435889160156250000e+03 6.765555940866470337e+05
3.361060302734369998e+03 1.066009700536730001e+06
3.433842773437500000e+03 5.556278755664830096e+05
3.193444580078119998e+03 8.163611645698549692e+05
2.304398681640619998e+03 3.915117557644839981e+05
3.686025146484380002e+03 1.072084116935729980e+06
2.299389892578119998e+03 4.217048971652989858e+05
3.998825439453119998e+03 1.035030530214310042e+06
3.848007812500000000e+03 5.813936154842380201e+05
4.074758789062500000e+03 9.384553625583649846e+05
2.196115234375000000e+03 4.149066470265390235e+05
2.671532958984369998e+03 4.956686135530470056e+05
4.563219726562500000e+03 6.115408567190170288e+05
2.562344238281250000e+03 4.342318961620330228e+05
4.351196289062500000e+03 7.579789555072779767e+05
2.839218994140630002e+03 6.122630152702330379e+05
3.537894775390630002e+03 1.120357811927800067e+06
3.341862304687500000e+03 5.526855134963990422e+05
3.590330078125000000e+03 7.641818436384199886e+05
2.328189208984380002e+03 4.381686806082730182e+05
4.604793457031250000e+03 6.955313379764560377e+05
2.583825439453119998e+03 5.769717878103259718e+05
4.516074707031250000e+03 9.205348656177519588e+05
3.768176025390630002e+03 1.064928320646289969e+06
4.360624511718750000e+03 6.063589807748789899e+05
3.504360595703130002e+03 1.123267766714100027e+06
2.144978027343750000e+03 4.661612334251399734e+05
3.372027832031250000e+03 5.928414275646209717e+05
4.436977539062500000e+03 8.600350354909900343e+05
2.646642822265619998e+03 4.942904207110410207e+05
2.406728271484380002e+03 5.548088606595989550e+05
4.075199951171880002e+03 8.488092011213300284e+05
3.362654296875000000e+03 6.572444469928740291e+05
4.456145019531250000e+03 6.733285108804700430e+05
4.699414062500000000e+03 6.646807003021240234e+05
4.200539062500000000e+03 9.940485959053039551e+05
3.613730224609369998e+03 1.060114133358000079e+06
3.957681152343750000e+03 1.085032166957860114e+06
4.048891845703119998e+03 1.088929325580599951e+06
4.064758056640630002e+03 9.073042265176769579e+05
3.667649414062500000e+03 5.443801723718639696e+05
4.066140625000000000e+03 6.858565454483029898e+05
4.413323730468750000e+03 8.423982850313190138e+05
4.206025878906250000e+03 9.116436349153519841e+05
2.834463378906250000e+03 6.017067080736160278e+05
3.739307617187500000e+03 6.069347583055499708e+05
2.333515869140619998e+03 4.660126898884769762e+05
2.280539062500000000e+03 5.593079906702040462e+05
4.456144042968750000e+03 9.154405868053439772e+05
4.603949218750000000e+03 6.467041606903079664e+05
3.264617675781250000e+03 5.394655956029889639e+05
2.323631347656250000e+03 4.441996030211449834e+05
3.805301757812500000e+03 5.934665470123289851e+05
2.278704345703119998e+03 5.908795076608660165e+05
2.297731201171869998e+03 4.749317287206649780e+05
2.334054687500000000e+03 4.667930231690409710e+05
2.095174804687500000e+03 4.974191551208500168e+05
2.182166992187500000e+03 5.500820268392560538e+05
4.161996093750000000e+03 8.861159545183179434e+05
3.714734863281250000e+03 7.240462754964829655e+05
4.604376953125000000e+03 7.470790214538569562e+05
2.672412597656250000e+03 4.589214645028110244e+05
2.647345458984369998e+03 4.559183083176609944e+05
3.723226318359369998e+03 6.973907972574230516e+05
4.621381835937500000e+03 7.048163902759549674e+05
3.769317871093750000e+03 6.678224402666089591e+05
4.344339843750000000e+03 8.062025166749949567e+05
2.594824707031250000e+03 4.154372249245640123e+05
2.960901367187500000e+03 4.400214695930479793e+05
2.464948974609380002e+03 5.092938052415850107e+05
2.494559570312500000e+03 4.137059327960010269e+05
3.643591796875000000e+03 8.080235989093780518e+05
3.388982910156250000e+03 8.977743530273439828e+05
3.647579833984369998e+03 7.904956443309780443e+05
4.156322753906250000e+03 5.583200558423999464e+05
4.319742675781250000e+03 8.389765753746030387e+05
3.285793701171880002e+03 5.584832496643069899e+05
4.295506347656250000e+03 9.146012868881230243e+05
4.056951904296880002e+03 8.346603759527209913e+05
2.261401123046880002e+03 4.130897070765499957e+05
4.926413085937500000e+03 8.097975322008129442e+05
2.825525878906250000e+03 5.207105501890180167e+05
3.485773437500000000e+03 6.391150692701339722e+05
3.110772949218750000e+03 5.776086640357970027e+05
4.375361328125000000e+03 9.025000903606419452e+05
4.126147949218750000e+03 5.737985543012620183e+05
3.888020507812500000e+03 6.978254934549330501e+05
4.506712402343750000e+03 9.742838686704640277e+05
3.575962646484369998e+03 8.046010973453520564e+05
3.828254638671880002e+03 7.425381640195850050e+05
3.059978027343750000e+03 6.053784167766569881e+05
2.595070800781250000e+03 4.020551792383189895e+05
4.069865722656250000e+03 6.798324456214909442e+05
4.365772460937500000e+03 9.161434959173200186e+05
4.338536621093750000e+03 7.959356211423870409e+05
4.319500488281250000e+03 7.711712784767149715e+05
3.833055419921869998e+03 8.875620381832120474e+05
1.711660888671880002e+03 4.105197546482090256e+05
4.318369628906250000e+03 7.765520449876789935e+05
4.070886474609380002e+03 9.440329484939579852e+05
4.157215820312500000e+03 1.011450637221339974e+06
3.363937255859369998e+03 4.686321060657500057e+05
3.090270019531250000e+03 5.076837663054469740e+05
1.716155273437500000e+03 3.597072352766990080e+05
4.070348144531250000e+03 8.591300072669980582e+05
3.305313720703130002e+03 1.003231553077699966e+06
4.189777343750000000e+03 6.464132261276249774e+05
3.160404785156250000e+03 5.689235119819639949e+05
3.798058837890619998e+03 1.033860456705090008e+06
4.192943847656250000e+03 7.604095627069469774e+05
3.556903564453119998e+03 5.952443789243700448e+05
1.958610473632809999e+03 3.953706591725350008e+05
3.174215332031250000e+03 6.996853791475299513e+05
2.311275390625000000e+03 4.469877563714979915e+05
4.067927734375000000e+03 8.049943706989289494e+05
2.667097900390630002e+03 4.707366911172869732e+05
4.314363281250000000e+03 9.169389972686769906e+05
2.091584472656250000e+03 5.361565804481509840e+05
3.782913818359380002e+03 1.022166422367100022e+06
4.386461914062500000e+03 8.179247550964360125e+05
2.417676513671869998e+03 5.391992101669310359e+05
3.682550048828119998e+03 6.964858908653260441e+05
4.726707031250000000e+03 5.332782410383219831e+05
4.116022460937500000e+03 5.453751125335689867e+05
3.479896972656250000e+03 1.110008801698680036e+06
3.649285888671869998e+03 5.319306584596630419e+05
3.878334228515619998e+03 8.572650046348569449e+05
2.413174316406250000e+03 5.346961815357210580e+05
1.667008911132809999e+03 3.898173786997799762e+05
2.294725830078119998e+03 4.801478394269939745e+05
3.715694091796869998e+03 9.334748138189320453e+05
4.736302246093750000e+03 7.770718407630920410e+05
4.347811523437500000e+03 6.446611616611479549e+05
3.763215576171869998e+03 7.636009491682050284e+05
3.422562988281250000e+03 5.828702180385589600e+05
3.670088378906250000e+03 5.234275232553479727e+05
3.705645019531250000e+03 9.996084553003309993e+05
3.596978271484369998e+03 7.446524347066880437e+05
3.144360107421880002e+03 5.380755546092990553e+05
4.371240234375000000e+03 6.536006377935409546e+05
3.836776367187500000e+03 8.045388412475589430e+05
3.682374755859369998e+03 6.166521310806269757e+05
3.364927978515630002e+03 7.536856604814529419e+05
3.846576171875000000e+03 1.074375165700909914e+06
4.659153808593750000e+03 8.704121888875960140e+05
1.975012329101559999e+03 5.455114424228670541e+05
4.210626953125000000e+03 9.686881297826770460e+05
4.605536621093750000e+03 7.325778584480290301e+05
2.238320068359369998e+03 5.202851132154469960e+05
3.174718261718750000e+03 5.401426154375079786e+05
4.429973144531250000e+03 8.698604731559749926e+05
1.955750854492190001e+03 6.429552105665210402e+05
3.171958984375000000e+03 5.446632487773899920e+05
4.215593750000000000e+03 9.705212733745579608e+05
3.703905029296869998e+03 6.710392895936969435e+05
4.000056884765630002e+03 9.973412246704100398e+05
3.848174072265619998e+03 7.138797694444659865e+05
3.835488037109369998e+03 8.603183555603029672e+05
3.208965332031250000e+03 5.333809453248979989e+05
3.397837158203119998e+03 5.451095799207689706e+05
3.956436767578130002e+03 1.022407771348949987e+06
3.715850097656250000e+03 9.329997912645339966e+05
3.343144775390630002e+03 4.259430632591249887e+05
4.608061523437500000e+03 6.459882155656820396e+05
3.428838378906250000e+03 8.766824500560760498e+05
4.161749023437500000e+03 9.250474580526349600e+05
2.499854492187500000e+03 6.644419097900389461e+05
3.335840332031250000e+03 6.307497868537900504e+05
3.779875244140630002e+03 1.051822132825850043e+06
4.070890136718750000e+03 8.001899299621579703e+05
4.357927734375000000e+03 8.627138751745229820e+05
3.519578369140619998e+03 1.178317751646040007e+06
2.578589111328119998e+03 4.753192455172539921e+05
3.821044433593750000e+03 8.792605956792830257e+05
3.390181884765619998e+03 9.425837581157690147e+05
4.097164550781250000e+03 7.893409216403960017e+05
4.054575195312500000e+03 4.826655259728429955e+05
2.226399414062500000e+03 6.141144945621490479e+05
3.343511474609369998e+03 7.645273588895800058e+05
4.581798339843750000e+03 8.743560091257099994e+05
3.816897949218750000e+03 8.101215441226960393e+05
2.551158447265619998e+03 4.071155887842180091e+05
2.334957519531250000e+03 4.364413784742360003e+05
1.975012573242190001e+03 4.582871467471119831e+05
3.792669677734369998e+03 5.991810110807419987e+05
4.075524169921880002e+03 9.550285815000530565e+05
4.217938476562500000e+03 6.774272403717039851e+05
3.836887695312500000e+03 8.636868855953220045e+05
3.640921142578119998e+03 7.882346880435940111e+05
2.545568115234380002e+03 4.627094312906269915e+05
4.427452636718750000e+03 9.346616392135620117e+05
4.496805664062500000e+03 9.636436192989350529e+05
3.725846435546869998e+03 9.082067571878429735e+05
2.265368408203130002e+03 4.630028024911879911e+05
2.539772705078119998e+03 4.456971606612210162e+05
2.285812988281250000e+03 4.990220973491669865e+05
4.159549316406250000e+03 8.886744242906570435e+05
2.684864257812500000e+03 4.974275919795039808e+05
4.783907714843750000e+03 6.283087021112439688e+05
2.300950683593750000e+03 4.994637379646300105e+05
4.445544433593750000e+03 5.720273013114930363e+05
2.543360351562500000e+03 4.448796686530109728e+05
3.173711669921869998e+03 7.236578145027159480e+05
3.457413574218750000e+03 8.744473221302030142e+05
4.397301269531250000e+03 7.643912726640700130e+05
2.062505859375000000e+03 4.490070895552639849e+05
3.517370361328119998e+03 1.082798257350920001e+06
4.165009765625000000e+03 8.809917659759520320e+05
3.807219726562500000e+03 7.342463462352750357e+05
2.328744628906250000e+03 4.928215849399570143e+05
2.465937011718750000e+03 5.183016290664669941e+05
3.962761962890619998e+03 1.010867488861080026e+06
3.961292236328119998e+03 1.052171424865720095e+06
4.258003417968750000e+03 9.080603152513500536e+05
4.473881347656250000e+03 6.971127159595489502e+05
3.450158935546880002e+03 1.027742546319960034e+06
3.985298828125000000e+03 7.051465547084809514e+05
4.319746582031250000e+03 8.035126512050629826e+05
4.395495605468750000e+03 6.083565365076069720e+05
3.678710205078119998e+03 1.182917027473449940e+06
2.261930664062500000e+03 4.679676044583320036e+05
2.154208740234369998e+03 5.588932139873499982e+05
3.889615234375000000e+03 1.064024937152859988e+06
2.401581787109380002e+03 5.275235115289690439e+05
4.281570312500000000e+03 5.760157120227810228e+05
3.364958984375000000e+03 6.283744304180149920e+05
4.204832519531250000e+03 9.788581689596179640e+05
3.633483154296869998e+03 9.054495186805729754e+05
3.715609130859369998e+03 8.606282958984379657e+05
4.339987304687500000e+03 9.195052033662799513e+05
3.283064697265630002e+03 6.006118048429490300e+05
4.943857421875000000e+03 5.670252492427829420e+05
3.593357910156250000e+03 8.679809725284579908e+05
4.582452636718750000e+03 7.398352016210559523e+05
3.662143066406250000e+03 7.856507554054260254e+05
4.444352050781250000e+03 9.079213050603870070e+05
4.376852539062500000e+03 9.158645617961880052e+05
3.518732666015619998e+03 7.903924527168270433e+05
3.574959472656250000e+03 7.915209815502170241e+05
3.701353271484369998e+03 6.598014547824859619e+05
3.619738281250000000e+03 1.043859565734860022e+06
3.645046630859380002e+03 7.938893935680390568e+05
4.064584716796880002e+03 6.494472057819369948e+05
4.040684326171880002e+03 1.020762431621550000e+06
4.067767333984380002e+03 7.944623080492019653e+05
2.169655761718750000e+03 6.043922485113140428e+05
4.226624511718750000e+03 6.173105715513230534e+05
4.410574218750000000e+03 8.856205860376360361e+05
2.070207763671869998e+03 4.775256515741350013e+05
2.591808837890630002e+03 4.009107513427729718e+05
4.374176269531250000e+03 6.441358834505080013e+05
3.306050292968750000e+03 1.007068648576739943e+06
3.554710449218750000e+03 5.155024803876879741e+05
2.518932617187500000e+03 4.268926819562910241e+05
4.116859375000000000e+03 6.278424514532090398e+05
3.190207031250000000e+03 5.417496999502179679e+05
3.925015136718750000e+03 1.035785522460939945e+06
4.899906738281250000e+03 7.250004628896709764e+05
2.535160888671869998e+03 4.676710960865020170e+05
3.970946533203119998e+03 5.747257559299470158e+05
2.587314208984369998e+03 4.785881475210189819e+05
4.383171386718750000e+03 9.849892981052399846e+05
3.827203613281250000e+03 9.777699664831160335e+05
4.823929199218750000e+03 6.082566343545910204e+05
3.425569824218750000e+03 6.566852385997769888e+05
2.066357666015619998e+03 4.841433163881300134e+05
3.670971923828119998e+03 8.684540457725529559e+05
2.652716064453119998e+03 5.265565927028659498e+05
3.430550781250000000e+03 8.077400351762770442e+05
3.389520019531250000e+03 9.309946210384370061e+05
3.967198242187500000e+03 1.033969983577730018e+06
4.126511230468750000e+03 5.891826939582830528e+05
4.155532226562500000e+03 6.557163704633710440e+05
2.643997558593750000e+03 5.117568806409839890e+05
2.446389648437500000e+03 5.006822701096539968e+05
3.853517333984369998e+03 8.033646863698960515e+05
2.198725585937500000e+03 4.474734696745870169e+05
2.359927246093750000e+03 5.491039603948589647e+05
4.164468750000000000e+03 1.037445482015609974e+06
4.540641113281250000e+03 8.420890756845469587e+05
4.022814453125000000e+03 8.011212129592900164e+05
3.116505371093750000e+03 7.492983721494670026e+05
3.655649902343750000e+03 5.752498158216479933e+05
3.269316894531250000e+03 5.756434546709059505e+05
3.700413574218750000e+03 4.979020358324049739e+05
2.610954101562500000e+03 5.189799890518190223e+05
4.329180664062500000e+03 7.588008334636690561e+05
3.411928222656250000e+03 5.839417904615399893e+05
4.362671386718750000e+03 6.857192409038540209e+05
4.348009277343750000e+03 6.652443555593489436e+05
3.365537597656250000e+03 7.828106102943420410e+05
2.392339111328130002e+03 4.161985828876500018e+05
3.599292968750000000e+03 5.247555518150329590e+05
2.580441650390619998e+03 4.046614984869959881e+05
4.367518066406250000e+03 8.737393569946290227e+05
4.172297363281250000e+03 6.841392030715940055e+05
3.397313720703130002e+03 8.996703618764879648e+05
3.359431640625000000e+03 9.595445243120189989e+05
3.582991943359369998e+03 5.629747042655940168e+05
2.843696533203130002e+03 5.015788310170170153e+05
3.047617187500000000e+03 5.775357476472849958e+05
4.388157714843750000e+03 9.454738543033599854e+05
3.193208251953119998e+03 4.209333662390710087e+05
4.060239990234369998e+03 8.220618007183079608e+05
1.974509887695309999e+03 4.759719598889349727e+05
3.639004638671869998e+03 9.964086624383929884e+05
4.349666503906250000e+03 9.813583421707149828e+05
3.860496826171869998e+03 8.137160723209379939e+05
4.128171386718750000e+03 9.004376591444020160e+05
3.962761230468750000e+03 1.134562314271929907e+06
3.563982666015619998e+03 5.272985489368439885e+05
2.197990478515619998e+03 5.385736643075939501e+05
1.711408935546880002e+03 3.988628181219099788e+05
3.842210937500000000e+03 8.925572067499159602e+05
3.272895507812500000e+03 5.772147815227509709e+05
3.348421875000000000e+03 5.800241031646729680e+05
2.422739746093750000e+03 5.431977329254150391e+05
3.845549316406250000e+03 8.575270650386810303e+05
3.845485107421869998e+03 9.227280224561690120e+05
5.061255371093750000e+03 6.980120790004730225e+05
4.388947265625000000e+03 8.929710696935650194e+05
4.859120605468750000e+03 6.617147637605669443e+05
4.209987304687500000e+03 6.629650635719300481e+05
3.393072509765619998e+03 1.224991306543349987e+06
3.997895751953119998e+03 6.508369421958919847e+05
4.448979492187500000e+03 7.051355898380279541e+05
3.786142578125000000e+03 6.523681254386899527e+05
4.512044433593750000e+03 8.586627819538119948e+05
3.927689941406250000e+03 9.160961033105850220e+05
3.636792236328119998e+03 9.771981484889979474e+05
4.064536621093750000e+03 8.070837876796720084e+05
3.930316894531250000e+03 9.016889945268629817e+05
2.304285400390619998e+03 5.189463025331500103e+05
4.066808593750000000e+03 8.698992766141890315e+05
3.844500732421869998e+03 8.835086301565170288e+05
2.833126464843750000e+03 4.712711371779440087e+05
4.062687744140630002e+03 7.647007256746289786e+05
4.699190429687500000e+03 6.721641025543210562e+05
2.490414794921869998e+03 4.891062299609180191e+05
3.613734863281250000e+03 1.189302237033840036e+06
4.186695312500000000e+03 7.715880653858189471e+05
3.678479492187500000e+03 1.186507047891620081e+06
2.826630371093750000e+03 8.345557223558430560e+05
3.317938232421869998e+03 7.930434538125989493e+05
3.998642822265630002e+03 1.081370874881739961e+06
3.982387451171869998e+03 9.808713800907139666e+05
3.170353515625000000e+03 5.850128146409989567e+05
2.267001220703130002e+03 7.067465729713439941e+05
2.082186523437500000e+03 4.568925370573999826e+05
4.449720214843750000e+03 8.848362323045729427e+05
4.115152832031250000e+03 9.031652925014500506e+05
4.290012695312500000e+03 6.299329649209979689e+05
4.316635253906250000e+03 7.005548933744430542e+05
3.864685058593750000e+03 6.961260603666310199e+05
3.210436035156250000e+03 4.964157171845440171e+05
1.819682495117190001e+03 3.751857641935350257e+05
3.104269287109369998e+03 5.620567009449009784e+05
4.482029296875000000e+03 9.008164954185490496e+05
4.588486328125000000e+03 7.762079917192460271e+05
4.062439208984380002e+03 9.202078688144680345e+05
4.326411132812500000e+03 7.732844526767729549e+05
4.009082519531250000e+03 1.007766684412959963e+06
2.097673095703119998e+03 5.599510803222659742e+05
4.287742187500000000e+03 8.114188710451129591e+05
4.590875000000000000e+03 4.741749455451969989e+06
3.835459228515619998e+03 9.733331534862519475e+05
3.668095947265630002e+03 7.839732520580289420e+05
2.163642333984369998e+03 4.851928676962850150e+05
3.852541259765619998e+03 8.346340602636339609e+05
4.368034667968750000e+03 8.589210046529769897e+05
4.739220703125000000e+03 6.476024881601330126e+05
4.105132812500000000e+03 7.893987917900090106e+05
4.067643310546880002e+03 9.240117042064670241e+05
4.581257812500000000e+03 6.894561905860899715e+05
2.195614501953119998e+03 4.988141912221909733e+05
2.944669677734369998e+03 4.448288038372989977e+05
2.061849365234369998e+03 4.676948228478429955e+05
4.583318847656250000e+03 8.700307941436769906e+05
3.183453857421869998e+03 5.268160337209700374e+05
3.458425537109369998e+03 9.387377079725270160e+05
4.237208496093750000e+03 1.027164819478990044e+06
2.300729980468750000e+03 4.290725895762440050e+05
3.460035888671880002e+03 9.472502242326739943e+05
4.743118652343750000e+03 7.612565989494320238e+05
1.819976562500000000e+03 3.683204760551449726e+05
2.581195312500000000e+03 4.249311275482180063e+05
3.469385009765630002e+03 7.439571400880810106e+05
4.073082275390630002e+03 9.153972755670549814e+05
4.331535644531250000e+03 6.743099886178970337e+05
2.563434082031250000e+03 3.989687509536740254e+05
3.431701416015619998e+03 7.249194446802140446e+05
2.260670166015619998e+03 3.971702989935870282e+05
2.071259033203119998e+03 5.294419374465940055e+05
2.845667724609369998e+03 6.146875308752059937e+05
2.361573730468750000e+03 4.063585558533670264e+05
3.812556884765630002e+03 6.268112663030619733e+05
2.327408935546869998e+03 4.577128616571429884e+05
2.223524902343750000e+03 5.625861214399340097e+05
3.908534179687500000e+03 8.653109047412869986e+05
4.325616699218750000e+03 8.533823440074919490e+05
2.297929687500000000e+03 3.976243969202039880e+05
4.004304931640630002e+03 1.020867755293849972e+06
2.401880371093750000e+03 4.799287856817250140e+05
3.785041748046880002e+03 1.044339948892590008e+06
2.494240722656250000e+03 4.715837882757189800e+05
3.569749755859369998e+03 8.957662588357930072e+05
3.619228515625000000e+03 1.095528837442399934e+06
2.312945312500000000e+03 4.858977261185650132e+05
3.938359130859380002e+03 6.819950835704799974e+05
3.348023437500000000e+03 5.535126302242280217e+05
4.756606933593750000e+03 8.980505459308619611e+05
3.843119384765619998e+03 7.308442515134810237e+05
2.588101074218750000e+03 5.564177117347719613e+05
2.534165283203130002e+03 4.974805583953859750e+05
3.525988769531250000e+03 1.101438415288930060e+06
3.718039550781250000e+03 7.893085752725600032e+05
4.196216308593750000e+03 5.822609367370610125e+05
3.845438720703119998e+03 9.008489027023320086e+05
4.070880371093750000e+03 7.539963927268979605e+05
3.717542236328119998e+03 6.882524914741519606e+05
2.261933349609380002e+03 4.673599069714550278e+05
4.164350585937500000e+03 9.480694828033449594e+05
3.961778564453119998e+03 1.023127554178240011e+06
4.385254394531250000e+03 7.125179325342179509e+05
4.066763183593750000e+03 8.387338253259659978e+05
2.278734863281250000e+03 5.817500956058499869e+05
4.506573730468750000e+03 9.719278835058209952e+05
4.633394531250000000e+03 6.989931912422180176e+05
3.682476074218750000e+03 6.710915554761890089e+05
3.565614013671869998e+03 5.474151266813280527e+05
3.605707275390630002e+03 9.485922025442119921e+05
4.312304687500000000e+03 7.835899080038069515e+05
3.287394287109369998e+03 9.521284341812130297e+05
3.964070312500000000e+03 1.027010823965069954e+06
4.393952148437500000e+03 8.657797138690949650e+05
4.473834472656250000e+03 6.832787044048310490e+05
3.649753173828119998e+03 6.013055765628820518e+05
2.186992187500000000e+03 5.421579586267470149e+05
2.598071777343750000e+03 4.243070436716079712e+05
3.860792968750000000e+03 9.660837903022769606e+05
4.030605468750000000e+03 1.078791450023649959e+06
2.779725585937500000e+03 5.178978172540660016e+05
3.509017822265619998e+03 1.067321586370470002e+06
4.111628906250000000e+03 7.951018036603929941e+05
3.729065185546869998e+03 5.288464840650559636e+05
3.779677001953130002e+03 1.121351351022720104e+06
3.841873779296880002e+03 8.514941323995590210e+05
4.609726074218750000e+03 6.904387648105620174e+05
2.951418457031250000e+03 6.336703410148619441e+05
2.974826660156250000e+03 5.869562770128250122e+05
4.172095214843750000e+03 7.421677950620650081e+05
4.632673828125000000e+03 9.914808669090269832e+05
4.058825683593750000e+03 8.143869396448140033e+05
2.426165283203119998e+03 5.077551293373110238e+05
2.791275878906250000e+03 4.831345787644389784e+05
3.425046142578119998e+03 7.472794349193569506e+05
4.547199218750000000e+03 8.147989141941070557e+05
4.210764160156250000e+03 9.599234824180599535e+05
3.123677490234380002e+03 5.130535984039310133e+05
2.302617431640630002e+03 4.283580759763719980e+05
2.403922119140619998e+03 5.628938078880310059e+05
2.218345458984380002e+03 4.457866461873049848e+05
3.491001220703119998e+03 1.131161498785020085e+06
3.857476318359369998e+03 1.069387002468110062e+06
2.183712890625000000e+03 5.773265622854230460e+05
3.772615234375000000e+03 1.044033419847490033e+06
3.918352050781250000e+03 8.273040443658829900e+05
2.570665771484369998e+03 4.499461088776590186e+05
2.332512451171869998e+03 5.831002366542819655e+05
3.526697509765619998e+03 5.432905079126360361e+05
3.373114990234369998e+03 6.458909327983859694e+05
4.069408935546880002e+03 8.387869440317150438e+05
2.441955566406250000e+03 6.333845233917239821e+05
2.392441894531250000e+03 4.022253783941270085e+05
4.166593750000000000e+03 9.382105413675310556e+05
2.287555664062500000e+03 4.228998243808749830e+05
2.667100097656250000e+03 5.155630308389660204e+05
3.607992431640619998e+03 8.728593043088909471e+05
3.839134765625000000e+03 8.042322512865070021e+05
4.349514160156250000e+03 8.937772313356399536e+05
3.540034912109369998e+03 7.350725492238999577e+05
3.179447753906250000e+03 6.990488075017930241e+05
3.764525878906250000e+03 8.671566579341889592e+05
4.063167724609380002e+03 9.928305815458300058e+05
5.375264648437500000e+03 7.927999727725980338e+05
2.211362304687500000e+03 6.863408272266390268e+05
4.061230712890630002e+03 7.902582548856739886e+05
3.700358154296869998e+03 6.457553339004520094e+05
3.809439697265619998e+03 5.548716650009159930e+05
4.074222900390630002e+03 7.702859870195389958e+05
3.641723388671869998e+03 8.537586827278139535e+05
3.470996582031250000e+03 1.197676230430600001e+06
4.369800781250000000e+03 5.958378220796589740e+05
4.063278076171880002e+03 7.635420434474949725e+05
3.957955078125000000e+03 1.022818832159040030e+06
3.562928466796869998e+03 1.019900592803959968e+06
3.671664550781250000e+03 4.823368235230449936e+05
3.182938964843750000e+03 5.997565449476239737e+05
3.464544189453119998e+03 1.149758406400680076e+06
4.070343994140630002e+03 7.872886024713519728e+05
2.584693115234369998e+03 4.762472085952759953e+05
2.807708007812500000e+03 5.160088746547700139e+05
4.091430908203130002e+03 1.005413379549980047e+06
4.155663574218750000e+03 1.081699699163439916e+06
4.060936035156250000e+03 8.660773491859439528e+05
3.172135742187500000e+03 6.759063519239430316e+05
2.317449218750000000e+03 4.264886873960500234e+05
2.589700439453119998e+03 4.113312768936160137e+05
2.031499511718750000e+03 4.818663087487220182e+05
4.112546875000000000e+03 8.780812020301820012e+05
4.448979492187500000e+03 9.276906009912489681e+05
2.676528564453119998e+03 5.412720580101009691e+05
3.351019775390619998e+03 6.649233894348139875e+05
3.843496093750000000e+03 9.081646642684940016e+05
4.397034179687500000e+03 9.219023067951200064e+05
2.062394287109369998e+03 4.458247186541560222e+05
1.974512451171880002e+03 4.408801407814029953e+05
3.786366943359380002e+03 1.060952093124390114e+06
4.097979980468750000e+03 6.971841703653340228e+05
4.445721191406250000e+03 9.720012263059619581e+05
4.339675292968750000e+03 9.037915084362030029e+05
4.523309570312500000e+03 6.611921049356460571e+05
3.841796142578119998e+03 8.063645530939099845e+05
3.648788818359369998e+03 8.792896525859830435e+05
3.471979248046880002e+03 7.530877704620360164e+05
4.414591308593750000e+03 7.960295535326000536e+05
3.969185546875000000e+03 1.054683598518369952e+06
4.080904296875000000e+03 7.608487057685849722e+05
3.848447753906250000e+03 8.341367424726489699e+05
3.710748779296880002e+03 1.061852430820469977e+06
3.662108398437500000e+03 9.005155706405639648e+05
2.699348144531250000e+03 4.892985111474990263e+05
2.598688232421880002e+03 3.897048060297970078e+05
3.717041748046880002e+03 7.427356535196310142e+05
1.975009277343750000e+03 4.008509014248850290e+05
3.622142089843750000e+03 1.119291295528410003e+06
3.869353759765619998e+03 8.543507857322690543e+05
2.260777832031250000e+03 3.965867546796799870e+05
3.817724609375000000e+03 1.082673501491549890e+06
3.690724609375000000e+03 1.072976901054379996e+06
4.422988769531250000e+03 8.560567368268970167e+05
2.673972900390630002e+03 4.962376294136050274e+05
3.369836914062500000e+03 5.793604848384859506e+05
3.996453613281250000e+03 1.040372736930849962e+06
2.538967773437500000e+03 5.012246961593630258e+05
3.768852539062500000e+03 8.594837461709979689e+05
3.649258300781250000e+03 9.564015660285949707e+05
3.090428955078130002e+03 5.050429686307910015e+05
3.172960693359369998e+03 8.512031978368760319e+05
2.265264648437500000e+03 4.751762757897379925e+05
3.849165771484380002e+03 9.035325547456740169e+05
3.394573730468750000e+03 5.470993993282320444e+05
3.636743408203130002e+03 8.135443502664569532e+05
3.858396240234369998e+03 7.433664990663529607e+05
3.742181396484369998e+03 6.517917996644970262e+05
4.772395019531250000e+03 8.243828201293949969e+05
2.279199218750000000e+03 4.878241929411889869e+05
4.337989257812500000e+03 7.994070382118229754e+05
3.708430175781250000e+03 5.953959378004069440e+05
3.048181152343750000e+03 5.394102230072020320e+05
4.318042480468750000e+03 9.410283303260799730e+05
3.622672607421880002e+03 8.826702439785000170e+05
4.123634765625000000e+03 8.090189045667649480e+05
2.679323974609369998e+03 5.168225898742679856e+05
2.389086181640619998e+03 5.729390912055970402e+05
3.680172363281250000e+03 5.664606193304059561e+05
3.896929199218750000e+03 6.344202163219449576e+05
2.613400146484369998e+03 5.031337410211560200e+05
4.784418457031250000e+03 6.400394078493119450e+05
2.659694335937500000e+03 4.988255520462989807e+05
2.349947265625000000e+03 4.100990691184999887e+05
3.351909912109380002e+03 8.821837083101270255e+05
2.206248535156250000e+03 5.457657055854799692e+05
2.421720214843750000e+03 5.363927515745159471e+05
3.834733398437500000e+03 7.400177667140959529e+05
3.606387207031250000e+03 8.577428902387620183e+05
2.192448242187500000e+03 5.348612637519839918e+05
3.464589111328119998e+03 1.175627947092060000e+06
3.853583007812500000e+03 8.899782083034520037e+05
3.591723144531250000e+03 1.146474427700039931e+06
2.314877929687500000e+03 5.529472084045410156e+05
4.087040527343750000e+03 8.807130146026610164e+05
1.957753051757809999e+03 3.879055621623990010e+05
4.076554199218750000e+03 8.190898944139479427e+05
3.773675537109369998e+03 1.010946192264560028e+06
3.122959716796869998e+03 5.419130765199660091e+05
4.383108886718750000e+03 9.580671907663349994e+05
3.660853759765619998e+03 6.157217618227009661e+05
3.655411132812500000e+03 1.048748070478440030e+06
2.671968505859369998e+03 4.539066505432130070e+05
3.633427734375000000e+03 9.151383827924729558e+05
3.577744140625000000e+03 7.089174345731739886e+05
4.322621093750000000e+03 8.352786118984220084e+05
2.831878906250000000e+03 5.691200268268589862e+05
3.584675048828119998e+03 8.789884841442110483e+05
4.378146972656250000e+03 8.496833449602130568e+05
3.619480712890619998e+03 1.089442237853999948e+06
2.584714843750000000e+03 4.910429306626319885e+05
3.600449951171869998e+03 5.636591558456419734e+05
4.126288085937500000e+03 9.798535355329510057e+05
3.456404541015630002e+03 9.159187160730359610e+05
4.325366210937500000e+03 7.661890850067139836e+05
3.553887939453119998e+03 5.124409667253490188e+05
3.376468017578130002e+03 9.345479700565340463e+05
3.649544189453119998e+03 9.302597310543060303e+05
3.837497802734369998e+03 8.517872599363330519e+05
3.842564941406250000e+03 8.839616011381150456e+05
3.718170166015619998e+03 5.697394201755520189e+05
2.778754882812500000e+03 5.208477329015730065e+05
4.177018066406250000e+03 5.048040867447850178e+05
4.624041015625000000e+03 8.243683830499650212e+05
4.445307617187500000e+03 5.739682661294939462e+05
4.231658203125000000e+03 6.658079499006270198e+05
3.961344238281250000e+03 1.058307366371149896e+06
4.310996582031250000e+03 7.696253535747530404e+05
4.384263671875000000e+03 7.252326744794850238e+05
1.717406982421880002e+03 3.747147925496100215e+05
4.484126464843750000e+03 9.579776443243030226e+05
4.394734863281250000e+03 9.841019355058670044e+05
4.158154785156250000e+03 9.704040710926060565e+05
4.260626953125000000e+03 9.050664792060849722e+05
2.099964111328119998e+03 5.344809045791629469e+05
2.401464843750000000e+03 5.483092509508129442e+05
4.363837890625000000e+03 6.331013251543040387e+05
4.319555175781250000e+03 7.755581403970719548e+05
4.064405273437500000e+03 6.830164612531659659e+05
2.840816894531250000e+03 4.968779778480529785e+05
3.106890136718750000e+03 6.694060721397399902e+05
1.723768920898440001e+03 4.204294390678409836e+05
4.081884521484380002e+03 9.341212538480759831e+05
4.153025390625000000e+03 7.293512625694279559e+05
2.261236083984369998e+03 4.137250604033470154e+05
2.195612304687500000e+03 5.914043594598770142e+05
3.800910156250000000e+03 7.410724045038219774e+05
1.825255249023440001e+03 3.779044429063799907e+05
3.892071044921880002e+03 4.832120333909990150e+05
4.376640625000000000e+03 9.007831743955609854e+05
4.158385253906250000e+03 6.866430921554570086e+05
4.323392578125000000e+03 8.920166995525360107e+05
4.388041503906250000e+03 8.664931005239490187e+05
4.319805664062500000e+03 8.357842142581939697e+05
3.172962890625000000e+03 8.466318215131759644e+05
3.057077880859369998e+03 6.565674880743030226e+05
3.467666015625000000e+03 5.974823089838030282e+05
2.191877197265619998e+03 5.283526993989950279e+05
3.361200439453130002e+03 1.090963796377179911e+06
3.457862548828130002e+03 8.657971967458720319e+05
2.222666259765619998e+03 5.802786709070210345e+05
3.566736572265619998e+03 8.414036494493479840e+05
4.329500488281250000e+03 7.488862757682800293e+05
3.291907714843750000e+03 5.800598608255389845e+05
2.410033691406250000e+03 4.559600966572759789e+05
2.200720214843750000e+03 5.799949244260790292e+05
4.369938476562500000e+03 6.789941812753679696e+05
3.786274169921869998e+03 1.097398713350299979e+06
4.203761718750000000e+03 4.669908477067949716e+05
4.142655273437500000e+03 7.636560171842579730e+05
2.307182128906250000e+03 4.033920710682870122e+05
2.310842773437500000e+03 4.861201911568639916e+05
2.815168212890619998e+03 5.511073640584950335e+05
2.712027832031250000e+03 4.965787891745570232e+05
4.608861328125000000e+03 7.318211605548859807e+05
3.234560302734369998e+03 5.685389496088030282e+05
2.338412353515630002e+03 5.020208371281619766e+05
4.313370117187500000e+03 9.296013514995579608e+05
3.261785888671869998e+03 5.874552395343780518e+05
4.631152832031250000e+03 8.529586735963820247e+05
4.619667968750000000e+03 8.234784010648729745e+05
4.059471191406250000e+03 8.052158001661299495e+05
3.595383056640619998e+03 9.096582014560699463e+05
3.848083496093750000e+03 5.837166451215740526e+05
4.380468750000000000e+03 9.298364261388779851e+05
3.491331054687500000e+03 9.580261943340300350e+05
3.854774658203119998e+03 5.921376047134400578e+05
4.005420410156250000e+03 1.142428268671039958e+06
3.551880126953119998e+03 7.239500283002849901e+05
4.421720214843750000e+03 6.690092047452930128e+05
2.180350341796869998e+03 5.491474543809889583e+05
3.764694580078119998e+03 8.444069883823399432e+05
4.620122558593750000e+03 9.240777370929720346e+05
4.243965820312500000e+03 1.011188211321830051e+06
3.678749511718750000e+03 1.184388269424440106e+06
3.839549560546869998e+03 8.899189980030059814e+05
3.582139404296869998e+03 7.987720503807070199e+05
3.168208007812500000e+03 5.561278127431869507e+05
2.278536865234380002e+03 5.853537002801899798e+05
1.974009399414059999e+03 4.807373535037040128e+05
2.674309814453119998e+03 4.723126780390740023e+05
2.301506347656250000e+03 4.076489992737770081e+05
3.962242919921869998e+03 9.117779545784000074e+05
4.066305908203130002e+03 8.607392847537989728e+05
4.084110595703130002e+03 7.630495989322660025e+05
4.376057617187500000e+03 8.681290591955180280e+05
4.294796875000000000e+03 5.329790219068529550e+05
3.550531982421869998e+03 5.881511433124539908e+05
4.474627929687500000e+03 9.863515005111689679e+05
4.260564941406250000e+03 6.770056411027909489e+05
4.091188964843750000e+03 6.233871200084689772e+05
2.305614746093750000e+03 4.643493494987490121e+05
3.421555908203119998e+03 5.532324168682099553e+05
4.215916015625000000e+03 9.222434360980989877e+05
4.672653320312500000e+03 6.975136038064960157e+05
1.975511108398440001e+03 5.181073071956639760e+05
1.421651489257809999e+03 4.403517253994939965e+05
1.820406616210940001e+03 4.152117750048639718e+05
4.326004882812500000e+03 7.173000171184539795e+05
3.421125244140619998e+03 6.229638150930400006e+05
3.726272949218750000e+03 6.337262618541719858e+05
3.868503662109369998e+03 5.639712891578669660e+05
4.215431152343750000e+03 8.996774890422819881e+05
3.843648193359380002e+03 8.560147048234939575e+05
4.128561035156250000e+03 8.396638290882109432e+05
3.700044433593750000e+03 8.155002394914630568e+05
3.769756103515619998e+03 7.408616962432860164e+05
3.945312011718750000e+03 6.465527236461640568e+05
3.645095947265619998e+03 8.562082957029340323e+05
3.587384765625000000e+03 8.064196820259089582e+05
2.330188964843750000e+03 5.076132256388660171e+05
3.797428955078119998e+03 1.200010285854340065e+06
3.882528564453119998e+03 7.414809068441389827e+05
3.341191406250000000e+03 6.506029640436170157e+05
4.549639648437500000e+03 8.657954301834109938e+05
2.699346679687500000e+03 4.944638179540630081e+05
4.336495117187500000e+03 7.595105651617050171e+05
1.717532226562500000e+03 3.538824524283410283e+05
3.836947021484369998e+03 9.338287354707720224e+05
3.777558105468750000e+03 1.024640949964520056e+06
2.950326660156250000e+03 7.326520540714260424e+05
3.375422119140619998e+03 8.453475306034090463e+05
4.616022460937500000e+03 8.586988441944119986e+05
3.964438964843750000e+03 1.010907327890399960e+06
4.079229980468750000e+03 8.155047472715380136e+05
2.093269042968750000e+03 4.851886644959449768e+05
3.650937500000000000e+03 5.187804284095760086e+05
3.436769775390619998e+03 9.074511557817460271e+05
2.318051025390619998e+03 4.404302765131000197e+05
4.083467285156250000e+03 8.773423525094989454e+05
4.071927001953130002e+03 8.373079048395160353e+05
4.409900390625000000e+03 6.105250833034520037e+05
3.666628173828119998e+03 6.262505959272390464e+05
3.695082519531250000e+03 5.364063358306880109e+05
4.350143066406250000e+03 8.534154213666920550e+05
3.833215087890619998e+03 8.275971719026570208e+05
2.280400146484369998e+03 4.728110009431840153e+05
4.078710937500000000e+03 6.849142975807189941e+05
2.420193115234380002e+03 5.382191944122309797e+05
3.564915039062500000e+03 8.439061983823779738e+05
4.693871093750000000e+03 7.048570212125780527e+05
3.024394531250000000e+03 6.645913366079330444e+05
4.077595458984369998e+03 7.444101719856259879e+05
2.098419433593750000e+03 4.914992215633390006e+05
4.387731445312500000e+03 9.340476673841479933e+05
4.066303466796880002e+03 9.839038977622990496e+05
4.031911132812500000e+03 8.071190580129619921e+05
3.524070312500000000e+03 5.568431487083439715e+05
3.638800048828119998e+03 8.000154666900630109e+05
2.541164306640619998e+03 4.230998114347460214e+05
2.275036621093750000e+03 4.325856122374529950e+05
2.989626708984369998e+03 8.604789299964909442e+05
2.400687255859369998e+03 4.923513442873960012e+05
2.192914794921869998e+03 5.490451155900959857e+05
4.743704589843750000e+03 6.175923687219619751e+05
2.095270507812500000e+03 4.423181226253510104e+05
4.350015625000000000e+03 1.005623905062680016e+06
2.671986083984369998e+03 5.184040287733079749e+05
4.154604492187500000e+03 9.610665092468260555e+05
3.506801025390619998e+03 7.280063602924350416e+05
3.853320556640619998e+03 8.552266352176669752e+05
4.866330078125000000e+03 6.297507653236390324e+05
4.318247070312500000e+03 8.136994422674180241e+05
3.870029052734369998e+03 5.510209852457050001e+05
2.554552978515630002e+03 5.217835845947270282e+05
3.781291748046869998e+03 6.932695288658139762e+05
2.676199218750000000e+03 4.969944795966150123e+05
2.293835693359369998e+03 4.661053735017779982e+05
3.337671386718750000e+03 5.980212323665620061e+05
4.449523925781250000e+03 9.275841808319089469e+05
4.327674316406250000e+03 7.830874123573299730e+05
3.348601806640619998e+03 5.633779678344730055e+05
2.964120117187500000e+03 4.769637019634249737e+05
3.846632812500000000e+03 7.883236862421040423e+05
4.059993652343750000e+03 8.831163314580919687e+05
4.777357421875000000e+03 6.674341620206830557e+05
4.656080078125000000e+03 8.910801777839659480e+05
4.378894531250000000e+03 9.884754568338389508e+05
4.625656250000000000e+03 7.061875473260879517e+05
3.923260986328119998e+03 6.022308288812639657e+05
2.846325927734369998e+03 6.465968877077100333e+05
3.726562744140619998e+03 8.080932258367539616e+05
1.711786376953130002e+03 4.317764657139779883e+05
3.700490966796869998e+03 5.431586858034130419e+05
2.196615966796869998e+03 5.480958623886109563e+05
4.639377441406250000e+03 8.850180664062500000e+05
3.789129150390619998e+03 9.530115326642990112e+05
4.350882324218750000e+03 8.657502305507659912e+05
4.005403320312500000e+03 1.098156995058059925e+06
3.149635253906250000e+03 8.132780866622929461e+05
2.599578613281250000e+03 4.235543357729910058e+05
3.808246093750000000e+03 6.192136466503139818e+05
3.960992675781250000e+03 9.868547271490100538e+05
2.549059570312500000e+03 5.026346566677090013e+05
3.962665771484369998e+03 1.129590232849119930e+06
3.785068115234369998e+03 7.224420540332789533e+05
4.379789550781250000e+03 9.147039302587510319e+05
4.309727050781250000e+03 7.447898001670839731e+05
4.053067138671880002e+03 6.975937691926959669e+05
3.172959960937500000e+03 5.453387457132339478e+05
4.462677246093750000e+03 7.251261324882509653e+05
3.086421142578119998e+03 4.518833882808689959e+05
2.667210449218750000e+03 5.076395413279529894e+05
2.400385009765630002e+03 4.846742293238639832e+05
3.636640869140630002e+03 6.911865689754489576e+05
3.452705078125000000e+03 9.243491785526280291e+05
2.054062255859369998e+03 4.330828386545180110e+05
4.387299316406250000e+03 5.359982599019999616e+05
2.551364257812500000e+03 5.115707824230190017e+05
4.586243164062500000e+03 7.903959858417509822e+05
4.808730957031250000e+03 9.654176135063170223e+05
3.962472656250000000e+03 8.898963981866840040e+05
3.397950439453119998e+03 1.185133393287660088e+06
4.519487792968750000e+03 7.965987521409989567e+05
1.961890869140630002e+03 3.956676548719410202e+05
3.501332275390619998e+03 9.270184544324879535e+05
2.499733154296869998e+03 5.198400003910060041e+05
2.406455078125000000e+03 5.612812409400939941e+05
2.427562011718750000e+03 5.172176907062529936e+05
3.213304443359369998e+03 7.601624876260759775e+05
2.025487060546869998e+03 4.999828027486799983e+05
3.583967529296880002e+03 5.083589891195300152e+05
3.555983398437500000e+03 5.651465405225750292e+05
4.502484375000000000e+03 7.829107561111450195e+05
1.740894287109380002e+03 4.497086889743810170e+05
2.338967041015619998e+03 5.024933316707609920e+05
2.679745361328119998e+03 4.376033806204799912e+05
2.351404541015619998e+03 4.993902733325959998e+05
4.091325927734380002e+03 6.339956321716309758e+05
2.330967529296869998e+03 4.458367190957069979e+05
3.577319091796880002e+03 8.641184141635899432e+05
2.428486328125000000e+03 4.792091246843339759e+05
1.715209228515630002e+03 6.711359022855759831e+05
3.405401855468750000e+03 5.153038944005970261e+05
2.685131591796880002e+03 6.989469560384750366e+05
4.425290039062500000e+03 9.364525680541989859e+05
3.724216796875000000e+03 7.213269267082209699e+05
3.459348876953119998e+03 1.024808590650559985e+06
2.312726318359369998e+03 4.625276276469230070e+05
2.487677246093750000e+03 5.505721565484999446e+05
4.075867187500000000e+03 8.339795184135440504e+05
2.536868164062500000e+03 6.045857175588610116e+05
4.486542968750000000e+03 9.827816432714459952e+05
2.422773193359369998e+03 4.624366192221639794e+05
2.679416992187500000e+03 4.602041715979580185e+05
2.367880859375000000e+03 5.398147658109669574e+05
3.753164550781250000e+03 9.455941023826600285e+05
4.049255859375000000e+03 9.567129683494570199e+05
3.635067138671880002e+03 9.074875226020809496e+05
3.394837646484369998e+03 6.325519242286679801e+05
4.393571777343750000e+03 8.431831260919569759e+05
4.325887207031250000e+03 9.633939248323440552e+05
4.331563476562500000e+03 7.377737450599670410e+05
3.679529052734380002e+03 6.207978267669680063e+05
2.318626708984369998e+03 4.460215380787850008e+05
2.715773925781250000e+03 4.771150171756739728e+05
4.324926269531250000e+03 7.528410608768459642e+05
4.337020019531250000e+03 9.553097695112229558e+05
4.167712890625000000e+03 9.067213218212130014e+05
2.014486694335940001e+03 4.448267936110500013e+05
4.324009765625000000e+03 6.631763200759890024e+05
4.114012207031250000e+03 7.197919057607649593e+05
3.529753417968750000e+03 9.917449984550479567e+05
3.996062744140619998e+03 7.849656337499619694e+05
3.621015625000000000e+03 5.279432833194730338e+05
3.827660888671869998e+03 1.029774458646769985e+06
2.195613769531250000e+03 5.342776889801030047e+05
2.059151611328119998e+03 4.982346978187559871e+05
3.835166259765630002e+03 8.657487685680390568e+05
4.643967773437500000e+03 8.381367272138600238e+05
3.619393798828119998e+03 1.086833086013789987e+06
4.161201660156250000e+03 9.057663425207140390e+05
3.278739257812500000e+03 5.197739065885539749e+05
3.600298095703119998e+03 9.058650872707370436e+05
4.622115234375000000e+03 8.298914492130279541e+05
2.831473388671869998e+03 5.100367361307140091e+05
3.150888183593750000e+03 6.430546863079069881e+05
4.088943359375000000e+03 7.697071027755739633e+05
4.065644287109380002e+03 8.321251760721210157e+05
4.056845214843750000e+03 6.791250896453859750e+05
2.293502929687500000e+03 4.629522727131840074e+05
3.835335205078119998e+03 9.031489670276639517e+05
2.676297851562500000e+03 4.582608615159990150e+05
3.646280029296869998e+03 8.806974810361859854e+05
3.703992675781250000e+03 5.434720983505250188e+05
2.615672119140619998e+03 5.853055766820909921e+05
4.313683593750000000e+03 7.654629669189449633e+05
4.078980224609380002e+03 8.300416679382330040e+05
3.848890380859380002e+03 9.074603540897370549e+05
3.574347167968750000e+03 8.810476868152619572e+05
4.358438964843750000e+03 9.587699780464170035e+05
4.582870605468750000e+03 7.167543929815290030e+05
3.023953125000000000e+03 7.005597666502000066e+05
4.519810058593750000e+03 7.964360456466679461e+05
3.789732910156250000e+03 1.134653810024260078e+06
2.089168457031250000e+03 5.187533817291259766e+05
4.427876464843750000e+03 8.798282104730609572e+05
3.844882812500000000e+03 8.198989800214769784e+05
3.657109863281250000e+03 1.072674392461779993e+06
3.626608154296869998e+03 5.251167833805079572e+05
4.410933593750000000e+03 9.422501823902130127e+05
3.511726562500000000e+03 1.181313354253770085e+06
4.477505859375000000e+03 9.186939247846599901e+05
2.259844238281250000e+03 5.513187423944469774e+05
4.587891113281250000e+03 8.918840855360029964e+05
4.053966552734380002e+03 6.126107234954830492e+05
3.810349121093750000e+03 1.065039065837860107e+06
3.753972656250000000e+03 7.834452326297760010e+05
3.834636962890630002e+03 7.366746995449069655e+05
2.276931152343750000e+03 4.344299034476280212e+05
2.374770996093750000e+03 5.189416120052339975e+05
3.507044433593750000e+03 6.169101101160049438e+05
2.649993408203119998e+03 4.768123867511749850e+05
2.096298583984369998e+03 4.868216382861139718e+05
2.677429687500000000e+03 4.922432489395139855e+05
4.140963378906250000e+03 6.983187298774720402e+05
3.961958007812500000e+03 1.031180033206940047e+06
3.935700439453130002e+03 7.112649524211880052e+05
2.750598876953119998e+03 5.174210281372069730e+05
4.161274902343750000e+03 6.745842322111129761e+05
3.737453125000000000e+03 7.642024941444400465e+05
4.058592041015619998e+03 7.193059792518620379e+05
3.830825439453119998e+03 1.100328283071520040e+06
3.862510009765630002e+03 1.135182316780090099e+06
4.585671386718750000e+03 6.683391293287279550e+05
4.069068603515630002e+03 8.519857240915299626e+05
3.758318359375000000e+03 1.135149909496309934e+06
2.539376708984369998e+03 4.635953319072719896e+05
3.836499511718750000e+03 8.205347597599029541e+05
2.387680664062500000e+03 6.387591373920439510e+05
1.716638549804690001e+03 6.808426756858830340e+05
3.680195556640619998e+03 5.950579152107239934e+05
4.387212402343750000e+03 8.589722958803180372e+05
4.204371582031250000e+03 6.609665940999990562e+05
3.514072998046869998e+03 6.933607200384140015e+05
3.848208740234380002e+03 9.588357063531880267e+05
4.062588134765630002e+03 8.011111618280409602e+05
4.381625976562500000e+03 9.159592860937119694e+05
4.633212402343750000e+03 8.436190406084059505e+05
1.413432983398440001e+03 4.892323259711270221e+05
3.860333496093750000e+03 8.407986931800839957e+05
3.619575195312500000e+03 1.084073349952700082e+06
2.389755371093750000e+03 5.163369679450989934e+05
3.783102539062500000e+03 1.104777827501300024e+06
2.307392578125000000e+03 4.798575140237809974e+05
4.709438476562500000e+03 8.524064705371860182e+05
4.699672363281250000e+03 7.283259253501889762e+05
3.058477294921869998e+03 6.992822983264919603e+05
4.606002929687500000e+03 7.113552907705310499e+05
4.336170410156250000e+03 7.992347069978710497e+05
4.139144042968750000e+03 1.064507391452790005e+06
4.571257324218750000e+03 7.212138057947159978e+05
2.451611083984380002e+03 7.695930072069170419e+05
2.838640136718750000e+03 5.736929260492320172e+05
2.545662841796869998e+03 4.740312387347220210e+05
4.461257812500000000e+03 6.002072011232379591e+05
3.449034423828130002e+03 9.394922128915790236e+05
4.082984130859369998e+03 6.041482192277909489e+05
4.322637207031250000e+03 8.749114407300950261e+05
1.711785278320309999e+03 3.745579949021339999e+05
3.782692871093750000e+03 1.001738807797429967e+06
3.576121093750000000e+03 7.169531617164609488e+05
4.087305175781250000e+03 7.956825153827669565e+05
3.092878417968750000e+03 5.954028822183610173e+05
3.638157470703119998e+03 9.403213398456569994e+05
4.073467285156250000e+03 8.039647084474560106e+05
3.349002685546869998e+03 6.411682412624360295e+05
4.071693603515630002e+03 8.030181964635850163e+05
3.837160156250000000e+03 9.364479384422299918e+05
3.690426269531250000e+03 1.147117943763730116e+06
2.763236083984369998e+03 5.318931951522829477e+05
4.164686523437500000e+03 1.004893340110779973e+06
3.382739257812500000e+03 8.625372189283369808e+05
2.598062011718750000e+03 3.957850703597069951e+05
2.421006103515630002e+03 5.512422319650650024e+05
3.634229248046869998e+03 7.931132025718690129e+05
4.441043457031250000e+03 6.272236672639850294e+05
3.861831298828119998e+03 8.481768935918810312e+05
3.986574707031250000e+03 1.043179256439210032e+06
3.834833740234369998e+03 8.221354480981830275e+05
2.330086425781250000e+03 4.596720403432850144e+05
4.513597167968750000e+03 6.917811695337300189e+05
3.843486572265619998e+03 7.925397398471829947e+05
4.598706054687500000e+03 7.065953186750409659e+05
3.882370117187500000e+03 7.542569302320480347e+05
3.673731201171869998e+03 6.035985137224199716e+05
4.059324462890619998e+03 7.449175409078600351e+05
3.546414550781250000e+03 6.897608921527860221e+05
3.601364746093750000e+03 7.789032177925109863e+05
3.794487304687500000e+03 5.550697636604310246e+05
4.102828613281250000e+03 6.581375356912609423e+05
4.637722656250000000e+03 5.827279793024059618e+05
4.316248535156250000e+03 7.848982607126239454e+05
2.688649902343750000e+03 4.731432669758800184e+05
2.217392089843750000e+03 5.369891186952589778e+05
4.580999023437500000e+03 9.986772332191469613e+05
3.986010986328119998e+03 8.831540993452069815e+05
3.959898681640630002e+03 9.847154200077060377e+05
3.703390869140619998e+03 6.918601166009899462e+05
3.264738525390630002e+03 6.070111469030380249e+05
2.844047119140619998e+03 6.410007224082950270e+05
3.621705810546869998e+03 1.083309098482130095e+06
4.077931396484369998e+03 7.872438292503360426e+05
2.676428710937500000e+03 4.469204442501069861e+05
4.126065429687500000e+03 6.443512213230129564e+05
3.841553955078119998e+03 8.849381446838380070e+05
3.378249267578119998e+03 8.284730823040009709e+05
3.639693359375000000e+03 8.536730349063869799e+05
3.184205322265619998e+03 5.896186084747309797e+05
3.365364501953119998e+03 6.297970005273820134e+05
1.815688964843750000e+03 3.779010620713229873e+05
2.502949951171880002e+03 5.617481007575989934e+05
4.489620117187500000e+03 7.119540945291520329e+05
1.851378417968750000e+03 6.247916589975360548e+05
3.655685058593750000e+03 1.124175657987589948e+06
3.589024902343750000e+03 8.215792855024340097e+05
4.648160156250000000e+03 7.653788419961930485e+05
3.784997314453119998e+03 1.056422139644620009e+06
4.397422363281250000e+03 7.295394319295879686e+05
2.196110595703119998e+03 4.353222002387049724e+05
3.668614990234380002e+03 7.879262096881869948e+05
3.930685546875000000e+03 9.423617194890979445e+05
3.828206054687500000e+03 5.266967602968219435e+05
3.070378173828119998e+03 4.801905719637870206e+05
2.317947021484369998e+03 4.821635481119159958e+05
3.981539306640619998e+03 7.802950253486629808e+05
2.402986572265619998e+03 4.903894243836399983e+05
2.083124267578130002e+03 6.291842470169069711e+05
2.295493652343750000e+03 4.588409336209300091e+05
3.692437011718750000e+03 6.957117100954060443e+05
4.639201171875000000e+03 6.734367585182189941e+05
4.322442382812500000e+03 7.264118244647979736e+05
4.681588867187500000e+03 6.563715702056890354e+06
1.820689331054690001e+03 3.778427959680560161e+05
2.581560302734369998e+03 3.958483011126519996e+05
4.072596435546880002e+03 8.478144437074660091e+05
2.938450927734369998e+03 4.716845737099649850e+05
2.423758056640619998e+03 4.552230441570280236e+05
2.229684814453130002e+03 4.466799480915070162e+05
1.711411132812500000e+03 3.864949011206629802e+05
4.365085937500000000e+03 9.523681384325029794e+05
3.373147460937500000e+03 1.267827765941620106e+06
3.441972412109369998e+03 9.331971589326859685e+05
3.835602294921880002e+03 9.449895116090769880e+05
2.292834716796869998e+03 4.390807446241379948e+05
4.953350097656250000e+03 8.218859363794330275e+05
3.823801757812500000e+03 1.070897474288939964e+06
4.212168945312500000e+03 9.668128323554990347e+05
3.603960693359369998e+03 6.189811304807659471e+05
2.373961669921869998e+03 5.575507483482359676e+05
2.570449707031250000e+03 5.492117207050319994e+05
2.581680908203130002e+03 4.413875401616099989e+05
3.404750244140619998e+03 9.054258832931519719e+05
3.783501708984369998e+03 1.033145181655879947e+06
4.162951171875000000e+03 9.430463538169859676e+05
2.624226318359369998e+03 5.136937640905380249e+05
4.696472656250000000e+03 7.420054540634159930e+05
3.596691894531250000e+03 7.060137541294100229e+05
4.122369140625000000e+03 1.232809868335719919e+06
3.664189208984369998e+03 1.106681329011919908e+06
4.406562011718750000e+03 7.464742479324339656e+05
3.574862548828130002e+03 9.010666162967679556e+05
3.395077148437500000e+03 8.895011146068569506e+05
4.772317382812500000e+03 6.601999669075009879e+05
1.823400634765630002e+03 3.580432248115540133e+05
4.617572265625000000e+03 6.880685253143310547e+05
3.652355712890630002e+03 9.390215762853620108e+05
2.711716308593750000e+03 4.735817095041280263e+05
2.068554931640619998e+03 5.021760205030440120e+05
4.333519531250000000e+03 7.254709167480469914e+05
2.376855712890630002e+03 4.774306531548500061e+05
4.154959472656250000e+03 9.815125204324719962e+05
3.634631835937500000e+03 9.559135074615479680e+05
4.325429199218750000e+03 7.160291886329649715e+05
3.486117431640630002e+03 1.095764094829560025e+06
4.343487792968750000e+03 7.815621379613879835e+05
4.071523681640630002e+03 8.513973369598389836e+05
3.314003906250000000e+03 5.482618583440779475e+05
4.374460937500000000e+03 6.295095990896229632e+05
4.092372802734380002e+03 7.480698802471159725e+05
4.367930664062500000e+03 8.167790479660029523e+05
3.570844726562500000e+03 9.150504810810090275e+05
1.898341552734380002e+03 5.939483312368389452e+05
4.617920898437500000e+03 7.623812900781630306e+05
3.179457275390630002e+03 5.737994071245189989e+05
4.318933593750000000e+03 8.389561685323719867e+05
4.351888183593750000e+03 9.227443479299549945e+05
2.676927978515619998e+03 4.306326774358749972e+05
4.465588867187500000e+03 7.456473748683929443e+05
3.483234375000000000e+03 1.134616894960399950e+06
4.017642089843750000e+03 7.182445797920230543e+05
4.082228515625000000e+03 8.601708171367649920e+05
3.638079833984380002e+03 5.879799695014950121e+05
2.354342285156250000e+03 4.919707719087600126e+05
3.664325439453119998e+03 1.086434817552570021e+06
3.786587402343750000e+03 1.087099166870119981e+06
3.704972412109369998e+03 5.978599878549580462e+05
2.623702392578119998e+03 4.249854341149330139e+05
3.935038574218750000e+03 9.905054198503489606e+05
2.446958007812500000e+03 4.881634338498120196e+05
3.010156494140630002e+03 6.394689300060269888e+05
3.464382812500000000e+03 1.118550313949590083e+06
2.676648437500000000e+03 4.527989854216580279e+05
2.304611572265619998e+03 4.050495939850810100e+05
4.268852050781250000e+03 9.854023691415790236e+05
2.301616943359380002e+03 5.155655283927919809e+05
2.588527099609369998e+03 4.292951459884640062e+05
2.413905273437500000e+03 4.990633983612059965e+05
4.343435546875000000e+03 7.005331463813780574e+05
4.568758300781250000e+03 6.638601624965670053e+05
2.539774658203119998e+03 4.750449410080909729e+05
3.731855224609369998e+03 5.657176884412770160e+05
2.586902587890619998e+03 5.518080192804340040e+05
3.382463867187500000e+03 8.556110757589340210e+05
3.985192871093750000e+03 7.789708954095840454e+05
2.397050537109369998e+03 5.545423533916469896e+05
4.327121093750000000e+03 8.205047281980509870e+05
2.041136474609380002e+03 4.413769712448120117e+05
3.421650390625000000e+03 6.671278766393660335e+05
3.634493652343750000e+03 7.730540076494220411e+05
4.464717285156250000e+03 7.216430804729460506e+05
4.134596679687500000e+03 6.781671863794330275e+05
3.832830078125000000e+03 8.720906668901439989e+05
4.194613769531250000e+03 9.032357113361359807e+05
2.195614501953119998e+03 4.356668931245799758e+05
2.113201171875000000e+03 5.837922418117519701e+05
3.630599365234369998e+03 5.317109346389770508e+05
4.216170410156250000e+03 8.054244372844699537e+05
3.432530761718750000e+03 9.827544138431550236e+05
4.065119140625000000e+03 7.884930934906010516e+05
2.997066406250000000e+03 4.647135659456250141e+05
3.664361816406250000e+03 1.112890856981280027e+06
4.093219970703130002e+03 7.638722687959669856e+05
3.708059326171869998e+03 5.959349220991129987e+05
4.610072265625000000e+03 7.556210210323330248e+05
4.054156738281250000e+03 7.588186818361280020e+05
3.813708007812500000e+03 6.310473612546919612e+05
2.240346923828119998e+03 4.221622236371039762e+05
3.382020019531250000e+03 5.801549506187440129e+05
2.262151855468750000e+03 4.439371771216390189e+05
2.213759033203130002e+03 6.164319199323649518e+05
4.147211914062500000e+03 1.019574326992040034e+06
4.062939941406250000e+03 7.994940261840820312e+05
3.149387207031250000e+03 7.655486756563190138e+05
3.392098876953119998e+03 8.626908489465710009e+05
3.781357177734369998e+03 7.178353464603420580e+05
4.217568847656250000e+03 7.834109369516370352e+05
4.438652343750000000e+03 7.426065726280210074e+05
4.205521972656250000e+03 9.028519408702850342e+05
3.381358886718750000e+03 5.777606493234629743e+05
2.535971923828119998e+03 4.763459838032720145e+05
4.497741210937500000e+03 7.240538899898530217e+05
3.971993164062500000e+03 1.001884701490400010e+06
2.702927001953119998e+03 5.506813179254529532e+05
4.167944335937500000e+03 9.637889038324359572e+05
3.820933349609369998e+03 1.133931834220889956e+06
4.330920410156250000e+03 7.924914944171910174e+05
4.323019531250000000e+03 6.740401918888089713e+05
4.331365234375000000e+03 7.981929833889009897e+05
2.299284912109369998e+03 4.701977981925010099e+05
3.182451904296869998e+03 6.723862020969389705e+05
3.764665039062500000e+03 8.893170875310900155e+05
3.785912597656250000e+03 1.114744407415390015e+06
3.876701904296869998e+03 8.621413261890410213e+05
4.142385742187500000e+03 9.424724037647249643e+05
4.164100097656250000e+03 9.249771001338959904e+05
4.121751464843750000e+03 8.605230940580370370e+05
4.695960937500000000e+03 6.525614117383960402e+05
3.798542968750000000e+03 7.931035169363019522e+05
4.003163818359380002e+03 8.189774435758589534e+05
4.062419189453130002e+03 8.675718001127239550e+05
3.748319335937500000e+03 8.800015772581100464e+05
2.930953613281250000e+03 1.415393236160279950e+06
4.127447265625000000e+03 8.717106732130049495e+05
3.661115234375000000e+03 6.497894315719610313e+05
2.742239501953119998e+03 6.699912916421890259e+05
3.991275390625000000e+03 6.627713508605960524e+05
2.467342529296880002e+03 5.752275815010069637e+05
4.673474609375000000e+03 8.536963657140729483e+05
3.422763671875000000e+03 9.904837337732319720e+05
2.947160156250000000e+03 7.310280349254610483e+05
4.589029785156250000e+03 7.436604185104370117e+05
4.106444824218750000e+03 8.863163679838180542e+05
3.798647705078119998e+03 6.145369466543199960e+05
4.346166992187500000e+03 9.596937074661259539e+05
4.325236816406250000e+03 7.956603419780730037e+05
3.342466796875000000e+03 4.923179014325140161e+05
4.407715332031250000e+03 9.042639725208280142e+05
4.164508789062500000e+03 8.638482519388200017e+05
4.399128906250000000e+03 6.396547845602040179e+05
3.589551025390619998e+03 6.639319823980330257e+05
2.375801025390630002e+03 4.676403944492340088e+05
2.195613281250000000e+03 5.368586976528170053e+05
4.316130859375000000e+03 8.133449723720550537e+05
2.846903808593750000e+03 4.607768119573590229e+05
3.422313720703130002e+03 5.505579022169109667e+05
3.956818847656250000e+03 1.022409842491150019e+06
4.445591308593750000e+03 9.058898800611499464e+05
3.797487792968750000e+03 9.978572436571120052e+05
3.855254638671869998e+03 8.427033520936969435e+05
3.865279785156250000e+03 8.084864991903309710e+05
4.581740722656250000e+03 7.819625993967059767e+05
3.621831298828130002e+03 1.179180808782580076e+06
3.662273925781250000e+03 5.325687530040739803e+05
4.449466308593750000e+03 6.939068315029139630e+05
3.842268798828130002e+03 9.123049384355549701e+05
4.088887695312500000e+03 7.762530086040500319e+05
3.107484130859369998e+03 4.698372671604159987e+05
3.476128906250000000e+03 7.378403261899950448e+05
1.975013061523440001e+03 4.361599772572519723e+05
2.230735839843750000e+03 6.391424205303189810e+05
4.635228515625000000e+03 8.808669492006299552e+05
2.543559814453119998e+03 4.809226902723310050e+05
2.062453125000000000e+03 4.901658933162689791e+05
3.092931396484380002e+03 6.947602030038830126e+05
4.337322265625000000e+03 5.341080989837649977e+05
4.075063232421880002e+03 9.566245183944699820e+05
3.451743652343750000e+03 6.998435778617860051e+05
2.274602050781250000e+03 4.679671780467029894e+05
4.601561035156250000e+03 6.551466845273970393e+05
3.122883789062500000e+03 5.347538080215449445e+05
3.638360595703119998e+03 9.471612869501110399e+05
4.077987792968750000e+03 8.808473951816560002e+05
3.590099121093750000e+03 7.548585970401760424e+05
3.846180175781250000e+03 9.054545747041699942e+05
3.989266357421869998e+03 7.772896761894229567e+05
2.724385498046880002e+03 4.857052317261699936e+05
2.407378662109369998e+03 4.675589802861210192e+05
4.172660156250000000e+03 9.811237548589709913e+05
4.373167968750000000e+03 8.270161556005480234e+05
4.443896484375000000e+03 6.864359779357910156e+05
2.390060302734369998e+03 5.985748364925379865e+05
4.424640625000000000e+03 1.068833032846450107e+06
2.403480468750000000e+03 5.331989893913270207e+05
4.215341308593750000e+03 8.937023047208789503e+05
3.511290283203130002e+03 6.268117536306380061e+05
3.103105957031250000e+03 6.684651644229890080e+05
3.842221679687500000e+03 8.507264696359629743e+05
2.191703125000000000e+03 5.105162360072140000e+05
3.970906250000000000e+03 1.060746562719349982e+06
3.835166748046880002e+03 9.315906226634980412e+05
3.428792236328130002e+03 6.623704630136489868e+05
2.139643310546869998e+03 5.675918893814090407e+05
3.376408691406250000e+03 5.385997363328930223e+05
4.132545410156250000e+03 9.102027291059490526e+05
4.589583007812500000e+03 7.097065397500989493e+05
4.639322753906250000e+03 9.052333889007569524e+05
4.314991210937500000e+03 7.685054748058320256e+05
3.618390625000000000e+03 1.043525137186049949e+06
2.614275390625000000e+03 4.711503408551220200e+05
2.666582763671869998e+03 4.881850285530089750e+05
3.960856201171869998e+03 9.192469806671140250e+05
4.347687011718750000e+03 6.012703671455379808e+05
3.075497070312500000e+03 5.433503882884980412e+05
3.969243652343750000e+03 9.441422317028050311e+05
4.608922851562500000e+03 7.756351381540299626e+05
3.785974121093750000e+03 1.035767491340640001e+06
3.265493896484369998e+03 5.854508612155909650e+05
3.850325683593750000e+03 9.491070032119749812e+05
2.075352783203119998e+03 4.795264663100240286e+05
3.389372802734369998e+03 1.203991995811460074e+06
3.895115478515619998e+03 7.416685279607770499e+05
2.600699951171880002e+03 3.980756927132609999e+05
2.193173095703119998e+03 5.574274544715880184e+05
2.095875488281250000e+03 5.515995039939880371e+05
2.846806640625000000e+03 5.573571574687960092e+05
4.391583007812500000e+03 7.689786698818210280e+05
3.168446533203119998e+03 6.699223347902300302e+05
3.956626220703130002e+03 1.004619766592980013e+06
2.213205078125000000e+03 6.844735707044600276e+05
4.430481933593750000e+03 8.780391091108319815e+05
4.322123535156250000e+03 8.327212995290759718e+05
3.685061767578130002e+03 5.711402432918549748e+05
3.683121093750000000e+03 5.675210441350940382e+05
4.641284667968750000e+03 7.192844150066380389e+05
2.195110595703130002e+03 4.996076518893240136e+05
2.420257324218750000e+03 4.450433802604679950e+05
3.859065429687500000e+03 1.003081943511959980e+06
3.835806152343750000e+03 7.673109740018839948e+05
4.163198730468750000e+03 9.540536217689509504e+05
3.936981689453130002e+03 6.852829608917239821e+05
3.465346191406250000e+03 9.426616696119309636e+05
3.860886230468750000e+03 8.048422635793690570e+05
3.263738525390619998e+03 5.326194350719449576e+05
3.709183349609380002e+03 1.070146136999130016e+06
3.823839111328119998e+03 1.088739876985549927e+06
3.142626708984380002e+03 5.198151466846470139e+05
2.417977050781250000e+03 4.745115914344789926e+05
3.617620361328119998e+03 1.089138267278670100e+06
3.469986083984369998e+03 7.265569262504579965e+05
3.589849365234369998e+03 7.301526727676390437e+05
1.714281860351559999e+03 4.120008040666580200e+05
4.409970703125000000e+03 6.266280920505520189e+05
3.567357177734369998e+03 9.223183017969130306e+05
1.590233398437500000e+03 3.936451236009600107e+05
4.058696044921880002e+03 8.693378752470019972e+05
3.746251953125000000e+03 1.028546393156050006e+06
3.351431152343750000e+03 5.768764543533329852e+05
4.445640136718750000e+03 8.823085860013959464e+05
3.639885986328119998e+03 9.492785425186159555e+05
2.673315917968750000e+03 5.058504704236980178e+05
2.215201660156250000e+03 6.780198916196819628e+05
3.416839843750000000e+03 5.129348123073580209e+05
3.986431396484380002e+03 9.911900541782380315e+05
4.585253906250000000e+03 6.907673454284670297e+05
4.393090820312500000e+03 7.938237261772160418e+05
4.705967773437500000e+03 8.173152910470960196e+05
4.064347167968750000e+03 8.875881102085110033e+05
3.916255615234380002e+03 5.028608984947209829e+05
2.337472167968750000e+03 4.342313479185110191e+05
2.074446044921880002e+03 7.062740479707720224e+05
3.536169189453119998e+03 6.028739794492720393e+05
3.015347656250000000e+03 5.596191493272780208e+05
4.361016113281250000e+03 6.603584092855449999e+05
4.066641113281250000e+03 8.704798055887219962e+05
4.086473388671880002e+03 7.248221619129179744e+05
3.862678466796880002e+03 7.324469500780110247e+05
4.154416992187500000e+03 6.131703583002090454e+05
2.196918212890619998e+03 6.136435533761980478e+05
4.374513671875000000e+03 7.093558466434479924e+05
1.850221313476559999e+03 6.248148070573810255e+05
2.227698242187500000e+03 5.781501458883290179e+05
3.215194091796869998e+03 6.170722683668140089e+05
3.085277099609369998e+03 6.225004274845119799e+05
3.577794433593750000e+03 8.520136845111850416e+05
2.333692138671869998e+03 5.481295489072799683e+05
3.852870361328119998e+03 7.274388673305510310e+05
3.128638427734369998e+03 6.109368751049039420e+05
3.925571533203119998e+03 9.617837945222849958e+05
3.815743164062500000e+03 1.001668754458429990e+06
4.072647705078130002e+03 9.006712108850480290e+05
3.926117187500000000e+03 7.797054808139799861e+05
2.196115478515630002e+03 4.933919409513470018e+05
4.038904541015630002e+03 5.218819638490679790e+05
3.359919189453119998e+03 9.544250872135160025e+05
1.975009765625000000e+03 5.158995914459230262e+05
3.602502929687500000e+03 5.612467015981669538e+05
4.304796386718750000e+03 7.941970191001889762e+05
2.668077880859369998e+03 4.674016039371489896e+05
2.305612792968750000e+03 4.818689890503879869e+05
3.875802246093750000e+03 1.082003426074980060e+06
4.062432617187500000e+03 6.949011015892029973e+05
3.492775878906250000e+03 6.629545251131060068e+05
3.652011230468750000e+03 4.994474124908450176e+05
3.837854736328119998e+03 8.874658519029619638e+05
4.131051269531250000e+03 6.724583874940869864e+05
1.977019165039059999e+03 4.074714597463610116e+05
4.087765380859380002e+03 7.957595131397249643e+05
3.631942138671869998e+03 9.265131566524510272e+05
3.455027099609369998e+03 8.259964226484299870e+05
4.105830078125000000e+03 8.440609858036040096e+05
3.642333740234369998e+03 9.243750678300859872e+05
3.847660156250000000e+03 9.077234500646590022e+05
3.959778564453119998e+03 5.037288898229600163e+05
4.431084472656250000e+03 8.903704460859299870e+05
3.986618164062500000e+03 9.965555917024610098e+05
4.065403564453130002e+03 8.524083589315420249e+05
4.682039062500000000e+03 5.849836359024050180e+05
4.167141601562500000e+03 9.159880384206769522e+05
2.324616699218750000e+03 4.386394695043559768e+05
3.637262207031250000e+03 9.003706516027450562e+05
2.401369384765619998e+03 5.524149248600009596e+05
3.249300781250000000e+03 1.087558229446409969e+06
3.778094482421880002e+03 1.060961961507800035e+06
3.992542724609369998e+03 1.044861754894259968e+06
3.813518310546869998e+03 7.338227367401119554e+05
3.630528320312500000e+03 9.060859684944150504e+05
4.383458496093750000e+03 7.917120748758319532e+05
3.939676025390630002e+03 9.683439546823500423e+05
2.299390136718750000e+03 4.536677381992340088e+05
3.558462402343750000e+03 6.814888720512390137e+05
3.445309570312500000e+03 5.837218838930130005e+05
2.543159423828130002e+03 5.098978173136709956e+05
4.737896972656250000e+03 8.062810373306269757e+05
2.577317138671880002e+03 4.141282021403309773e+05
4.324556640625000000e+03 7.931962919235229492e+05
2.353951416015619998e+03 4.178859850764269941e+05
4.892239746093750000e+03 6.100644978284840472e+05
3.372388183593750000e+03 8.516339954137799796e+05
3.318425781250000000e+03 6.518156177997590275e+05
2.196113525390630002e+03 6.325117806196210440e+05
4.697335449218750000e+03 6.883282099962229840e+05
4.068752441406250000e+03 8.577634798288349994e+05
2.397736083984369998e+03 5.678255629539489746e+05
4.405874023437500000e+03 1.084869399547579931e+06
4.497713378906250000e+03 5.680466878414150560e+05
3.373082031250000000e+03 6.356559572219849797e+05
4.387357910156250000e+03 9.380859682559970533e+05
4.252770019531250000e+03 6.469941815137859667e+05
4.144978027343750000e+03 9.595698044300080510e+05
3.601238525390630002e+03 7.567759264707569964e+05
3.385486572265619998e+03 8.519195693731310312e+05
3.645977539062500000e+03 8.056237542629239615e+05
4.290866699218750000e+03 5.308186987638470018e+05
4.380264648437500000e+03 9.291458829641339835e+05
3.191677246093750000e+03 5.426658757925030077e+05
4.629396972656250000e+03 8.894746770858770469e+05
3.646937988281250000e+03 8.284320249557499774e+05
4.342806152343750000e+03 8.269434219598770142e+05
3.541155517578119998e+03 6.725614572763439501e+05
2.670639892578130002e+03 4.318518796563150245e+05
3.799844482421869998e+03 7.306874538660049438e+05
3.561891845703119998e+03 5.409382386207580566e+05
3.639656250000000000e+03 8.721503036022189772e+05
3.636468017578119998e+03 7.247045332193380455e+05
3.198936279296880002e+03 4.162762811779979966e+05
2.197842041015630002e+03 6.783002268075939501e+05
4.389183105468750000e+03 7.999832421541210497e+05
2.195612792968750000e+03 4.649468131065369816e+05
3.953723144531250000e+03 7.203781608343119733e+05
3.875454833984369998e+03 8.657223919630049495e+05
3.454052978515619998e+03 9.200991947650909424e+05
1.975512817382809999e+03 4.591050042510029743e+05
4.083810791015630002e+03 7.698453210592269897e+05
3.780716308593750000e+03 5.844435551166529767e+05
3.499173828125000000e+03 8.485159517526630079e+05
4.163699707031250000e+03 8.677180593013759935e+05
4.088699951171880002e+03 8.581506006717679556e+05
3.607425292968750000e+03 7.228459876775740413e+05
3.317081054687500000e+03 5.636331447362899780e+05
4.470671386718750000e+03 7.044507118463519728e+05
1.711283447265630002e+03 3.983883438110349816e+05
3.418301513671869998e+03 9.747722318172459491e+05
2.833845458984369998e+03 5.178362312316899770e+05
3.576609375000000000e+03 5.898332762718199519e+05
3.845890625000000000e+03 8.945402035713200457e+05
3.633938476562500000e+03 9.071324435472489567e+05
3.581959472656250000e+03 7.566117579936980037e+05
2.285379638671880002e+03 4.501048558354380075e+05
4.458534179687500000e+03 6.992913748025889508e+05
4.415509277343750000e+03 9.070411305427550105e+05
3.019212158203119998e+03 6.548962590694429819e+05
4.070346191406250000e+03 7.973167684078220045e+05
3.663565917968750000e+03 1.136900999307629885e+06
4.075942382812500000e+03 9.305819154977799626e+05
3.626347167968750000e+03 9.148684033155440120e+05
3.452372558593750000e+03 5.918362535238269484e+05
3.954311767578119998e+03 7.103323292732239934e+05
3.965779541015630002e+03 9.677659232616419904e+05
4.456419433593750000e+03 8.971401571035380475e+05
4.309797363281250000e+03 8.220042351484299870e+05
3.833250976562500000e+03 9.625015062093730085e+05
4.140464843750000000e+03 9.371420756578450091e+05
4.353675781250000000e+03 9.963571884632109432e+05
3.779450927734369998e+03 1.100685616016390035e+06
3.876571289062500000e+03 7.472529364824299701e+05
3.449540039062500000e+03 9.381820936202999437e+05
4.063048583984380002e+03 8.399604897499090293e+05
3.617909912109380002e+03 1.210014755487439921e+06
1.713786987304690001e+03 3.851148503422740032e+05
1.597598266601559999e+03 4.252224580645560054e+05
3.828071777343750000e+03 9.929182395935059758e+05
4.057648925781250000e+03 9.069445178508759709e+05
4.620061035156250000e+03 8.667061845064159716e+05
4.086837158203130002e+03 9.651338670253750170e+05
4.623668457031250000e+03 1.163023584842680022e+06
3.327791992187500000e+03 5.557042641639709473e+05
4.332623535156250000e+03 8.074999654293060303e+05
3.321771972656250000e+03 5.586740993261339609e+05
3.959435791015619998e+03 9.894368932247159537e+05
2.749431152343750000e+03 7.091626212596889818e+05
1.956893920898440001e+03 4.240697456002240069e+05
4.098475097656250000e+03 6.071549694538119948e+05
2.075625244140619998e+03 5.297742948532110313e+05
3.104959472656250000e+03 6.155588725805280264e+05
3.622005615234380002e+03 1.120497187614439987e+06
4.210234863281250000e+03 8.316763473749159602e+05
4.313806640625000000e+03 7.737324894666669425e+05
2.396185302734369998e+03 5.303252795934679452e+05
2.320085449218750000e+03 4.903846120238300064e+05
1.709782348632809999e+03 4.099271338582040044e+05
3.174211181640619998e+03 6.382188129425049992e+05
2.581065917968750000e+03 4.142816798686980037e+05
4.486257812500000000e+03 8.220591204166410025e+05
4.156764160156250000e+03 7.282771316766740056e+05
3.767736572265619998e+03 7.264854109287259635e+05
4.067763427734380002e+03 9.042399716377259465e+05
3.262741210937500000e+03 8.749428124427800067e+05
2.295181884765630002e+03 4.125766425132749719e+05
4.605707031250000000e+03 6.208056240081789438e+05
3.281619628906250000e+03 5.340589398145680316e+05
3.037409179687500000e+03 6.341861163377759513e+05
2.191072265625000000e+03 5.277292855978009757e+05
3.960862792968750000e+03 8.011242587566380389e+05
3.636811767578119998e+03 8.660295910835269606e+05
4.321759277343750000e+03 7.187994631528860191e+05
3.725514404296869998e+03 5.324863946437840350e+05
4.331852050781250000e+03 7.692107596397399902e+05
3.579781250000000000e+03 9.048688069581990130e+05
3.663655517578130002e+03 5.660604015588760376e+05
2.273166748046869998e+03 4.478533110618590144e+05
3.833120849609369998e+03 9.082912476062780479e+05
2.707971435546880002e+03 5.644793890714650042e+05
4.111038574218750000e+03 9.913299781084059505e+05
3.865159423828119998e+03 8.688207597732540453e+05
3.189452880859369998e+03 4.492844703197479830e+05
4.693085937500000000e+03 7.158918840885160025e+05
3.961610839843750000e+03 1.039201201438899967e+06
2.319625976562500000e+03 4.834899623990060063e+05
3.348813720703119998e+03 6.661621761322020320e+05
3.788491699218750000e+03 1.139158300638200017e+06
2.304947509765630002e+03 4.144259592890740023e+05
3.867977294921880002e+03 6.163861720561980037e+05
1.711661010742190001e+03 4.625625629425049992e+05
3.167462402343750000e+03 5.115758384466170100e+05
2.847991210937500000e+03 4.889247308969500009e+05
4.618388671875000000e+03 7.321498020887370221e+05
4.378957031250000000e+03 8.209253528118130052e+05
3.830847900390619998e+03 9.794489318132400513e+05
4.630503417968750000e+03 7.998956450223920401e+05
4.063295410156250000e+03 8.601769696474079974e+05
4.213003417968750000e+03 5.510342040061949519e+05
4.325678222656250000e+03 7.542527270317079965e+05
3.436327148437500000e+03 6.974590840339659480e+05
3.862455078125000000e+03 8.726782011985779973e+05
3.961670410156250000e+03 1.006820416092869942e+06
2.127865478515619998e+03 4.392987932562829810e+05
3.744254882812500000e+03 6.950171464681630023e+05
3.833445800781250000e+03 8.409272258281710092e+05
3.657955078125000000e+03 7.806118491888049757e+05
2.536451660156250000e+03 5.616690927743910579e+05
4.079993164062500000e+03 8.326348598003389779e+05
4.334684570312500000e+03 7.838907109498979989e+05
2.518895263671869998e+03 5.926687308549879817e+05
3.932833251953119998e+03 8.311968779563900316e+05
4.138315917968750000e+03 9.828211777210240252e+05
9.330666503906250000e+02 3.642299397587780259e+05
4.716490234375000000e+03 8.385098983049390372e+05
3.397681640625000000e+03 9.327572848796839826e+05
4.073568115234380002e+03 6.986404879093170166e+05
4.163749511718750000e+03 9.012951120138169499e+05
3.662306884765619998e+03 7.540034589767459547e+05
2.186444580078119998e+03 5.780668737888339674e+05
3.400404296875000000e+03 8.824862778186800424e+05
4.245999023437500000e+03 7.386313806772229727e+05
3.969058593750000000e+03 1.037337660789489979e+06
4.713521972656250000e+03 9.252405616045000497e+05
3.821810791015630002e+03 8.382706204652789747e+05
3.844873779296869998e+03 6.944830963611600455e+05
4.604214355468750000e+03 6.105747907161710318e+05
4.470460449218750000e+03 7.491536967754360521e+05
2.327744384765630002e+03 4.680061947107319720e+05
3.389638427734380002e+03 6.016646760702129686e+05
4.230937988281250000e+03 7.727456511259080144e+05
4.164387207031250000e+03 6.441646357774740318e+05
3.822736328125000000e+03 5.957705708742140559e+05
2.303624267578119998e+03 4.321779018044469994e+05
3.257405517578130002e+03 1.000068127036090009e+06
3.347231445312500000e+03 7.740471203327180119e+05
3.078956542968750000e+03 1.050941531896590022e+06
4.434739257812500000e+03 8.866448876857759897e+05
2.834789794921880002e+03 5.231962254047389724e+05
3.611656982421869998e+03 1.080736861705780029e+06
4.184642089843750000e+03 6.508267692327500554e+05
1.816831176757809999e+03 3.841942885518069961e+05
4.316437011718750000e+03 8.258815960884089582e+05
3.421814941406250000e+03 5.894667450189590454e+05
2.339546875000000000e+03 6.873971706628799438e+05
3.485088867187500000e+03 7.712420018911360530e+05
2.009663452148440001e+03 5.329772553443909856e+05
3.777862304687500000e+03 1.055704062461850001e+06
4.604052734375000000e+03 7.236411844491959782e+05
4.080542480468750000e+03 8.173335658311840380e+05
2.069553955078119998e+03 5.495925672054289607e+05
2.354250244140619998e+03 4.840054636001589824e+05
2.878459960937500000e+03 4.466709934473040048e+05
1.974735351562500000e+03 6.889608221054079477e+05
4.594138183593750000e+03 8.300241241455080453e+05
4.058799316406250000e+03 7.408197251558300341e+05
3.604361083984369998e+03 6.267757523059849627e+05
2.154507812500000000e+03 5.665554654598239576e+05
2.546563964843750000e+03 4.724688969850540161e+05
1.955466552734380002e+03 4.267614385485650273e+05
3.169963378906250000e+03 5.490993916988370474e+05
4.637007812500000000e+03 7.846744555234910222e+05
4.066478027343750000e+03 7.301451801061630249e+05
2.122301757812500000e+03 6.370733494758609449e+05
3.279625732421869998e+03 6.504077284336090088e+05
4.157351562500000000e+03 9.115913690328600351e+05
4.323289062500000000e+03 1.012659209609030047e+06
3.990498291015619998e+03 1.006547390818599961e+06
3.764856689453119998e+03 8.936254287958140485e+05
4.088805908203130002e+03 8.291040496826169547e+05
3.824162109375000000e+03 8.824817091226580087e+05
4.061167968750000000e+03 7.976027687788009644e+05
3.995752197265630002e+03 6.368172588348389836e+05
4.154827636718750000e+03 6.246647710800169734e+05
3.454893798828130002e+03 7.827595627307889517e+05
2.414462402343750000e+03 5.299761703014370287e+05
1.716279296875000000e+03 3.729298030138019822e+05
4.721353515625000000e+03 8.763863985538480338e+05
4.498170410156250000e+03 7.577332205772399902e+05
4.598981933593750000e+03 1.062901525259020040e+06
3.628643798828119998e+03 5.352722027301789494e+05
4.410511718750000000e+03 9.171269838809970533e+05
3.256061523437500000e+03 6.110843526124949567e+05
4.068103271484380002e+03 8.283859724998469464e+05
3.786371826171869998e+03 5.503398840427399846e+05
4.157654785156250000e+03 9.299549685716630192e+05
4.332493652343750000e+03 7.760597223043439444e+05
4.205283203125000000e+03 1.108881491184229963e+06
2.068454345703119998e+03 4.939551697969440138e+05
3.663555175781250000e+03 5.622315297126770020e+05
1.590359985351559999e+03 4.118627076148989727e+05
3.833869873046880002e+03 8.438952335119249765e+05
3.821479003906250000e+03 1.084246107578279916e+06
4.618741210937500000e+03 7.387021040916440543e+05
3.471255859375000000e+03 1.073296953439709963e+06
4.848878906250000000e+03 6.941886286735540489e+05
2.259847167968750000e+03 6.474335682392120361e+05
4.300461914062500000e+03 5.699884445667270338e+05
4.054352294921880002e+03 7.299023691415790236e+05
4.738881835937500000e+03 6.492943067550660344e+05
4.030703125000000000e+03 8.779340291023260215e+05
2.691725097656250000e+03 6.750160044431689894e+05
4.040666503906250000e+03 1.009480006337170023e+06
3.896679931640619998e+03 6.252032071352009661e+05
3.850208740234369998e+03 1.052228198528290028e+06
3.405289550781250000e+03 8.921232415437699528e+05
3.318759033203130002e+03 4.263695358037949773e+05
3.889032714843750000e+03 7.028457593917850172e+05
4.935766601562500000e+03 7.991262156963349553e+05
4.032673095703130002e+03 1.014349200725559960e+06
4.077135009765630002e+03 9.359765708446500357e+05
3.947928710937500000e+03 6.135537632703779964e+05
2.683143066406250000e+03 5.166999660730360192e+05
4.157253906250000000e+03 9.718388853073120117e+05
4.155457519531250000e+03 9.576048387289049570e+05
4.430603027343750000e+03 1.003363862514500041e+06
2.625455322265619998e+03 4.561463471651080181e+05
4.143198730468750000e+03 9.779360842704769457e+05
3.967444824218750000e+03 1.036973261594770011e+06
3.961592773437500000e+03 8.228819730281829834e+05
3.575555175781250000e+03 8.417748712301249616e+05
4.599518066406250000e+03 7.060355011224750197e+05
4.841387207031250000e+03 1.055520218133929884e+06
2.812890869140630002e+03 5.482549139261250384e+05
3.641941650390619998e+03 8.756622297763819806e+05
2.308166259765619998e+03 4.456562251448630122e+05
4.353806152343750000e+03 7.746582900285719661e+05
2.054849853515630002e+03 4.482487469315530034e+05
3.266478759765619998e+03 5.716798976659779437e+05
2.288942871093750000e+03 4.457430912852290203e+05
3.695506591796869998e+03 5.760594496726989746e+05
2.665612792968750000e+03 4.437799226045610267e+05
2.833522216796869998e+03 5.061996406316760113e+05
4.400365234375000000e+03 6.719840959310530452e+05
3.868439453125000000e+03 6.589312704801559448e+05
4.383286621093750000e+03 9.709265471696850145e+05
3.925795166015630002e+03 9.414111870527269784e+05
4.733815917968750000e+03 7.488326088190079900e+05
2.619533935546880002e+03 7.369940209388730582e+05
3.794392578125000000e+03 6.511579692363740178e+05
2.262038574218750000e+03 3.981900319457050064e+05
4.384278320312500000e+03 9.703443734645840013e+05
3.473571777343750000e+03 5.936856616735459538e+05
4.067428222656250000e+03 7.622762709856029833e+05
4.468454101562500000e+03 5.248878003358839778e+05
4.328051757812500000e+03 7.306516962051390437e+05
3.696707275390619998e+03 8.312236809730529785e+05
4.341090332031250000e+03 9.228002687692639884e+05
2.416080078125000000e+03 5.262694349288940430e+05
4.439853515625000000e+03 7.886860142946239794e+05
3.891349853515619998e+03 8.773532564640040509e+05
4.330611328125000000e+03 8.162803900241849478e+05
4.102997070312500000e+03 8.249266777038569562e+05
4.157414062500000000e+03 8.713365274667739868e+05
3.172219970703119998e+03 5.246980471611019457e+05
4.510912597656250000e+03 7.034060033559800358e+05
3.524671875000000000e+03 7.284398990869519766e+05
2.532871582031250000e+03 5.584096022844309919e+05
4.103119628906250000e+03 8.162750903367999708e+05
3.846288574218750000e+03 7.816558266878130380e+05
3.663980957031250000e+03 8.229815096855160082e+05
2.689320556640619998e+03 4.356898279786109924e+05
4.338727050781250000e+03 8.885764105319980299e+05
3.404686279296869998e+03 8.968533039093019906e+05
2.196114501953119998e+03 6.241712909936909564e+05
3.466470214843750000e+03 1.194996659755710047e+06
2.778919677734369998e+03 5.352919394969940186e+05
4.353038574218750000e+03 7.496875032186510507e+05
3.378593017578130002e+03 5.959997366666790331e+05
2.184423828125000000e+03 5.525597220659259474e+05
2.545767333984369998e+03 4.741743912100790185e+05
9.339273071289060226e+02 3.700946530103679979e+05
2.721228759765619998e+03 4.292917346954349778e+05
4.005463134765630002e+03 1.049952013254170073e+06
2.346492675781250000e+03 4.113599073886870174e+05
3.992208251953119998e+03 1.136052561998370104e+06
2.098072265625000000e+03 5.350607634782789974e+05
2.293943359375000000e+03 4.153466124534609844e+05
3.620984619140619998e+03 8.898247001171109732e+05
4.419895996093750000e+03 7.601277046203609789e+05
2.071661865234369998e+03 4.626626783013339736e+05
4.607196777343750000e+03 7.605178103446960449e+05
3.996076660156250000e+03 9.786413691043850267e+05
4.554122070312500000e+03 6.578502560853960458e+05
2.196116943359369998e+03 6.524336709976199782e+05
4.322299804687500000e+03 7.687928762435909593e+05
3.835170166015619998e+03 9.143944772481919499e+05
3.931960693359369998e+03 1.040536357164380024e+06
3.492922363281250000e+03 7.033577579259870108e+05
4.574781738281250000e+03 7.481795898675919743e+05
1.975013427734380002e+03 4.140577833056449890e+05
4.659465332031250000e+03 8.732810863256449811e+05
4.159163085937500000e+03 9.803568840026860125e+05
3.799905517578119998e+03 7.278857467174530029e+05
4.497070312500000000e+03 8.967614426612850511e+05
3.868591552734369998e+03 9.932024734020229662e+05
3.638468017578130002e+03 8.757296637296680128e+05
3.800227539062500000e+03 7.797710263729100116e+05
3.954312255859369998e+03 6.965568579435349675e+05
4.054287353515630002e+03 7.179884282350540161e+05
3.965241943359369998e+03 1.010613408446309972e+06
3.604807128906250000e+03 1.134777225732800085e+06
4.394408203125000000e+03 5.788840003013609676e+05
3.175135986328119998e+03 1.089331127166749910e+06
4.214472656250000000e+03 9.795246503353120061e+05
4.394690917968750000e+03 1.078288406133650104e+06
2.320960937500000000e+03 4.131466025710109971e+05
4.392473632812500000e+03 6.705444084405900212e+05
4.409476074218750000e+03 7.363011629581450252e+05
4.894945312500000000e+03 7.016455324888230534e+05
2.090170654296869998e+03 5.171871109008790227e+05
3.283841064453119998e+03 5.947940273284909781e+05
2.316780029296880002e+03 5.975462098121639574e+05
2.195613037109369998e+03 3.880482577681540279e+05
3.861706298828130002e+03 8.261892825365070021e+05
4.061151611328130002e+03 1.154382414102549898e+06
3.619791015625000000e+03 1.130638352632520022e+06
4.382927734375000000e+03 8.735062925815579947e+05
2.562945556640630002e+03 4.401724497675899765e+05
4.718874023437500000e+03 9.019834012985229492e+05
4.157044433593750000e+03 1.025616214275359991e+06
3.989208740234380002e+03 7.875106410980230430e+05
3.621997070312500000e+03 1.088161662816999946e+06
2.598572509765630002e+03 4.589811012148860027e+05
2.078631103515619998e+03 4.656982113122940063e+05
3.786154296875000000e+03 5.493895343542100163e+05
1.522257934570309999e+03 4.479951538443570025e+05
4.608590332031250000e+03 7.061324793100360548e+05
3.726435546875000000e+03 4.976995816826819791e+05
3.631891601562500000e+03 8.990929396152499830e+05
2.546762939453119998e+03 4.765845915675159777e+05
3.642365234375000000e+03 9.444792187213900033e+05
2.975273193359369998e+03 4.531246116161349928e+05
3.962818603515619998e+03 9.043329902887339704e+05
2.293609375000000000e+03 4.205733529925349867e+05
3.389684570312500000e+03 9.001715173721309984e+05
3.656108886718750000e+03 1.123613160133359954e+06
3.851664550781250000e+03 7.759834555387500441e+05
3.573930908203119998e+03 9.332287743091579759e+05
2.988233398437500000e+03 1.295191452980040107e+06
3.999087158203119998e+03 6.982550117969509447e+05
3.378929687500000000e+03 5.947186133861539420e+05
2.646201416015619998e+03 5.173422638177869958e+05
3.648005859375000000e+03 6.424996201992039569e+05
4.590115722656250000e+03 9.637582631111149676e+05
3.551345947265619998e+03 1.181834672927859938e+06
4.609157714843750000e+03 5.904848332405090332e+05
3.847599853515630002e+03 8.164272583723070566e+05
3.911919677734369998e+03 8.662013740539549617e+05
4.146256835937500000e+03 9.566167211532590445e+05
2.295284667968750000e+03 4.630202549099919852e+05
4.201473144531250000e+03 9.247560970783230150e+05
4.528367675781250000e+03 6.043196976184849627e+05
3.698683837890619998e+03 5.676470183134080144e+05
4.612602050781250000e+03 7.165191965103150578e+05
4.389103515625000000e+03 8.673527463674549945e+05
3.461391601562500000e+03 7.410537033081060508e+05
3.673361328125000000e+03 8.865246396064759465e+05
2.674163818359369998e+03 4.232238667607309762e+05
3.202559082031250000e+03 4.581919046640400193e+05
2.561554199218750000e+03 4.523387654423710192e+05
2.644205566406250000e+03 4.934348562359809875e+05
3.422061767578119998e+03 6.744815279245380079e+05
2.335455810546869998e+03 4.191742050647740252e+05
4.386338867187500000e+03 1.000911081910129986e+06
2.311050292968750000e+03 5.152535169124599779e+05
3.697509521484369998e+03 5.801360666751860408e+05
2.318405273437500000e+03 4.525448136329649715e+05
1.714157714843750000e+03 4.178286022543910076e+05
4.168708007812500000e+03 9.533322551250460092e+05
4.062328613281250000e+03 6.510284010171890259e+05
3.788430419921869998e+03 4.480253681540489779e+05
3.992403808593750000e+03 1.003645476937290048e+06
4.153517089843750000e+03 9.301542855501179583e+05
3.708834472656250000e+03 7.084369295835499652e+05
1.974009155273440001e+03 6.550761438608169556e+05
1.958752075195309999e+03 4.206893674135209876e+05
4.216252929687500000e+03 8.137425098419189453e+05
3.459499755859380002e+03 1.055887541294099996e+06
2.437045166015630002e+03 4.941429432034490164e+05
2.285427246093750000e+03 3.925783026218410232e+05
2.551156250000000000e+03 4.870879323482509935e+05
3.918853271484369998e+03 7.652391617298129713e+05
2.930402099609369998e+03 5.614639278650280321e+05
2.989416992187500000e+03 5.266602716445920523e+05
3.796071044921869998e+03 7.173625168800350511e+05
3.026356933593750000e+03 6.178230574131009635e+05
4.556733886718750000e+03 6.899494270086289616e+05
4.088464599609380002e+03 8.573188543319699820e+05
2.865950927734369998e+03 6.470006995201109676e+05
3.749315429687500000e+03 6.764944344758989755e+05
4.192301269531250000e+03 6.443308144807820208e+05
2.538368896484369998e+03 5.369282027482989943e+05
3.608924804687500000e+03 1.028136794328690041e+06
2.380528564453119998e+03 6.114794534444810124e+05
2.301175292968750000e+03 4.939487127065659733e+05
4.470312500000000000e+03 6.016088161468510516e+05
4.164804199218750000e+03 1.035277605295179994e+06
3.036462890625000000e+03 6.483829432725909865e+05
3.386165527343750000e+03 7.893454294204709586e+05
2.536962890625000000e+03 4.944214204549790011e+05
3.876750732421869998e+03 7.887113553285599919e+05
3.670942382812500000e+03 5.945837454795839731e+05
3.623708740234369998e+03 8.673514062166210497e+05
3.829391845703119998e+03 7.085626600980759831e+05
3.466509277343750000e+03 1.129603147029879969e+06
3.014904541015630002e+03 5.342041025161739672e+05
3.571248046875000000e+03 6.969206479787830031e+05
3.822925781250000000e+03 1.077301080465320032e+06
3.647100830078119998e+03 8.613179862499240553e+05
3.647932861328130002e+03 5.597000457048419630e+05
2.624955322265619998e+03 3.898235921263690107e+05
4.399320312500000000e+03 9.325968322753909742e+05
2.621340820312500000e+03 4.694778630733489990e+05
4.320568359375000000e+03 6.353002080917359563e+05
3.342439453125000000e+03 5.441527731418609619e+05
2.593446289062500000e+03 3.889768604636189993e+05
4.430657714843750000e+03 9.294814689159389818e+05
3.264936279296869998e+03 5.548393795490269549e+05
2.301285156250000000e+03 4.274273412227630033e+05
4.377019042968750000e+03 7.853783392906190129e+05
4.215375000000000000e+03 9.483081514835359994e+05
2.020037963867190001e+03 5.580533658266069833e+05
3.838002197265619998e+03 9.170411533117289655e+05
4.615575195312500000e+03 8.161343135833740234e+05
3.111578125000000000e+03 6.459988149404530413e+05
2.411147460937500000e+03 5.362924839258190477e+05
4.009806396484380002e+03 6.753059034347529523e+05
3.446794921875000000e+03 9.428645197153090267e+05
3.744757080078119998e+03 5.659529458284380380e+05
4.313480468750000000e+03 8.613622721433639526e+05
2.193006347656250000e+03 5.702154173851009691e+05
1.586482421875000000e+03 4.195150907039640006e+05
4.082975097656250000e+03 6.149220572710039560e+05
3.519274658203130002e+03 1.015753008723260020e+06
2.282043212890619998e+03 5.390591644048689632e+05
4.605788085937500000e+03 7.502738801240919856e+05
4.630224609375000000e+03 8.170465908050539438e+05
3.082028320312500000e+03 6.402416487932209857e+05
4.586473144531250000e+03 8.184249968528749887e+05
1.521367187500000000e+03 4.712397959232329740e+05
4.335787597656250000e+03 7.513879718780519906e+05
3.054091552734369998e+03 6.652271772623059805e+05
4.336198730468750000e+03 7.503324812650680542e+05
4.602400390625000000e+03 9.331264964342119638e+05
2.924881103515619998e+03 6.655185991525650024e+05
2.668535888671869998e+03 4.572218486666679964e+05
3.551063964843750000e+03 7.011505904197690543e+05
3.823592529296869998e+03 8.867402820587160531e+05
3.779554687500000000e+03 1.137572049379349919e+06
3.728404296875000000e+03 7.875380532741550123e+05
2.672534912109369998e+03 4.161784197092059767e+05
2.463933105468750000e+03 4.961123862266539945e+05
2.047069702148440001e+03 5.826839370727540227e+05
4.431187988281250000e+03 6.555784567594530527e+05
4.458541992187500000e+03 6.781140676736830501e+05
3.996141845703130002e+03 9.453024977445600089e+05
3.908802734375000000e+03 8.339261560440059984e+05
4.647758300781250000e+03 8.702839608192440355e+05
4.154549316406250000e+03 6.741330277919770451e+05
3.438615478515619998e+03 6.036234892606739886e+05
3.147045166015630002e+03 6.571195083856580313e+05
1.974510375976559999e+03 5.163162565231319750e+05
3.183196777343750000e+03 5.608152339458470233e+05
1.741670532226559999e+03 4.153473434448239859e+05
3.094555908203119998e+03 7.594838839769359911e+05
4.252864257812500000e+03 5.469165905714039691e+05
4.046202392578130002e+03 7.538848556280139601e+05
2.082950439453119998e+03 5.250755432844159659e+05
3.815923095703130002e+03 1.085622076988219982e+06
4.069584228515630002e+03 8.377296259403229924e+05
4.063173339843750000e+03 7.174638810157780536e+05
3.854158935546869998e+03 7.991340129375460092e+05
3.785676513671869998e+03 1.069923671960829990e+06
2.115642578125000000e+03 5.775782669782639714e+05
3.445518554687500000e+03 5.900820569992070086e+05
3.906342285156250000e+03 7.543121200799939688e+05
4.326735351562500000e+03 7.476183712482450064e+05
3.545663330078119998e+03 7.930969380140299909e+05
4.329990722656250000e+03 7.673356449604029767e+05
2.083715087890630002e+03 6.459657375812530518e+05
1.773364013671880002e+03 5.015365858078000019e+05
4.584283691406250000e+03 6.199085757732390193e+05
1.526030029296880002e+03 4.268122119903559797e+05
3.647321533203119998e+03 7.108572419881819515e+05
2.405074951171869998e+03 4.784176437854769756e+05
4.179277832031250000e+03 9.412587144374849740e+05
2.413574951171880002e+03 4.725114163160320022e+05
3.933384033203119998e+03 8.637711932659150334e+05
3.755471435546869998e+03 7.331416964530949481e+05
3.965529541015619998e+03 1.011125102400779957e+06
4.637710449218750000e+03 7.446736334562300472e+05
4.404249023437500000e+03 5.848830027580260066e+05
2.679419433593750000e+03 4.771165400743479840e+05
3.423145996093750000e+03 5.664180390834809514e+05
3.704473876953119998e+03 6.430892256498340284e+05
4.216587890625000000e+03 7.981197015047069872e+05
1.975896362304690001e+03 3.972927095890039927e+05
4.079106933593750000e+03 9.642498548030849779e+05
3.577664550781250000e+03 8.467053470611569937e+05
3.381976318359380002e+03 5.219420269727709820e+05
4.209469726562500000e+03 9.673527303934099618e+05
3.766531494140619998e+03 8.505780783891680185e+05
1.371325683593750000e+03 5.079719291925429716e+05
1.711031250000000000e+03 3.621702802181239822e+05
4.313751464843750000e+03 7.924760826826100238e+05
3.876580566406250000e+03 7.054192754030229989e+05
3.173466796875000000e+03 7.263373242616649950e+05
4.502334960937500000e+03 9.703161084651950514e+05
3.422902099609369998e+03 6.265253877639770508e+05
2.318787109375000000e+03 5.405743267536159838e+05
3.928878662109369998e+03 7.815241873264310416e+05
4.037925048828130002e+03 1.051212120532989968e+06
3.443486083984369998e+03 8.380692323446270311e+05
4.639224121093750000e+03 8.941823223829270573e+05
4.001889892578130002e+03 1.035470221519469982e+06
3.574620849609380002e+03 7.065043711662290152e+05
4.065567626953130002e+03 8.205267188549039420e+05
3.942352539062500000e+03 8.117768131494519766e+05
4.059881835937500000e+03 7.994288461208340013e+05
3.629448974609369998e+03 7.359965832233430119e+05
4.382647460937500000e+03 8.595194429159159772e+05
3.681811279296880002e+03 6.323814204931260319e+05
4.161656738281250000e+03 8.854682352542879526e+05
3.594668945312500000e+03 9.371512739658360370e+05
4.339125976562500000e+03 6.619545289278030396e+05
4.594504394531250000e+03 6.238381416797640268e+05
4.062072265625000000e+03 9.252324597835539607e+05
2.861768798828130002e+03 6.024255162477489794e+05
4.006532714843750000e+03 5.971441036462780321e+05
2.584570312500000000e+03 4.892361332178119919e+05
2.543967773437500000e+03 4.609595293402670068e+05
2.325413818359369998e+03 5.215802471637729905e+05
2.198327392578119998e+03 4.962800269126889762e+05
2.621962158203130002e+03 4.427981098294259864e+05
4.061824707031250000e+03 8.500691865682599600e+05
2.115979736328119998e+03 4.784189230203630286e+05
2.678086425781250000e+03 5.098210936784740188e+05
4.383857910156250000e+03 8.028597540855410043e+05
3.376365966796869998e+03 8.713116128444670467e+05
2.729645263671869998e+03 4.563187697529789875e+05
4.471668945312500000e+03 9.753522734642029973e+05
3.868666015625000000e+03 6.545241235494610155e+05
3.927429199218750000e+03 5.916078187227250310e+05
3.838222412109369998e+03 8.254150408506389940e+05
3.782458740234369998e+03 1.057778981447220081e+06
2.542760253906250000e+03 4.593434292674069875e+05
2.677197509765619998e+03 5.150790536403660080e+05
3.614099365234380002e+03 1.186678099870679900e+06
3.930289062500000000e+03 9.079587683677669847e+05
3.785316162109380002e+03 1.054292883634570055e+06
4.327253906250000000e+03 7.425360319614410400e+05
4.613987792968750000e+03 9.651731578111649724e+05
3.491502929687500000e+03 1.022035940408710041e+06
3.982535156250000000e+03 9.483481123447420541e+05
4.064758300781250000e+03 8.476505188941960223e+05
4.617660156250000000e+03 6.796255750656130258e+05
4.323919433593750000e+03 7.504493180513379630e+05
2.548363281250000000e+03 5.149765321016309899e+05
2.301734375000000000e+03 5.016706008911129902e+05
3.125956542968750000e+03 6.774428348541259766e+05
4.669249511718750000e+03 6.536842144727710402e+05
2.391845458984369998e+03 4.060456610918050283e+05
2.535569091796880002e+03 4.624577570557590225e+05
2.317305908203119998e+03 4.347138326764110243e+05
1.975010742187500000e+03 4.394558345675470191e+05
3.455135009765619998e+03 7.850465301275249803e+05
2.535567382812500000e+03 5.160218497514729970e+05
3.840661376953119998e+03 8.434682736396789551e+05
4.445046386718750000e+03 6.063122582435610238e+05
1.976013916015619998e+03 4.086766512990000192e+05
4.059109863281250000e+03 9.091218974590300350e+05
4.325679199218750000e+03 7.960751795768740121e+05
4.005736328125000000e+03 1.080417418479919899e+06
3.574523193359369998e+03 5.796887608766560443e+05
2.539575439453130002e+03 4.990754292607309762e+05
4.388731933593750000e+03 9.212474603652949445e+05
3.856980224609380002e+03 8.090513118505480234e+05
3.927704589843750000e+03 9.348995159864430316e+05
4.311538085937500000e+03 8.769491400718690129e+05
4.334859375000000000e+03 7.848697520494459895e+05
4.079248046875000000e+03 6.233625099658969557e+05
2.312620849609380002e+03 4.509200025796890259e+05
3.845405273437500000e+03 9.670639278888700064e+05
2.270541503906250000e+03 4.310572615861889790e+05
1.976013427734380002e+03 5.566320749521260150e+05
2.310065917968750000e+03 5.234437878131869948e+05
2.735149658203130002e+03 4.673545159101490281e+05
2.747485351562500000e+03 5.656475741863249568e+05
3.647671630859369998e+03 5.227658542394639808e+05
2.343851074218750000e+03 4.772397121191030019e+05
3.682101074218750000e+03 6.400040766000750009e+05
3.626464843750000000e+03 6.287215903997420100e+05
3.252067138671880002e+03 6.627847523689270020e+05
3.469812500000000000e+03 8.986488623619079590e+05
4.655948242187500000e+03 9.075051273107529851e+05
2.311048095703119998e+03 4.503865311741830083e+05
4.074473388671880002e+03 8.132442173957830528e+05
4.078125732421880002e+03 7.104609837532039965e+05
4.383567382812500000e+03 8.232622712850569515e+05
3.360596435546880002e+03 5.569359846115109976e+05
3.461971435546880002e+03 1.160816965579990065e+06
4.070170166015630002e+03 8.416551104784009513e+05
3.673054931640630002e+03 1.137817053318019956e+06
3.473732910156250000e+03 1.265159891128540039e+06
4.215368164062500000e+03 9.652561862468719482e+05
4.410170410156250000e+03 8.921329271793370135e+05
3.879572021484380002e+03 9.792642346620559692e+05
4.440721191406250000e+03 6.531937192678450374e+05
2.278706298828119998e+03 5.918212682008739794e+05
4.587820312500000000e+03 9.189663408994670026e+05
4.099948242187500000e+03 8.509089128971099854e+05
3.833395751953119998e+03 8.130327781438829843e+05
4.466401367187500000e+03 7.178877341747280443e+05
3.634843994140619998e+03 9.547259510755540105e+05
3.065673339843750000e+03 6.195734162330629770e+05
3.845542236328130002e+03 9.052654916048049927e+05
4.427265625000000000e+03 9.118093872070310172e+05
2.292616210937500000e+03 4.721396462917330209e+05
3.604560302734369998e+03 6.748653593063360313e+05
4.939313476562500000e+03 6.570023061037060106e+05
2.362736083984369998e+03 4.697681884765630239e+05
3.032521484375000000e+03 5.575293668508529663e+05
4.337980468750000000e+03 7.642316119670870248e+05
4.598934570312500000e+03 1.055058840751650045e+06
3.836713134765619998e+03 8.808137086629869882e+05
2.669384277343750000e+03 4.606448375582700246e+05
2.642010986328119998e+03 4.676135305166239850e+05
3.603077880859369998e+03 5.353681453466420062e+05
2.399477783203119998e+03 5.201308131217960035e+05
3.599966308593750000e+03 8.216665780544279842e+05
2.408886962890619998e+03 5.048906483054159908e+05
3.737289794921869998e+03 9.731061806678769644e+05
4.424234863281250000e+03 8.267780960798260057e+05
4.056035156250000000e+03 7.512113156318670372e+05
2.408981689453119998e+03 4.803138962984089740e+05
3.275237304687500000e+03 5.558882303237919696e+05
1.600726196289059999e+03 7.428671710491180420e+05
3.886590576171869998e+03 7.510643254518510075e+05
3.276075195312500000e+03 5.408514943122860277e+05
3.823934570312500000e+03 1.009894843935969984e+06
3.781143066406250000e+03 6.967659214735029964e+05
4.082022949218750000e+03 8.882448450326919556e+05
3.650057373046869998e+03 8.549766361713409424e+05
4.064372802734369998e+03 8.449848979711530264e+05
2.126741699218750000e+03 4.995021454691889812e+05
3.784631835937500000e+03 6.131063965559010394e+05
3.430376953125000000e+03 9.179179165363309439e+05
3.813501953125000000e+03 1.057211122989649884e+06
3.620099609375000000e+03 8.978138265609740047e+05
3.726031005859369998e+03 6.389305548667910043e+05
2.547965087890619998e+03 4.655904510021209717e+05
2.307061523437500000e+03 4.020677583813670208e+05
3.693390380859369998e+03 9.503269668817520142e+05
4.072767822265630002e+03 9.094248324632639997e+05
3.041751464843750000e+03 8.079994761943819467e+05
4.045228515625000000e+03 5.445746160745619563e+05
3.848689941406250000e+03 9.043270814418790396e+05
1.711535644531250000e+03 3.722079795002940227e+05
4.421285644531250000e+03 9.528320133686070330e+05
1.847219238281250000e+03 6.389614392518999521e+05
2.097224853515619998e+03 4.625895791649820167e+05
2.409091552734369998e+03 5.485585799217219464e+05
1.816835083007809999e+03 3.601455864310259931e+05
2.102320800781250000e+03 6.264402272701259935e+05
1.715904663085940001e+03 3.823298646211620071e+05
2.644573730468750000e+03 5.186035284996029804e+05
3.267143798828119998e+03 5.529469647407530574e+05
3.761160400390619998e+03 5.526253285408020020e+05
3.910890869140619998e+03 9.498072320222860435e+05
4.418651855468750000e+03 8.973715767860410269e+05
2.303505371093750000e+03 5.097555785775179975e+05
4.507366699218750000e+03 5.694800400733950082e+05
4.300079101562500000e+03 1.354678677320480114e+06
3.394858886718750000e+03 1.172004179239270044e+06
4.154312011718750000e+03 9.325352462530139601e+05
4.338378906250000000e+03 7.991511912345889723e+05
2.305502685546869998e+03 4.399425834417340229e+05
3.546613769531250000e+03 7.522227030992510263e+05
4.609981445312500000e+03 6.965346845388410147e+05
4.402841796875000000e+03 5.990818399190900382e+05
4.058012695312500000e+03 9.619894467592240544e+05
3.304921142578119998e+03 5.685223804712300189e+05
4.334299316406250000e+03 7.671292617321009748e+05
4.192932617187500000e+03 1.015602607250210014e+06
3.377923828125000000e+03 8.026411267518999521e+05
3.273233886718750000e+03 5.930597503185269888e+05
2.820722412109369998e+03 5.241102082729340182e+05
2.332305175781250000e+03 4.520340943336489727e+05
4.721437011718750000e+03 8.830132007598880446e+05
2.333634765625000000e+03 4.066973703503609868e+05
4.441320312500000000e+03 6.745049805641169660e+05
3.450870117187500000e+03 6.177514811754230177e+05
3.285578369140619998e+03 5.745241850614550058e+05
3.574365478515630002e+03 8.606953034400939941e+05
4.880590820312500000e+03 8.153740216493610060e+05
3.015413818359369998e+03 7.763677133321759757e+05
4.378686523437500000e+03 9.818987275362010114e+05
4.082477050781250000e+03 7.374216508865359938e+05
2.639597656250000000e+03 4.711953577399249771e+05
3.614006347656250000e+03 1.145108814001080114e+06
3.348480712890619998e+03 7.400080810785290087e+05
2.539175292968750000e+03 4.605123149156569852e+05
4.077839111328130002e+03 5.932239797115329420e+05
3.852830078125000000e+03 8.862300500869749812e+05
4.073831542968750000e+03 8.917572585344320396e+05
2.454637207031250000e+03 4.779494438171390211e+05
3.830854248046869998e+03 7.015021363496780396e+05
4.086924560546880002e+03 7.830035920143129770e+05
4.325105468750000000e+03 6.395349019765850389e+05
3.958384521484369998e+03 1.016484670162199996e+06
3.322072265625000000e+03 6.038189685344699537e+05
4.470078613281250000e+03 7.094961360692980234e+05
3.920156738281250000e+03 6.899372438192369882e+05
4.079099853515619998e+03 6.397543212175370427e+05
2.585935791015619998e+03 4.136008832454680232e+05
2.335657958984369998e+03 4.697192120552060078e+05
4.163155273437500000e+03 9.551079549789429875e+05
3.598544921875000000e+03 1.067392005205149995e+06
3.547177001953119998e+03 8.733923797607419547e+05
3.842101318359369998e+03 8.272919830083850538e+05
3.813942382812500000e+03 1.055824066877370002e+06
3.955910888671869998e+03 1.092580383777620038e+06
4.050782470703130002e+03 6.859576050043109572e+05
3.018341308593750000e+03 5.333830164670939557e+05
3.172959716796869998e+03 4.937662389874460059e+05
3.183204589843750000e+03 7.023159124851230299e+05
2.311166259765619998e+03 5.045696212649350055e+05
4.520896972656250000e+03 8.082910808324810350e+05
4.143086914062500000e+03 7.888119275569920428e+05
3.577959472656250000e+03 5.720009247064590454e+05
3.173466308593750000e+03 4.961589869260789710e+05
3.747800781250000000e+03 8.539807213544850238e+05
1.706399902343750000e+03 4.197265604138380149e+05
2.179260986328130002e+03 5.860027596950529842e+05
3.842100341796869998e+03 8.354234700202939566e+05
2.445315185546869998e+03 5.138982589244840201e+05
2.903560058593750000e+03 4.602941749095920241e+05
2.561464599609369998e+03 4.098481867909429711e+05
4.256975585937500000e+03 6.850547088384629460e+05
4.210779785156250000e+03 1.049952256917949999e+06
2.371674072265619998e+03 4.787627326250079786e+05
4.618000976562500000e+03 8.565752533674240112e+05
3.901917968750000000e+03 5.199989300966259907e+05
2.683967773437500000e+03 5.026569823622700060e+05
3.402782226562500000e+03 7.944270986318589421e+05
3.806595703125000000e+03 1.009633575439449982e+06
4.349994628906250000e+03 9.311771252155300463e+05
4.436543945312500000e+03 8.533004120588300284e+05
2.669434082031250000e+03 6.665958367586140521e+05
2.085956542968750000e+03 4.381393191218380234e+05
4.608663085937500000e+03 7.482696236371990526e+05
3.628168212890630002e+03 8.923159186840059701e+05
3.110154785156250000e+03 6.297726950645450270e+05
2.306843505859369998e+03 4.466296619772909908e+05
4.455176269531250000e+03 8.951190268993380014e+05
4.637920410156250000e+03 7.452984483242030255e+05
3.865516113281250000e+03 1.049049726247790037e+06
4.063689208984380002e+03 7.966653332710269606e+05
2.407865478515619998e+03 5.393842728137969971e+05
3.506400146484369998e+03 6.293309326171879657e+05
3.918519042968750000e+03 7.166229363679890521e+05
3.655018310546869998e+03 5.519554967880250188e+05
2.881810302734369998e+03 5.487605772018430289e+05
3.918864257812500000e+03 9.879134463071819628e+05
2.728638427734380002e+03 4.864483149051669752e+05
2.100060058593750000e+03 4.839416846036909847e+05
4.525149414062500000e+03 7.315171899795529898e+05
3.637448486328119998e+03 1.152030693054199917e+06
3.565662109375000000e+03 5.444442559480669443e+05
3.715152587890619998e+03 9.341432445049290545e+05
4.066572998046880002e+03 7.050841158628460253e+05
3.890412841796869998e+03 1.031563438177110045e+06
3.836530029296869998e+03 8.097465455532070482e+05
3.455866943359369998e+03 8.920338169336320134e+05
3.882175048828119998e+03 8.088572336435320321e+05
3.780416015625000000e+03 1.028788716793059953e+06
2.329971679687500000e+03 4.490414461493489798e+05
3.369931396484369998e+03 6.169401416778559797e+05
2.182080810546869998e+03 5.315900774002079852e+05
4.324180175781250000e+03 9.231221486330030020e+05
3.545659179687500000e+03 7.616226428747179452e+05
2.338593994140619998e+03 4.475498278141019982e+05
3.458605712890630002e+03 1.029160913228990044e+06
4.527513671875000000e+03 5.911233541965479963e+05
3.701614257812500000e+03 1.180172520399089903e+06
4.184433593750000000e+03 1.019094065666200011e+06
4.396516601562500000e+03 8.919341584444049513e+05
5.261337402343750000e+03 7.228944158554079477e+05
2.407484375000000000e+03 4.926883922219279921e+05
3.548723632812500000e+03 1.172797304868699983e+06
2.191904052734380002e+03 5.273832221031190129e+05
4.141310058593750000e+03 8.875687998533250066e+05
2.348414062500000000e+03 4.349720553755760193e+05
3.392489257812500000e+03 6.433925870656969491e+05
4.195728515625000000e+03 1.078971273899079999e+06
3.612054443359369998e+03 6.496194151639939519e+05
4.281578613281250000e+03 6.330786035060880240e+05
3.730412109375000000e+03 5.619482096433639526e+05
4.084185791015630002e+03 8.268994406461720355e+05
3.852443847656250000e+03 8.907250987291339552e+05
2.543365722656250000e+03 4.884221743345260038e+05
1.850763183593750000e+03 6.362694417238240130e+05
3.644875488281250000e+03 9.947413929700850276e+05
4.338342285156250000e+03 8.115624499320980394e+05
2.736697021484369998e+03 4.400653290748600266e+05
4.322996093750000000e+03 7.182121115922930185e+05
3.678368408203119998e+03 5.435560405254360521e+05
4.636052734375000000e+03 9.549515837430950487e+05
3.546411376953130002e+03 1.102915017843249952e+06
3.663714843750000000e+03 7.205530505180360051e+05
2.361829101562500000e+03 4.983713322877879837e+05
3.845848876953119998e+03 6.698732974529269850e+05
4.409655273437500000e+03 6.561585593223569449e+05
2.531663574218750000e+03 5.665170884132389911e+05
2.818898437500000000e+03 5.198289136886600172e+05
2.333520019531250000e+03 4.553944311738010147e+05
3.852952148437500000e+03 9.609069094657900278e+05
4.392326660156250000e+03 5.722684675455089891e+05
1.725655395507809999e+03 4.095319416522979736e+05
3.650924316406250000e+03 5.956604957580569899e+05
3.504028564453119998e+03 1.149650097846979974e+06
2.281867187500000000e+03 5.478361167907719500e+05
2.294717529296869998e+03 4.272021958827970084e+05
3.850302490234369998e+03 8.131482747793199960e+05
4.549577148437500000e+03 6.529012008905409602e+05
4.063400146484380002e+03 8.546129070520399837e+05
1.762980712890630002e+03 4.300689612627030001e+05
1.716278686523440001e+03 6.480535098314289935e+05
2.609834716796869998e+03 6.459778598546979483e+05
2.094971191406250000e+03 4.323264453411099967e+05
3.480659667968750000e+03 7.228860094547270564e+05
2.522288330078119998e+03 4.434229856133459834e+05
4.391888671875000000e+03 8.005754060745240422e+05
3.568544677734369998e+03 5.862438650131230243e+05
1.954469238281250000e+03 3.691195714473720291e+05
4.454373535156250000e+03 5.632376784086229745e+05
4.350002929687500000e+03 8.890104366540909978e+05
2.318726562500000000e+03 5.817039822340010433e+05
3.668325439453119998e+03 8.199873690605160082e+05
4.077253906250000000e+03 5.405803574323649518e+05
3.103725097656250000e+03 6.516556525230410043e+05
4.437534667968750000e+03 6.660122010707859881e+05
4.770716796875000000e+03 6.715003014802930411e+05
3.616408935546869998e+03 1.108702520132059930e+06
2.127056396484380002e+03 5.894478610754009569e+05
2.286186035156250000e+03 5.315174655914310133e+05
4.465025878906250000e+03 1.017431852221490000e+06
4.607974121093750000e+03 7.166688060760500375e+05
1.943606689453130002e+03 7.794842950105669443e+05
1.974509155273440001e+03 5.237231483459469746e+05
3.771886474609380002e+03 7.132269332408909686e+05
3.709256591796869998e+03 5.726696599721909733e+05
3.209482666015619998e+03 5.501491562128070509e+05
3.971758056640619998e+03 1.017894874334339984e+06
3.901237304687500000e+03 8.374876068830490112e+05
2.589315917968750000e+03 3.855159209370610188e+05
2.079251464843750000e+03 4.588601526021959726e+05
2.302726074218750000e+03 4.342650039792060270e+05
3.621302490234369998e+03 1.105484574317930033e+06
2.380455078125000000e+03 5.713792165517810499e+05
4.341487792968750000e+03 6.601297308206560556e+05
3.616408447265619998e+03 8.675518196821210440e+05
2.398680664062500000e+03 5.109227585792539758e+05
3.742318603515619998e+03 5.827635542154309805e+05
3.494378906250000000e+03 6.163486478328700177e+05
3.772911376953119998e+03 1.123945273876189953e+06
3.995826660156250000e+03 6.325652039051060565e+05
2.881047851562500000e+03 5.518702144622800406e+05
2.279379150390619998e+03 6.552947102785110474e+05
3.779334228515619998e+03 5.807670949697500328e+05
3.524474853515619998e+03 9.252090680599210318e+05
3.708744873046869998e+03 6.092050347328189528e+05
3.536624023437500000e+03 7.439922276735310443e+05
2.538950683593750000e+03 6.451539716720579891e+05
3.849418212890619998e+03 7.399512465000150260e+05
3.649564208984369998e+03 5.671203999519350473e+05
4.167358886718750000e+03 9.191859428882600041e+05
2.742444824218750000e+03 7.077767225503920345e+05
3.995910644531250000e+03 6.567144173383710440e+05
3.648345947265619998e+03 8.273395583629610483e+05
4.057529785156250000e+03 7.682100933790210402e+05
2.535961181640630002e+03 4.364157328605650109e+05
4.752931640625000000e+03 7.457314388751980150e+05
3.577440917968750000e+03 8.261059495210649911e+05
4.370906738281250000e+03 5.706072287559510441e+05
3.092631103515619998e+03 7.757275476455689641e+05
2.376059082031250000e+03 4.789911065101620043e+05
4.349995605468750000e+03 9.227629882097239606e+05
3.838851318359369998e+03 6.698744548559190007e+05
3.808206787109380002e+03 7.451580370664600050e+05
4.366795898437500000e+03 7.477801030874249991e+05
3.986408447265619998e+03 1.043299504518509959e+06
3.845448242187500000e+03 8.860907353162770160e+05
2.834626464843750000e+03 4.631362693309779861e+05
3.351581787109369998e+03 7.891071871519089909e+05
4.196397949218750000e+03 6.101452723741530208e+05
2.331966064453119998e+03 4.576275184154509916e+05
2.912006835937500000e+03 6.906165784597400343e+05
3.500394287109369998e+03 5.683842231035230216e+05
1.974511474609380002e+03 4.759070844054219779e+05
4.578146484375000000e+03 5.788837566375730094e+05
3.566549560546869998e+03 1.108631126642229967e+06
3.636980712890619998e+03 5.616048264503480168e+05
3.647031738281250000e+03 5.455041934251789935e+05
2.295938232421869998e+03 4.818934163451190107e+05
3.645206787109369998e+03 9.729573020935059758e+05
3.600957519531250000e+03 7.046328505277630175e+05
1.974509521484380002e+03 5.843361603021620540e+05
4.345076171875000000e+03 1.001691597938540042e+06
2.671314941406250000e+03 4.479993265867229784e+05
3.591496582031250000e+03 5.798756510019300040e+05
4.430698730468750000e+03 8.932981274127960205e+05
3.644800292968750000e+03 8.179695283174519427e+05
4.424117675781250000e+03 9.403925505876539974e+05
2.980860107421869998e+03 1.314529342174530029e+06
2.360699218750000000e+03 4.072907830476760282e+05
2.593822509765630002e+03 4.191984800696370075e+05
3.850256103515619998e+03 1.055997555494310101e+06
3.783588623046869998e+03 1.049615026235579979e+06
2.734850585937500000e+03 4.695268699526789715e+05
1.522036010742190001e+03 4.622184183001519996e+05
4.616138183593750000e+03 5.717113912105560303e+05
2.084263183593750000e+03 5.217633605003359844e+05
2.114249023437500000e+03 6.389379256963729858e+05
3.391543212890619998e+03 7.174236764907840407e+05
4.613516113281250000e+03 6.894837855100630550e+05
3.277749511718750000e+03 5.760313674211499747e+05
4.004256103515630002e+03 1.011226649284359999e+06
4.274141113281250000e+03 1.023571509599689976e+06
4.617065429687500000e+03 7.365998338460919913e+05
2.671083740234369998e+03 5.054553086757659912e+05
4.173249023437500000e+03 9.410474579334260197e+05
3.621788818359369998e+03 1.201449607849119930e+06
4.454405273437500000e+03 6.629318643808360212e+05
4.344718261718750000e+03 1.014765256643299945e+06
4.121464843750000000e+03 4.897734118700029794e+05
3.475637451171869998e+03 8.795143715143200243e+05
3.227448974609369998e+03 5.316038444042210467e+05
3.443448730468750000e+03 9.660472407340999926e+05
2.109713378906250000e+03 4.197354846000670223e+05
4.322508300781250000e+03 8.074442882537839469e+05
4.060014892578130002e+03 8.008257097005839460e+05
4.137104492187500000e+03 8.526279000043870183e+05
3.574377197265619998e+03 7.712866532802579459e+05
3.829875732421869998e+03 6.881987636089329608e+05
4.477318847656250000e+03 5.918243139982220018e+05
2.956116210937500000e+03 7.300211552381520160e+05
4.791512207031250000e+03 8.685082609653470572e+05
3.716237792968750000e+03 1.124705748558040010e+06
4.313504882812500000e+03 7.739539798498150194e+05
4.409843750000000000e+03 5.832338862419129582e+05
4.251722167968750000e+03 9.151669523715970572e+05
4.423653808593750000e+03 8.887661637067799456e+05
4.384198242187500000e+03 9.743904106616970384e+05
4.088465820312500000e+03 8.134729567766189575e+05
3.172459472656250000e+03 5.486706652641299879e+05
4.065172119140630002e+03 7.864458912611010019e+05
3.451029296875000000e+03 6.047753489017490065e+05
4.611716308593750000e+03 7.501619775295259897e+05
2.817189453125000000e+03 5.065433284044269822e+05
2.403568115234369998e+03 4.836807206869130023e+05
3.671731445312500000e+03 1.069738365650180029e+06
2.535958984375000000e+03 4.330290498733519926e+05
2.896106445312500000e+03 6.535442905426030047e+05
4.277687500000000000e+03 8.442521400451660156e+05
3.717478759765619998e+03 1.178406932592390105e+06
4.245987792968750000e+03 5.966977725028990535e+05
3.641317382812500000e+03 9.638354436159130419e+05
3.862378662109369998e+03 8.533630336523059523e+05
1.956607543945309999e+03 3.769632915258409921e+05
4.869166503906250000e+03 8.727980837821960449e+05
4.364412597656250000e+03 6.513732461929320125e+05
3.288086181640619998e+03 9.890034762620930560e+05
3.635485839843750000e+03 9.654535539150240365e+05
2.670085693359369998e+03 4.521379560232160147e+05
2.308841552734369998e+03 4.616399909257889958e+05
3.784270507812500000e+03 9.875140813589099562e+05
2.300904785156250000e+03 4.203347147703170194e+05
3.668497558593750000e+03 6.693397346734999446e+05
3.481146728515619998e+03 7.607109138965610182e+05
3.191500000000000000e+03 5.283925384283070453e+05
1.974510253906250000e+03 4.788573046326640178e+05
4.081699951171880002e+03 7.881865644454959547e+05
4.038438232421880002e+03 7.166184895038600080e+05
2.298281494140619998e+03 4.258770912885669968e+05
2.665753173828119998e+03 4.681984454393389751e+05
3.856176513671869998e+03 6.549240976572040236e+05
2.391734619140619998e+03 5.653035209178930381e+05
3.509020019531250000e+03 1.106906718015670078e+06
3.380452392578130002e+03 7.962998375892640324e+05
4.074398925781250000e+03 9.323275837898249738e+05
4.340623046875000000e+03 7.942574477195739746e+05
4.087613037109380002e+03 7.399415608644490130e+05
3.862021728515630002e+03 1.089632173776630079e+06
4.380642578125000000e+03 8.477552334070210345e+05
3.519620849609369998e+03 6.404636265039440477e+05
4.378149902343750000e+03 9.175544919967650203e+05
4.607330566406250000e+03 7.217599781751630362e+05
4.599034179687500000e+03 9.273580608367919922e+05
3.524357666015619998e+03 7.163943797349929810e+05
2.844427490234369998e+03 4.926896105408670264e+05
4.335105957031250000e+03 7.542922005653380184e+05
3.963196289062500000e+03 1.043546092271800037e+06
2.325074951171869998e+03 4.271857485771179781e+05
4.080588378906250000e+03 8.219909554719920270e+05
3.280434814453119998e+03 7.367286710739140399e+05
2.185902099609369998e+03 5.267588945627210196e+05
3.458097656250000000e+03 9.767900116443630541e+05
1.974508422851559999e+03 5.980046023130420363e+05
3.618128417968750000e+03 9.539426938295359723e+05
2.080741455078130002e+03 4.810181760191919748e+05
4.484447753906250000e+03 8.493018283843999961e+05
3.797668212890619998e+03 7.918364043235779973e+05
1.975514648437500000e+03 5.433230370283130324e+05
3.181455810546869998e+03 5.880922985076899640e+05
4.294322753906250000e+03 6.553909574747090228e+05
3.122952392578119998e+03 5.551655844450000441e+05
2.064452880859369998e+03 5.122049783468249952e+05
3.801646728515619998e+03 7.176562535762790358e+05
3.864681884765619998e+03 7.160446612834930420e+05
2.538971191406250000e+03 6.479288148880009539e+05
2.199911621093750000e+03 5.694140681028369581e+05
4.644622558593750000e+03 9.302552232742309570e+05
4.619974121093750000e+03 8.833006021976469783e+05
3.797111083984380002e+03 7.875673538446429884e+05
3.318953369140630002e+03 6.332709760665890062e+05
4.391953125000000000e+03 9.717855838537219679e+05
3.348187988281250000e+03 6.091251130104069598e+05
2.301057373046869998e+03 4.351635751128200209e+05
4.063642089843750000e+03 7.704085499048229540e+05
4.612525878906250000e+03 7.656780611276630079e+05
5.255842773437500000e+03 6.015546618700029794e+05
3.633897216796869998e+03 9.200038003921509953e+05
4.351312500000000000e+03 9.582714419364930363e+05
4.366046875000000000e+03 9.161532424688340398e+05
4.014165527343750000e+03 6.397895915508270264e+05
3.855789794921880002e+03 1.105472878456119914e+06
4.759531738281250000e+03 8.049218198060990544e+05
4.614993164062500000e+03 7.587970566749570426e+05
2.543357177734369998e+03 4.286328373551369878e+05
3.833833496093750000e+03 7.839120924472810002e+05
3.365100585937500000e+03 6.310028926134109497e+05
4.074053955078130002e+03 7.866307711601259653e+05
3.488567382812500000e+03 5.410792590379719622e+05
2.350474609375000000e+03 5.549839330911639845e+05
3.203207519531250000e+03 6.003783140182499774e+05
3.511002929687500000e+03 8.057053207159040030e+05
4.427435546875000000e+03 8.914509122371670092e+05
4.379151367187500000e+03 9.014348531961439876e+05
3.780318603515619998e+03 1.063732662439350039e+06
4.144247558593750000e+03 6.686558313369749812e+05
3.838109619140630002e+03 8.458795095682139508e+05
3.505479248046869998e+03 1.119570534229279961e+06
3.358184570312500000e+03 6.180283441543580266e+05
4.632165039062500000e+03 8.425457625389100285e+05
3.989094482421869998e+03 7.217730751037599985e+05
4.521317382812500000e+03 9.135487811565400334e+05
3.348440185546869998e+03 5.970818475484850351e+05
2.361545166015619998e+03 4.376589359641079791e+05
3.663927001953119998e+03 5.079431159496310283e+05
4.502970703125000000e+03 9.252335562705990160e+05
3.149205322265619998e+03 7.567678855657579843e+05
4.051826904296880002e+03 7.472457484006880550e+05
3.434333984375000000e+03 5.885655544996260433e+05
3.451155029296880002e+03 9.235595251321790274e+05
4.651697265625000000e+03 6.170108650922779925e+05
3.265072021484380002e+03 5.606719596385960467e+05
1.714031738281250000e+03 4.231023394465449965e+05
4.354122070312500000e+03 6.131542764902110212e+05
3.789871582031250000e+03 9.949511874914170476e+05
2.331860107421880002e+03 4.506153923869130085e+05
3.402838623046869998e+03 9.357617812156679574e+05
4.297335937500000000e+03 8.854486812353129499e+05
3.965154785156250000e+03 1.056457227230069926e+06
2.302279052734369998e+03 4.776537273526189965e+05
2.095172607421869998e+03 5.422512209415440448e+05
3.772861816406250000e+03 8.678317284584050067e+05
4.517149414062500000e+03 8.027222667932510376e+05
4.005115234375000000e+03 9.561114233732220018e+05
3.392698486328119998e+03 7.888813108205799945e+05
3.634502929687500000e+03 8.061255798339840258e+05
2.304517089843750000e+03 4.687661211490629939e+05
4.283059082031250000e+03 1.151626820325850043e+06
4.225330566406250000e+03 9.513487100601199782e+05
3.856281250000000000e+03 8.196706670522689819e+05
3.842105468750000000e+03 8.842438247203830397e+05
4.440973144531250000e+03 6.661378097534179688e+05
2.296696289062500000e+03 5.084073563814159716e+05
2.184726562500000000e+03 5.008461949229239835e+05
3.977279052734369998e+03 7.572275573015209520e+05
3.851518554687500000e+03 9.106776907444000244e+05
3.844339355468750000e+03 7.969931219816210214e+05
3.886085449218750000e+03 7.098900185823440552e+05
3.344358886718750000e+03 5.696401271820069524e+05
2.069558837890619998e+03 4.735529876351359999e+05
1.590972656250000000e+03 3.968454951643939712e+05
3.761036376953119998e+03 5.114192235469819861e+05
2.672975341796869998e+03 4.567587047219279921e+05
2.339692871093750000e+03 4.150114224553109962e+05
3.462841064453130002e+03 1.120736099958420033e+06
3.006294677734369998e+03 6.257655831575390184e+05
3.501530761718750000e+03 5.277384839057920035e+05
4.169153320312500000e+03 8.127199747562409611e+05
4.283257324218750000e+03 9.505222634077069815e+05
4.078283935546880002e+03 8.189353506565090502e+05
2.663085937500000000e+03 4.508271057605739916e+05
3.431395751953119998e+03 9.669907678365709726e+05
4.652227539062500000e+03 8.167200813293460524e+05
2.551347167968750000e+03 5.357181683778760489e+05
3.097225341796880002e+03 5.466612309217449510e+05
4.079155517578130002e+03 8.205638166666029720e+05
4.719656738281250000e+03 7.544006309509279672e+05
1.875489990234369998e+03 4.795731279253960238e+05
3.371588378906250000e+03 5.788747410774229793e+05
4.421310058593750000e+03 7.869269444942469709e+05
3.589680664062500000e+03 8.348660891056059627e+05
3.837387207031250000e+03 8.138034867048260057e+05
4.386713378906250000e+03 8.800451321601870004e+05
3.567290771484369998e+03 8.702860319614410400e+05
4.157500000000000000e+03 9.990143420696259709e+05
3.435328125000000000e+03 8.633991186618809588e+05
2.502589355468750000e+03 5.496674938201899640e+05
3.352305175781250000e+03 7.340860763788219774e+05
2.312191162109380002e+03 4.634378337264059810e+05
2.824408203125000000e+03 4.866889024376869784e+05
4.074479980468750000e+03 8.669598994255070575e+05
2.067856445312500000e+03 5.097839044928550138e+05
2.416860839843750000e+03 4.665964474081990193e+05
3.661022216796880002e+03 7.969303785562519915e+05
4.388658203125000000e+03 8.109085781574250432e+05
3.249214355468750000e+03 1.080823727846150054e+06
2.666859619140619998e+03 4.731826491355900071e+05
3.835278076171880002e+03 9.508685705661770189e+05
4.321499511718750000e+03 7.530762573480609572e+05
3.962816162109369998e+03 1.036024312973020016e+06
2.115222656250000000e+03 5.072184598445890006e+05
2.678079345703119998e+03 4.653433150053020217e+05
4.513236328125000000e+03 5.787110599279400194e+05
3.576788818359369998e+03 8.309184920787810115e+05
4.065281494140630002e+03 7.976440697908400325e+05
3.452950927734369998e+03 1.064069040298460051e+06
2.792957031250000000e+03 4.905227998495100182e+05
2.749769287109369998e+03 5.051540488600729732e+05
3.704118408203119998e+03 6.205621429681780282e+05
2.062360351562500000e+03 4.994145483374599717e+05
3.264981445312500000e+03 5.296694585084919818e+05
3.558704345703119998e+03 5.981451963186260546e+05
2.562746826171869998e+03 5.385310840606689453e+05
4.074107177734380002e+03 7.231137132644649828e+05
3.602178710937500000e+03 5.509905272722239606e+05
3.909527099609380002e+03 1.035028824567790027e+06
4.154600097656250000e+03 1.022394979000090039e+06
1.958750854492190001e+03 3.932280321121219895e+05
3.086716308593750000e+03 6.483346369266510010e+05
4.434000976562500000e+03 9.239557833671569824e+05
3.650939208984369998e+03 9.132474299669270404e+05
3.780143554687500000e+03 1.010881194949149969e+06
3.551669677734369998e+03 6.499519553184510441e+05
2.291017333984369998e+03 5.069826846718789893e+05
4.318491210937500000e+03 7.738778958320620004e+05
4.066586425781250000e+03 8.011905962228779681e+05
3.285567382812500000e+03 6.217317291498179547e+05
4.153583984375000000e+03 7.419285781383520225e+05
4.318750976562500000e+03 8.431684453487399733e+05
3.468946044921869998e+03 9.941880934238430345e+05
4.227034179687500000e+03 6.338501648902889574e+05
3.402487060546869998e+03 6.503578991889950121e+05
2.747738037109380002e+03 4.786562210917469929e+05
3.971493652343750000e+03 1.041161720275879954e+06
3.649406738281250000e+03 5.996847250461579533e+05
3.589863525390619998e+03 8.495881942510609515e+05
4.702940429687500000e+03 6.713625096082689706e+05
2.584561279296869998e+03 4.060500165820120019e+05
1.974509399414059999e+03 5.036553338170049828e+05
2.340578613281250000e+03 4.009041724205020000e+05
3.840719238281250000e+03 9.178426244258879451e+05
4.130821777343750000e+03 7.000333310365680372e+05
3.539622314453119998e+03 6.834997683763500536e+05
4.081037109375000000e+03 7.161353651285170345e+05
3.564908691406250000e+03 5.381778324842449510e+05
3.576196289062500000e+03 7.187749140262600267e+05
2.604948974609369998e+03 3.856249909400939941e+05
3.792967285156250000e+03 1.130544542074199999e+06
4.364296875000000000e+03 9.951463621854779776e+05
3.629470703125000000e+03 1.150326874017720111e+06
2.092969238281250000e+03 5.260205932855609572e+05
2.427018554687500000e+03 4.996483132839199970e+05
2.403381103515619998e+03 4.726535941362379817e+05
2.595807373046869998e+03 4.400277134776120074e+05
3.855781494140630002e+03 8.782488427162170410e+05
2.737643310546880002e+03 4.775307685136800283e+05
3.782734375000000000e+03 1.010215931892400025e+06
2.677865722656250000e+03 4.927404448986049974e+05
2.219226562500000000e+03 5.824555022716519888e+05
3.245629150390619998e+03 5.004588913321499713e+05
4.393545410156250000e+03 8.160684025287630502e+05
4.637305175781250000e+03 7.186741590499880258e+05
2.715604248046869998e+03 4.775799276828769944e+05
3.413949462890619998e+03 7.064620345830919687e+05
2.036039062500000000e+03 5.149660545587540255e+05
3.708136962890619998e+03 5.861363483667370165e+05
3.904304443359380002e+03 1.032459024429320008e+06
2.516718017578130002e+03 5.382286972999570426e+05
3.506092773437500000e+03 5.410545271635060199e+05
3.662196044921869998e+03 9.690859109163279645e+05
4.607270019531250000e+03 7.449032256603239803e+05
3.634273437500000000e+03 8.906881836652760394e+05
3.663467773437500000e+03 8.875379154682159424e+05
3.439406738281250000e+03 9.245066462755199755e+05
2.348858642578119998e+03 4.518886270523070125e+05
4.004553222656250000e+03 1.019043870925899944e+06
3.575500244140619998e+03 7.358961937427519588e+05
3.673919433593750000e+03 8.652046064138410147e+05
3.434275390625000000e+03 8.882139606475830078e+05
4.066580810546880002e+03 8.159302451610560529e+05
4.024914794921880002e+03 6.466754083633420523e+05
3.837220214843750000e+03 8.706095565557479858e+05
4.326151367187500000e+03 1.230762483358379919e+06
4.599803710937500000e+03 9.751881049871450523e+05
4.332936523437500000e+03 6.743938089609149611e+05
4.121256835937500000e+03 8.570433315038679866e+05
4.678779296875000000e+03 7.914411816596989520e+05
3.120023193359369998e+03 6.228263278007509653e+05
2.588481689453119998e+03 6.186205689907070482e+05
4.165923828125000000e+03 7.020635377168660052e+05
3.796000488281250000e+03 1.112648777008059900e+06
2.315178955078119998e+03 4.745086370110510034e+05
2.595190185546869998e+03 4.487009869217869709e+05
3.558989501953119998e+03 7.575008871555329533e+05
3.722671386718750000e+03 6.191560810804370558e+05
3.082500244140619998e+03 7.850433015823359601e+05
3.740476074218750000e+03 9.994222961664199829e+05
4.059066894531250000e+03 7.650227882862089900e+05
4.378408691406250000e+03 8.596480973958970280e+05
2.580685302734369998e+03 4.503055434226989746e+05
4.046227783203119998e+03 8.322650390863419743e+05
3.168212158203119998e+03 5.093835953474050038e+05
3.465760498046869998e+03 9.239466459751130315e+05
3.847072998046869998e+03 7.522213629484180128e+05
4.010041503906250000e+03 6.427611932754520094e+05
3.106052246093750000e+03 5.136344928741449839e+05
4.273774414062500000e+03 1.058931389331819955e+06
2.664658203125000000e+03 4.503449864983559819e+05
3.971777099609369998e+03 9.449462003707890399e+05
3.042992431640619998e+03 6.277241526842119638e+05
3.598159179687500000e+03 6.255892314910889836e+05
2.196112304687500000e+03 4.692550629973409814e+05
4.335317871093750000e+03 6.998414458036420401e+05
4.343415039062500000e+03 8.470185768604279729e+05
2.259510986328119998e+03 5.770918531417850172e+05
2.708553710937500000e+03 7.142819974422459491e+05
3.957577148437500000e+03 1.048762568473820109e+06
3.880889404296869998e+03 7.082596641778950579e+05
3.618038818359369998e+03 1.132138956069950014e+06
3.746762451171869998e+03 8.495208212137219962e+05
2.610902832031250000e+03 4.294956812858579797e+05
4.344682128906250000e+03 6.840749367475509644e+05
3.461604248046869998e+03 1.098865447521209950e+06
3.741743896484380002e+03 6.733807158470150316e+05
3.467683105468750000e+03 1.114402181625369936e+06
3.745035156250000000e+03 8.389595189094539965e+05
3.029052734375000000e+03 6.062475045919419499e+05
3.839270019531250000e+03 8.437246079444879433e+05
3.560395751953119998e+03 1.007916537642479991e+06
3.820926269531250000e+03 1.045831414937969996e+06
4.082566650390630002e+03 8.802357990741729736e+05
2.398376464843750000e+03 6.026488341093059862e+05
4.060882324218750000e+03 8.174201273918149527e+05
4.081605712890630002e+03 9.030145255327230552e+05
4.769024414062500000e+03 6.522113277912139893e+05
2.298830566406250000e+03 4.051449579000470112e+05
2.708062744140619998e+03 4.825550853610039921e+05
2.278871093750000000e+03 6.571612358093260555e+05
3.867789306640619998e+03 9.585604881048200186e+05
4.069559326171880002e+03 7.660279623270039447e+05
1.530024658203130002e+03 4.747824237346649752e+05
2.285367187500000000e+03 5.957918305397030199e+05
3.294508300781250000e+03 5.364340525865559466e+05
2.979833251953130002e+03 6.492918092012410052e+05
1.591855834960940001e+03 4.144042427539830096e+05
3.457835449218750000e+03 9.836133286952970084e+05
2.071361328125000000e+03 4.872495118975639925e+05
4.619576660156250000e+03 7.098495703935619676e+05
3.589906005859369998e+03 7.959967807531360304e+05
3.666280029296880002e+03 1.195794780492780032e+06
3.568418457031250000e+03 6.691841553449629573e+05
3.232146484375000000e+03 6.083734102249150164e+05
4.164587402343750000e+03 9.635255641937260516e+05
3.476200195312500000e+03 8.638509931564329891e+05
4.010529541015630002e+03 5.599666748046879657e+05
2.673088134765619998e+03 4.206470917463300284e+05
4.014409423828130002e+03 1.041738106966019957e+06
4.398148925781250000e+03 1.086173244476319989e+06
3.968628173828119998e+03 1.073101169586180011e+06
1.974509887695309999e+03 4.721520122289659921e+05
3.467005859375000000e+03 1.098239109754560050e+06
2.421546630859380002e+03 5.121631290912629920e+05
3.369927001953119998e+03 6.598807064294819720e+05
3.637401123046869998e+03 7.362263581752779428e+05
2.358584716796880002e+03 4.421284608244900010e+05
3.996607177734369998e+03 1.071718621253970079e+06
4.050403320312500000e+03 5.902650485038759653e+05
2.406982177734369998e+03 5.019492913484569872e+05
3.956435058593750000e+03 1.021477158427239978e+06
4.632999023437500000e+03 7.258385444879529532e+05
3.641518554687500000e+03 8.954475466012960533e+05
3.632975097656250000e+03 1.074013690471650101e+06
2.918095214843750000e+03 6.209781988859180128e+05
3.805597412109380002e+03 7.915731865167620126e+05
4.677012695312500000e+03 8.538622398376460187e+05
4.201781738281250000e+03 9.056184995174410287e+05
4.075309814453130002e+03 1.093509351968769915e+06
4.693314453125000000e+03 8.139645484685900155e+05
1.718643432617190001e+03 3.856161581277850200e+05
3.816233642578119998e+03 5.752032760381699773e+05
4.328247558593750000e+03 5.775819828510279767e+05
2.602476562500000000e+03 4.280018090605739853e+05
2.328410400390619998e+03 4.236141856908799964e+05
2.196113769531250000e+03 4.048460128903390141e+05
2.354192382812500000e+03 4.489825099706649780e+05
4.093918945312500000e+03 6.229959787130360492e+05
4.849053710937500000e+03 6.838099523782730103e+05
4.312685058593750000e+03 7.675056004524229793e+05
4.103767578125000000e+03 7.287320519685749896e+05
2.195114013671869998e+03 6.032372212409969652e+05
4.617645019531250000e+03 7.433144768476489699e+05
4.060703613281250000e+03 8.347690500020979671e+05
3.368908203125000000e+03 5.361321531534190290e+05
3.971767578125000000e+03 9.711036298274990404e+05
4.209433593750000000e+03 9.663754558563230094e+05
3.097473144531250000e+03 6.437217159271240234e+05
2.303170654296869998e+03 4.408460887670519878e+05
2.531762939453130002e+03 5.035321617722510127e+05
3.318314208984380002e+03 8.973448346853259718e+05
4.419716796875000000e+03 9.217945464849469718e+05
4.210172851562500000e+03 9.932635111808780348e+05
4.553906738281250000e+03 7.256509233713150024e+05
4.320109375000000000e+03 7.621665613651280291e+05
4.316369140625000000e+03 8.378155783414839534e+05
3.634090820312500000e+03 1.165765898942949949e+06
1.974007934570309999e+03 4.711655089259149972e+05
3.840493896484380002e+03 8.486528298854830209e+05
3.290944091796869998e+03 6.646065655946730403e+05
3.889105224609369998e+03 7.043444744348529493e+05
3.872565185546869998e+03 8.368828333616260206e+05
4.196602539062500000e+03 6.822310719490050105e+05
4.085312988281250000e+03 6.999839891195299570e+05
2.044685546875000000e+03 6.078328421115879901e+05
3.616466064453119998e+03 8.628541036844250048e+05
4.163798828125000000e+03 9.904145941734310472e+05
3.172709472656250000e+03 8.950619486570359441e+05
3.217373535156250000e+03 5.680764757394789485e+05
3.434991455078119998e+03 5.855055028200149536e+05
4.604259277343750000e+03 7.151032053232189501e+05
1.587359741210940001e+03 4.091223428249359713e+05
4.248327148437500000e+03 7.272502106428149855e+05
3.870937988281250000e+03 1.088115975856780075e+06
3.663052734375000000e+03 6.602226885557180503e+05
4.813193847656250000e+03 1.026554807186129969e+06
3.653381103515619998e+03 5.427032781839369563e+05
4.096673828125000000e+03 7.128036283254619921e+05
3.155019531250000000e+03 6.298448195457459660e+05
4.130833496093750000e+03 6.147406495809559710e+05
2.402989746093750000e+03 5.389548153877259465e+05
3.707461669921880002e+03 6.924486864805220393e+05
3.589486572265619998e+03 7.699797625541690504e+05
3.630316162109369998e+03 8.911167273521419847e+05
2.404372802734369998e+03 5.101403236985210096e+05
2.817987304687500000e+03 5.063102030754089938e+05
3.213170654296880002e+03 9.861824587583539542e+05
4.608530273437500000e+03 7.459553049802780151e+05
3.346275390625000000e+03 6.165054454803470289e+05
4.009203369140630002e+03 5.279110587835309561e+05
4.321258300781250000e+03 8.086569420099259587e+05
4.009935546875000000e+03 6.220057899951939471e+05
4.070278808593750000e+03 8.777727845907210140e+05
3.707642333984380002e+03 1.077334340572359972e+06
2.599575683593750000e+03 4.188882351517680218e+05
4.206232421875000000e+03 1.031767506599429995e+06
4.065277099609380002e+03 7.362831318378449650e+05
4.356867675781250000e+03 5.830056341886520386e+05
3.475592529296869998e+03 7.123739272356029833e+05
3.577183593750000000e+03 7.283110009431840153e+05
4.060884521484380002e+03 8.202026460170750506e+05
3.841948730468750000e+03 8.411153951883319532e+05
4.063111816406250000e+03 8.550759900808329694e+05
4.429736328125000000e+03 6.929276685714720516e+05
3.597100097656250000e+03 7.431967872381210327e+05
3.128555664062500000e+03 6.042843054533010582e+05
2.201713134765630002e+03 5.195931689739230205e+05
3.425129638671869998e+03 5.908260234594349749e+05
2.314969238281250000e+03 5.288429509401320247e+05
3.028300048828119998e+03 7.218964908123019850e+05
4.968624023437500000e+03 8.684831635952000506e+05
4.324652832031250000e+03 7.797023131847380428e+05
3.793091552734380002e+03 5.967912784814829938e+05
4.333200683593750000e+03 7.814501744508739794e+05
3.840658447265619998e+03 8.586501723527909489e+05
4.210654296875000000e+03 9.125770499706269475e+05
4.604993164062500000e+03 7.092101966142649762e+05
2.623090820312500000e+03 4.373281928300859872e+05
2.289389892578119998e+03 4.124131745696070138e+05
1.977871948242190001e+03 4.154285748600959778e+05
3.783916259765619998e+03 6.977220581769939745e+05
1.721649902343750000e+03 4.047948130369189894e+05
3.811297607421869998e+03 5.985566226243970450e+05
4.619285644531250000e+03 7.716782819032670232e+05
4.621800292968750000e+03 7.073061468601230299e+05
3.905939941406250000e+03 1.003705600976940012e+06
3.785179931640619998e+03 1.022057017326359986e+06
2.670977050781250000e+03 4.376080102324489853e+05
3.765407714843750000e+03 8.915424689054490300e+05
4.077781005859380002e+03 5.246735589504239615e+05
1.589859741210940001e+03 4.187772462964060251e+05
3.669727050781250000e+03 1.052668255329129985e+06
3.417058349609380002e+03 5.808420825004579965e+05
3.971285888671880002e+03 9.741546659469599836e+05
2.970677978515630002e+03 5.698933547735209577e+05
3.781138183593750000e+03 1.056888999462130014e+06
4.166854003906250000e+03 1.002292655587199959e+06
3.348098632812500000e+03 6.416347965002059937e+05
3.285738281250000000e+03 5.837263916730879573e+05
4.452311035156250000e+03 6.192762682437900221e+05
3.647409667968750000e+03 5.240525817871090258e+05
3.662467285156250000e+03 8.291409038305280264e+05
3.064987792968750000e+03 5.988194140195850050e+05
3.063890869140619998e+03 5.979021416902539786e+05
3.156856933593750000e+03 6.195692739486689679e+05
4.400381835937500000e+03 8.626684318780900212e+05
3.844389648437500000e+03 7.758066165447239764e+05
3.097557617187500000e+03 6.222100411653519841e+05
4.568336425781250000e+03 7.251883885860439623e+05
2.750233886718750000e+03 4.612278640866280184e+05
4.722498535156250000e+03 6.800158026218420127e+05
3.845565185546869998e+03 7.994195259809490526e+05
4.141541503906250000e+03 8.863908681869510328e+05
3.834956054687500000e+03 7.044382849931720411e+05
3.359739990234380002e+03 8.837894526720050490e+05
2.407550048828130002e+03 5.316248604059220525e+05
4.316152832031250000e+03 8.989454011917120079e+05
3.438788818359369998e+03 6.037171170711519662e+05
3.422809814453119998e+03 7.002176626920700073e+05
3.631895263671869998e+03 9.785170396566389827e+05
3.847365478515619998e+03 1.109202152729030000e+06
2.540769042968750000e+03 4.406611479520800058e+05
4.648100585937500000e+03 7.831296880245209904e+05
2.331969726562500000e+03 5.045176599621769856e+05
4.018816406250000000e+03 1.043801939249039977e+06
3.534531982421869998e+03 7.982468330860140268e+05
2.337192138671869998e+03 4.573645442724230234e+05
3.146917480468750000e+03 8.381601798534389818e+05
2.202686035156250000e+03 5.329998551607129630e+05
3.054970458984369998e+03 5.286743355989459669e+05
4.131088867187500000e+03 7.011516869068150409e+05
3.245437744140619998e+03 5.038981143236160278e+05
3.911631103515619998e+03 8.289402467012410052e+05
2.880814697265619998e+03 6.170495467185969464e+05
3.637726562500000000e+03 9.155920847654340323e+05
2.041460815429690001e+03 6.154594577550890390e+05
3.441215087890630002e+03 7.445136072635649471e+05
2.361756835937500000e+03 4.677692925930020283e+05
2.124308837890619998e+03 4.595408578515049885e+05
3.650835693359369998e+03 5.456195682287219679e+05
3.792453857421869998e+03 1.019847169518469949e+06
3.971890380859369998e+03 1.082490266323090065e+06
2.275265380859369998e+03 4.445070458054540213e+05
4.206574218750000000e+03 9.184901609420779860e+05
3.355966796875000000e+03 1.173598715066910023e+06
4.375105957031250000e+03 9.071304333209990291e+05
1.825816406250000000e+03 3.842454274892809917e+05
3.657457763671869998e+03 1.074919632434850093e+06
2.215776855468750000e+03 6.851834242343900260e+05
2.590322509765619998e+03 5.466671397686010459e+05
4.065932617187500000e+03 8.512353614568710327e+05
4.197349121093750000e+03 9.683522392511370126e+05
3.811689208984369998e+03 6.386749515533449594e+05
2.279704833984369998e+03 5.340847681760790292e+05
2.351069091796869998e+03 4.868522485494610155e+05
3.297412597656250000e+03 7.766859991550450213e+05
3.649292724609380002e+03 5.462858059406280518e+05
4.360033203125000000e+03 6.475273178815840511e+05
4.212329101562500000e+03 9.344043911695480347e+05
3.634539794921880002e+03 5.165963480472560041e+05
2.193334716796869998e+03 5.501212567090990487e+05
2.278036376953119998e+03 6.347185217142109759e+05
2.334073730468750000e+03 4.083786809444429819e+05
4.323807617187500000e+03 7.728534114360810490e+05
4.080644531250000000e+03 7.894933942556380061e+05
4.153854003906250000e+03 9.021419655084609985e+05
4.314063476562500000e+03 8.278942589759830153e+05
3.023204833984380002e+03 5.545787202119829599e+05
3.201428466796869998e+03 1.205054004430769943e+06
3.841322509765630002e+03 8.345062586069110548e+05
3.446267333984369998e+03 6.730852125883100089e+05
3.742237792968750000e+03 6.268162614107129630e+05
3.844114501953119998e+03 8.442147985696790274e+05
2.285295654296869998e+03 3.960883099436759949e+05
4.054627929687500000e+03 6.921124913692469709e+05
2.546864501953119998e+03 5.395780464410779532e+05
2.673854248046869998e+03 4.717605663537980290e+05
1.827118408203130002e+03 3.871144467592239962e+05
4.376115722656250000e+03 9.586574662923810538e+05
4.491745605468750000e+03 7.340476993322370108e+05
3.591798095703119998e+03 8.506875443458559457e+05
4.322869140625000000e+03 7.235008341073989868e+05
2.736643554687500000e+03 4.890047744512559730e+05
2.195613281250000000e+03 4.215980201363560045e+05
3.838819335937500000e+03 7.441214913129810011e+05
3.836385986328119998e+03 8.281846452951430110e+05
3.850130126953119998e+03 7.546586099863050040e+05
3.848270507812500000e+03 9.075284581184389535e+05
2.733940185546869998e+03 5.171892429590229876e+05
3.836855957031250000e+03 8.335175927877429640e+05
3.685351806640619998e+03 5.630607784986499464e+05
2.865968261718750000e+03 6.487809071540830191e+05
2.274051757812500000e+03 4.613956570625309832e+05
4.076822509765630002e+03 8.406037621498110238e+05
2.627570312500000000e+03 6.077477425336840097e+05
3.816279052734369998e+03 6.576560560464860173e+05
4.353498046875000000e+03 7.345569566488269484e+05
4.642993164062500000e+03 8.575991286039350089e+05
3.309111328125000000e+03 9.514671915769580519e+05
3.052438720703130002e+03 5.437010204792020377e+05
4.068414062500000000e+03 7.376340038776400033e+05
3.839656250000000000e+03 8.597157750129699707e+05
4.062758544921880002e+03 7.223066378831859911e+05
3.459994140625000000e+03 9.976759577989580575e+05
2.318612548828119998e+03 5.554416555166239850e+05
2.088267578125000000e+03 4.367062105536459712e+05
3.996123535156250000e+03 1.011399345993999974e+06
2.324828369140619998e+03 4.074981409311289899e+05
2.292382080078119998e+03 4.829972133040429908e+05
2.402293701171869998e+03 4.610345168709760183e+05
4.078483154296880002e+03 5.996080927848820575e+05
3.172958496093750000e+03 5.952419422864910448e+05
4.164301269531250000e+03 9.844462933540339582e+05
2.071360595703119998e+03 5.051034277081490145e+05
4.172788085937500000e+03 9.454175070524220355e+05
2.570679199218750000e+03 5.532328432798390277e+05
4.062405273437500000e+03 8.220178803205490112e+05
4.228059570312500000e+03 9.730737124681470450e+05
3.054997070312500000e+03 5.998622950315480120e+05
2.587067382812500000e+03 4.151158628463749774e+05
4.313126464843750000e+03 7.146158168315889779e+05
4.118186523437500000e+03 5.698945730924609816e+05
2.547964111328119998e+03 4.580668746829029988e+05
3.932883544921880002e+03 1.137287937402730109e+06
3.416337402343750000e+03 6.307391265630719718e+05
2.408674560546880002e+03 4.856554938554759719e+05
4.054604492187500000e+03 5.779915207624440081e+05
2.543166015625000000e+03 6.587738636732100276e+05
4.214323242187500000e+03 9.897662048339840258e+05
4.279372558593750000e+03 6.401322437524800189e+05
2.335525634765619998e+03 4.342743545770649798e+05
2.832840332031250000e+03 4.920907154083250207e+05
4.320195312500000000e+03 7.954445776939389762e+05
4.336976562500000000e+03 7.926316620111470111e+05
4.054238769531250000e+03 6.651688807010649471e+05
4.635764648437500000e+03 8.703423792123800376e+05
3.601874755859369998e+03 8.567988148927689763e+05
2.403187744140619998e+03 4.491988834142690175e+05
4.328051269531250000e+03 6.981015036106109619e+05
4.079756103515630002e+03 8.001898690462110098e+05
2.673979248046880002e+03 4.308446649312970112e+05
4.345075683593750000e+03 9.455372678041460458e+05
3.870028808593750000e+03 7.151208100318909856e+05
4.105615234375000000e+03 9.554279464483259944e+05
3.875196289062500000e+03 8.580024530887600267e+05
4.396649414062500000e+03 5.801695704460140551e+05
3.365136718750000000e+03 7.281658382415770320e+05
4.739607421875000000e+03 8.565729994773860089e+05
4.411271972656250000e+03 8.452487858533860417e+05
2.306729248046869998e+03 4.511770678758620052e+05
4.644817871093750000e+03 9.216097275018689688e+05
3.867816162109369998e+03 9.855743957757949829e+05
3.483338623046869998e+03 1.177529255628590006e+06
4.657703125000000000e+03 6.053823153972630389e+05
4.857301757812500000e+03 7.290606935024260310e+05
3.701698242187500000e+03 6.346869063377380371e+05
4.400868652343750000e+03 8.449913550615309505e+05
3.836881835937500000e+03 8.554473336935039843e+05
4.168749511718750000e+03 9.084640052318569506e+05
3.854318115234369998e+03 1.055004138231280027e+06
4.045626464843750000e+03 7.825298486948009813e+05
3.651802978515619998e+03 5.886672841310499934e+05
4.030721435546880002e+03 7.487673678398129996e+05
3.826029052734380002e+03 7.811717885732649593e+05
3.527161865234369998e+03 5.591775087118149968e+05
3.675868896484369998e+03 9.138282026052470319e+05
3.963870117187500000e+03 1.056356594085690100e+06
4.188125000000000000e+03 9.072300308942799456e+05
3.945390869140619998e+03 6.231313339471820509e+05
4.552841308593750000e+03 9.076003389358520508e+05
4.005082519531250000e+03 1.046561431646349956e+06
2.331855957031250000e+03 4.749017885327339754e+05
3.405632812500000000e+03 6.188047788143160287e+05
3.896731689453130002e+03 6.344330695867539616e+05
4.142204101562500000e+03 8.804255522489550058e+05
3.806283935546869998e+03 7.562885379791259766e+05
1.711658081054690001e+03 3.555801189541820204e+05
1.525472290039059999e+03 4.628923314213749836e+05
3.348939941406250000e+03 5.665231800079350360e+05
2.689419433593750000e+03 5.288530020713809645e+05
4.389332031250000000e+03 9.600232018232350238e+05
1.591099487304690001e+03 3.975042706727979821e+05
3.808241455078130002e+03 7.011720328330990160e+05
3.116240722656250000e+03 1.284311864852909930e+06
2.336508544921869998e+03 4.488591856360440142e+05
4.085893310546880002e+03 7.368702397346500074e+05
3.816703369140619998e+03 6.916326564550399780e+05
1.371325927734380002e+03 4.936060300469400245e+05
2.088867431640619998e+03 5.075722596645359881e+05
3.332643066406250000e+03 1.181142424106599996e+06
2.196613037109369998e+03 5.877339299917219905e+05
4.727890136718750000e+03 9.144579516649249708e+05
4.156900878906250000e+03 9.342851786613459699e+05
4.058643798828130002e+03 8.724851585626599845e+05
3.886483642578119998e+03 7.996937695741649950e+05
4.011304443359380002e+03 5.937146576642990112e+05
3.673478271484369998e+03 7.630012316703799879e+05
1.717157226562500000e+03 3.899865727424619836e+05
3.577693115234369998e+03 5.435328315496450523e+05
1.974510986328130002e+03 4.666862679719930165e+05
2.187173339843750000e+03 5.304220750331879826e+05
3.782639648437500000e+03 1.108067410469060065e+06
1.882536743164059999e+03 8.408814170360560529e+05
4.912338867187500000e+03 8.239911915063860361e+05
2.646901855468750000e+03 5.092039542198179988e+05
4.188010253906250000e+03 4.998323708176609944e+05
4.338983886718750000e+03 7.768650311231609667e+05
1.646502075195309999e+03 4.247216071486470173e+05
3.715392578125000000e+03 9.313959962129590567e+05
4.447742187500000000e+03 7.774395903348920401e+05
2.535371337890619998e+03 4.326187809705730178e+05
3.960396240234369998e+03 1.020023521184919984e+06
3.285202148437500000e+03 5.456520973443989642e+05
3.911300048828119998e+03 9.054383710622789804e+05
4.064486083984369998e+03 8.403172135353089543e+05
2.191604736328119998e+03 5.560407029390339740e+05
3.563736572265630002e+03 1.263816450834270101e+06
3.333784667968750000e+03 5.573645892143249512e+05
4.092760253906250000e+03 6.776008508205410326e+05
4.218688964843750000e+03 1.040937671422960004e+06
2.579185058593750000e+03 4.444318450689319870e+05
3.168461914062500000e+03 5.111434570550919743e+05
3.837236328125000000e+03 8.216480596065520076e+05
4.449583496093750000e+03 8.772477500438690186e+05
2.096352783203119998e+03 5.453521472215650138e+05
3.581144042968750000e+03 8.008859555721279467e+05
3.647684082031250000e+03 8.438440641164779663e+05
3.597007812500000000e+03 6.651204525232319720e+05
3.167791259765619998e+03 5.033665008544920129e+05
4.317376953125000000e+03 8.106321415901189903e+05
3.783091308593750000e+03 1.053050198316569906e+06
3.318249023437500000e+03 7.716800484657289926e+05
2.753430419921869998e+03 4.417460000514980056e+05
4.079822753906250000e+03 7.729503287076950073e+05
2.598186767578130002e+03 4.375431347489359905e+05
2.885530029296869998e+03 5.658103415966030443e+05
4.075530517578130002e+03 8.496817611455919687e+05
3.459708496093750000e+03 9.983537086248400155e+05
3.643857666015619998e+03 7.714636750221250113e+05
3.168959228515630002e+03 7.216986358165739803e+05
2.226765625000000000e+03 5.654404599666600116e+05
4.659094726562500000e+03 9.727945955991740339e+05
3.844160400390619998e+03 8.570597788095469587e+05
4.165254394531250000e+03 9.888711059093479998e+05
3.078733398437500000e+03 1.047723220586779993e+06
1.909342895507809999e+03 6.056267710924149724e+05
2.846964843750000000e+03 5.884521290063860361e+05
3.849219970703130002e+03 8.958512365818020189e+05
2.288536865234369998e+03 5.579482858180999756e+05
2.290723632812500000e+03 4.411089410781859769e+05
3.369419433593750000e+03 6.265745469331740169e+05
4.617990234375000000e+03 7.570423119068150409e+05
3.805894531250000000e+03 7.825210767984390259e+05
4.141014160156250000e+03 7.479026659727100050e+05
3.423976074218750000e+03 6.597089843750000000e+05
3.645372070312500000e+03 5.382762726545330370e+05
3.554944091796869998e+03 8.163068884611129761e+05
4.263077636718750000e+03 7.807104721069339430e+05
2.290383300781250000e+03 4.536555245518679731e+05
2.324514160156250000e+03 4.698293176293370198e+05
3.797354736328119998e+03 1.036869826316830004e+06
4.367828613281250000e+03 9.526987292766569881e+05
4.325669921875000000e+03 7.795511198043819750e+05
3.657997558593750000e+03 7.525917319059369620e+05
3.667381835937500000e+03 8.092925999164580135e+05
4.059449462890630002e+03 7.944408047199250432e+05
3.841679443359380002e+03 9.852282713651659433e+05
3.897348144531250000e+03 7.107663553953169612e+05
3.443274658203119998e+03 1.004913990616800031e+06
2.838567138671880002e+03 5.937571769952770555e+05
3.651454589843750000e+03 4.806948950886729872e+05
3.634492919921869998e+03 7.247288995981219923e+05
2.823804931640630002e+03 5.480117374658590415e+05
4.612474609375000000e+03 8.013802275657650316e+05
2.854936767578119998e+03 5.061216073036189773e+05
2.686295166015630002e+03 4.558762153983120224e+05
3.839605712890619998e+03 8.065561946630480234e+05
3.215631835937500000e+03 1.002395298957820050e+06
3.839946289062500000e+03 9.085561101436619647e+05
3.336536376953119998e+03 9.194452620744709857e+05
1.521926269531250000e+03 4.545549789667130099e+05
4.397773437500000000e+03 7.497296570539480308e+05
3.615966308593750000e+03 1.082701035499569960e+06
4.284478027343750000e+03 6.468738725185389630e+05
5.050513183593750000e+03 8.216882032155989436e+05
4.448531250000000000e+03 1.007438469290729961e+06
4.641361816406250000e+03 7.130514343976980308e+05
3.971220703125000000e+03 9.449199455976489699e+05
2.695634277343750000e+03 4.959093838334080065e+05
1.740227783203130002e+03 4.192174249291419983e+05
2.195112060546869998e+03 5.589323220252989559e+05
3.381810546875000000e+03 1.189514346361160045e+06
3.416335693359369998e+03 6.904432116746900138e+05
2.937819824218750000e+03 6.178014322519300040e+05
3.108609863281250000e+03 4.851806235909460229e+05
3.730971679687500000e+03 7.736177847385409987e+05
3.616157226562500000e+03 1.179630977630619891e+06
4.369317382812500000e+03 6.521946368217469426e+05
4.214922363281250000e+03 9.829743204116820125e+05
3.576857177734380002e+03 8.836367973089220468e+05
3.626877197265619998e+03 9.250501992702479474e+05
3.375207519531250000e+03 5.591748284101489699e+05
4.243625976562500000e+03 7.860719891786579974e+05
3.821110351562500000e+03 7.636606467962269671e+05
2.224578613281250000e+03 5.270644489526749821e+05
3.818892822265619998e+03 6.778433572053910466e+05
3.205716308593750000e+03 7.351116572618479840e+05
3.391489746093750000e+03 7.041971187591550406e+05
4.573187500000000000e+03 9.236847074031829834e+05
2.175418701171869998e+03 6.294320530891419621e+05
3.584789306640630002e+03 5.409709504842760507e+05
4.402899414062500000e+03 7.240397574901579646e+05
4.134478027343750000e+03 6.257290945053099422e+05
2.062559326171869998e+03 4.736160965561870253e+05
4.252581542968750000e+03 7.644160654544830322e+05
3.868542480468750000e+03 7.685485423803329468e+05
3.400886718750000000e+03 6.521531530618669931e+05
3.070869628906250000e+03 8.781337115764620248e+05
2.406874755859369998e+03 4.941019163131709793e+05
3.696140380859369998e+03 5.929727014303209726e+05
4.314302734375000000e+03 8.805225913524630014e+05
3.962229003906250000e+03 9.551273871660230216e+05
4.464777343750000000e+03 9.916796965599060059e+05
3.939673095703119998e+03 6.754877375364300096e+05
3.849945556640630002e+03 8.894987388849259587e+05
4.380740234375000000e+03 9.646620730161670363e+05
4.057800781250000000e+03 6.384741725921629695e+05
3.172711914062500000e+03 8.802526727914810181e+05
4.139504394531250000e+03 6.187690211534500122e+05
3.304041015625000000e+03 8.883077102899550227e+05
3.471792724609369998e+03 1.152948696374889929e+06
4.396376953125000000e+03 9.090449606180189876e+05
4.581802246093750000e+03 8.780663994550709613e+05
1.956182617187500000e+03 7.186566761732100276e+05
2.060945068359369998e+03 4.597301541566849919e+05
3.854969726562500000e+03 8.112964299917219905e+05
4.005422363281250000e+03 1.034107653617860051e+06
4.846389648437500000e+03 7.291293457746510394e+05
4.072170898437500000e+03 8.093636279106140137e+05
3.726417724609369998e+03 6.284250515699390089e+05
2.062352783203130002e+03 4.972615655660629855e+05
2.664870849609369998e+03 5.212641543149949866e+05
4.156088378906250000e+03 6.775119135379790096e+05
4.207070312500000000e+03 9.633693757057189941e+05
2.406526855468750000e+03 5.100750218033790006e+05
4.189543945312500000e+03 6.019495799541469896e+05
4.066114013671880002e+03 8.363205182552339975e+05
3.179458496093750000e+03 6.744261553287509596e+05
4.178049316406250000e+03 7.636728909015660174e+05
3.208023437500000000e+03 1.052469182014469989e+06
4.167939941406250000e+03 9.507311441898349440e+05
4.648087402343750000e+03 8.021726831197739812e+05
4.387632812500000000e+03 8.884690157175069908e+05
3.382482421875000000e+03 8.636327922344210092e+05
3.527590332031250000e+03 8.121339633464809740e+05
3.755355224609369998e+03 8.608880414962769719e+05
3.709143310546869998e+03 1.091355485916140024e+06
3.670460937500000000e+03 9.263771922588349553e+05
3.376817871093750000e+03 8.377052595615390455e+05
3.645780273437500000e+03 9.335393238067630446e+05
2.490922851562500000e+03 5.149128749370569712e+05
3.855321044921869998e+03 9.037846858501429670e+05
3.273821289062500000e+03 6.403695113658909686e+05
3.478988281250000000e+03 1.183533740520480089e+06
2.904461669921869998e+03 6.437019182443619939e+05
4.449558593750000000e+03 8.825504223108290462e+05
4.406417968750000000e+03 9.303975229263310321e+05
3.731185058593750000e+03 7.873016384840010433e+05
3.423932373046869998e+03 6.894804351329799974e+05
4.062704345703130002e+03 8.091953780651090201e+05
3.617910888671869998e+03 9.486129748821259709e+05
3.464418457031250000e+03 1.196179769277570071e+06
3.445624511718750000e+03 5.702011021375659620e+05
3.471618408203119998e+03 7.837529799938199576e+05
3.615826904296869998e+03 5.671115671396260150e+05
3.706082763671869998e+03 8.482003462314610370e+05
4.708328613281250000e+03 5.906481488943099976e+05
3.575025390625000000e+03 9.011754121780400164e+05
3.726466308593750000e+03 5.101388617157940171e+05
4.318121582031250000e+03 7.846909028291699942e+05
3.647095214843750000e+03 9.225962003469469491e+05
2.219047607421869998e+03 6.523841463327410165e+05
2.319626953125000000e+03 4.365110663175579975e+05
2.278798583984380002e+03 4.281194682121279766e+05
2.403987548828119998e+03 4.648062191009519738e+05
4.633520996093750000e+03 7.258022994995119516e+05
4.332756347656250000e+03 8.232196910381319467e+05
2.664762207031250000e+03 4.670363823771480238e+05
3.930411865234369998e+03 7.957613406181340106e+05
3.761088623046869998e+03 1.060914447069169953e+06
3.641013427734369998e+03 9.152292084693909856e+05
4.061236572265630002e+03 8.118904823064799421e+05
3.806787597656250000e+03 5.848961606025700457e+05
3.992330810546869998e+03 1.013823496103290003e+06
3.632386474609369998e+03 8.311873141527180560e+05
4.215228515625000000e+03 9.340953036546709482e+05
2.064354003906250000e+03 4.727296476960179862e+05
3.837330810546869998e+03 7.860238655805590097e+05
2.013373901367190001e+03 4.332219706773760263e+05
3.991163574218750000e+03 1.037145044565199991e+06
1.716530761718750000e+03 3.887578676342960098e+05
3.671460449218750000e+03 7.852997577190400334e+05
4.178003906250000000e+03 7.588536475896839984e+05
3.732215820312500000e+03 7.274363697767260019e+05
3.269384765625000000e+03 5.646345419883730356e+05
4.435232421875000000e+03 7.365938640832899837e+05
2.195612304687500000e+03 5.525826264619829599e+05
2.287869384765619998e+03 5.559409226179119432e+05
2.331864501953119998e+03 4.835631529092789860e+05
1.716154785156250000e+03 3.837709227204319905e+05
4.474348144531250000e+03 9.413300470113749616e+05
3.943649169921869998e+03 1.050979056119919987e+06
4.282274902343750000e+03 1.081710785865779966e+06
2.668654296875000000e+03 4.693997383713719901e+05
1.956182861328119998e+03 6.522950872182849562e+05
2.665916503906250000e+03 4.978219009041790268e+05
4.887705566406250000e+03 9.247206439971920336e+05
3.093016601562500000e+03 6.463950122594829882e+05
3.574143310546880002e+03 8.681150485277180560e+05
3.663756103515630002e+03 4.920583994984630262e+05
2.445933593750000000e+03 4.784970477223399794e+05
3.742837402343750000e+03 5.873705663681030273e+05
2.278204589843750000e+03 6.172918094396590022e+05
4.037200195312500000e+03 7.600593569278720533e+05
2.402167724609369998e+03 5.650185561180110089e+05
3.620463378906250000e+03 7.260871424674990121e+05
3.601113769531250000e+03 7.577703183889390202e+05
3.780546386718750000e+03 1.086973436355589889e+06
3.679372314453130002e+03 6.134949793815610465e+05
4.380202636718750000e+03 8.533572466373440111e+05
4.190751953125000000e+03 1.054084551095959963e+06
3.529022460937500000e+03 9.198886083364490187e+05
4.130626464843750000e+03 6.540009773969650269e+05
3.605481933593750000e+03 7.663079320192340529e+05
3.821709960937500000e+03 1.074623459100720007e+06
2.341867431640630002e+03 6.002971130609510001e+05
3.019607666015619998e+03 6.151507966518399771e+05
3.788717041015619998e+03 1.046112968444820028e+06
3.436115234375000000e+03 6.927484538555149920e+05
3.840486816406250000e+03 8.967146592140200082e+05
4.079659912109380002e+03 8.700056358575819759e+05
3.403055664062500000e+03 9.367850472927090013e+05
4.792159179687500000e+03 7.099614120721820509e+05
4.501515136718750000e+03 8.616480288505560020e+05
4.075472656250000000e+03 8.315429414510730421e+05
4.799142578125000000e+03 7.087163510322569637e+05
3.469021728515619998e+03 8.931158059835430468e+05
1.816405273437500000e+03 3.735137737393379794e+05
3.174213623046869998e+03 5.610273432731629582e+05
2.174980957031250000e+03 5.240316267013549805e+05
4.328623535156250000e+03 7.409198100566860521e+05
2.067645996093750000e+03 4.837936283946040203e+05
4.094124267578130002e+03 1.141454831838610116e+06
3.612950927734380002e+03 5.525604530572890071e+05
3.766596435546869998e+03 8.546107749938969500e+05
3.538591308593750000e+03 5.515751985311510507e+05
3.454775634765619998e+03 9.575052411556240404e+05
3.507672607421869998e+03 5.675643553733830340e+05
2.282034912109369998e+03 5.811503781080249464e+05
4.087424560546880002e+03 7.074538680315020029e+05
3.664513671875000000e+03 6.127209204435349675e+05
2.303167724609369998e+03 5.157363976240159827e+05
4.613685546875000000e+03 6.923764401674269466e+05
4.167959472656250000e+03 9.323494526147840079e+05
3.150118896484380002e+03 7.946445685625079786e+05
3.666709472656250000e+03 8.463623902797700139e+05
4.878185058593750000e+03 8.703715579509739764e+05
3.822050537109380002e+03 9.919418178796770517e+05
3.661548828125000000e+03 8.146182984113689745e+05
3.123673828125000000e+03 6.279958378076549852e+05
2.858724121093750000e+03 6.152963857650760328e+05
4.228816406250000000e+03 9.629505176544189453e+05
3.412987304687500000e+03 5.516817405223849928e+05
4.161649902343750000e+03 9.534732146263120230e+05
4.388317871093750000e+03 8.758234133720400278e+05
4.347261718750000000e+03 9.633952649831769522e+05
4.445779296875000000e+03 7.381639117002489511e+05
4.072002441406250000e+03 8.427296068668370135e+05
2.298617675781250000e+03 4.176035787463189918e+05
4.677808593750000000e+03 6.552770446538929828e+05
4.006256591796880002e+03 5.802075210809709970e+05
3.078241455078130002e+03 5.791580611467360286e+05
3.395288330078130002e+03 6.187305831909179688e+05
4.209622558593750000e+03 9.893087869882580126e+05
3.747308105468750000e+03 1.108104203701019986e+06
4.529500488281250000e+03 1.367771829128270037e+06
4.267536132812500000e+03 1.034649196386339958e+06
3.641679931640619998e+03 1.017602538704870036e+06
3.819723632812500000e+03 7.650389919281010516e+05
3.643020019531250000e+03 9.070140229463579599e+05
4.320370605468750000e+03 7.679471801519390428e+05
4.305186035156250000e+03 7.281910574436190072e+05
3.612052490234380002e+03 1.104619080543519929e+06
3.986419677734369998e+03 8.396414120197299635e+05
4.081604736328130002e+03 7.102689766883850098e+05
4.692921386718750000e+03 1.061148607969280099e+06
4.709741210937500000e+03 7.155333937406539917e+05
3.715322265625000000e+03 8.637705841064449633e+05
4.204226562500000000e+03 1.025191751956940047e+06
3.866357910156250000e+03 1.051763897180560045e+06
4.004579101562500000e+03 8.334448591470719548e+05
4.155145996093750000e+03 9.785771027803419856e+05
2.543963623046880002e+03 4.977881534695629962e+05
3.664628417968750000e+03 1.142215672016140074e+06
2.182346679687500000e+03 5.309779330492019653e+05
3.687485595703130002e+03 6.563230932950970018e+05
3.555626220703119998e+03 5.359006725549700204e+05
2.293947021484369998e+03 4.655053209662439767e+05
3.966218505859369998e+03 9.780996435880659847e+05
1.901568603515619998e+03 4.807301654219630291e+05
3.847498291015619998e+03 8.323417931795120239e+05
2.115977050781250000e+03 5.489843214750289917e+05
2.551561279296869998e+03 4.608670284748079721e+05
4.191663085937500000e+03 9.180815976858140202e+05
3.187692382812500000e+03 6.808960989713669987e+05
4.596224609375000000e+03 9.432641892433169996e+05
2.388756103515619998e+03 6.517677378654479980e+05
2.678867919921869998e+03 4.949110628366469755e+05
4.406023437500000000e+03 8.080676411390310386e+05
3.659352050781250000e+03 9.630665625333789503e+05
2.592069335937500000e+03 4.129172235727310181e+05
3.580668212890619998e+03 8.095552085638049757e+05
2.422875000000000000e+03 4.690731375217440072e+05
4.474567871093750000e+03 6.590696715116499690e+05
4.448719726562500000e+03 7.278734416961669922e+05
3.570674316406250000e+03 7.950671424865720328e+05
3.646774169921869998e+03 9.197950414419180015e+05
2.772200927734369998e+03 5.293195573091510450e+05
3.173464599609369998e+03 5.811096253395080566e+05
4.572375000000000000e+03 8.834601410627360456e+05
1.529577026367190001e+03 4.601382300853729830e+05
3.847492187500000000e+03 8.592074314355850220e+05
2.089268798828119998e+03 4.470735869407649734e+05
2.031937255859380002e+03 4.830740587711330154e+05
2.596191406250000000e+03 4.665548722743989783e+05
4.157487792968750000e+03 6.556201841831209604e+05
4.142624023437500000e+03 8.849442362785340520e+05
4.055288330078130002e+03 6.740019366741180420e+05
2.311510009765619998e+03 4.884756585359569872e+05
3.119417480468750000e+03 4.720959390997890150e+05
4.028496582031250000e+03 1.108499304533000104e+06
2.860405273437500000e+03 4.736559965014460031e+05
2.696186279296869998e+03 4.384998196959500201e+05
2.072459716796869998e+03 4.695133466124539846e+05
4.317724609375000000e+03 6.790363351106640184e+05
3.833380615234369998e+03 7.487127262353899423e+05
4.315875976562500000e+03 7.961671626567840576e+05
4.131247070312500000e+03 6.849245314598080004e+05
2.684539306640619998e+03 4.817600104212759761e+05
4.060879150390630002e+03 7.780129312276840210e+05
3.780858642578130002e+03 1.151519486427309923e+06
2.327297119140619998e+03 4.682134612202640274e+05
3.715386230468750000e+03 1.018553923964499962e+06
4.424080566406250000e+03 8.595126203298569890e+05
3.903564208984369998e+03 6.668460794687269954e+05
2.014139770507809999e+03 6.467531371116640512e+05
2.391084716796869998e+03 5.512665983438489493e+05
3.620256591796869998e+03 8.663973406553269597e+05
4.201807128906250000e+03 9.622007032632830087e+05
3.253567626953119998e+03 5.776918752193449764e+05
4.637118164062500000e+03 5.977834165096279467e+05
3.575683349609369998e+03 8.133618460893629817e+05
3.349434326171869998e+03 5.602926969528200570e+05
4.317435058593750000e+03 7.376197495460510254e+05
3.813221435546869998e+03 7.169741168022160418e+05
4.376469726562500000e+03 8.265947999954220140e+05
4.677015625000000000e+03 8.680856870412830031e+05
3.963622070312500000e+03 1.067982280731200008e+06
3.439562255859369998e+03 8.846154729127880419e+05
4.521393066406250000e+03 8.378891038894649828e+05
3.172960693359369998e+03 8.564136433601380559e+05
4.317898925781250000e+03 7.990896661281590350e+05
4.306773437500000000e+03 9.475673526525499765e+05
4.322187988281250000e+03 8.444007140398030169e+05
4.070122802734380002e+03 7.947933862209320068e+05
3.078549804687500000e+03 1.050533273220059928e+06
3.962766845703119998e+03 1.014086896657940000e+06
3.747501953125000000e+03 5.715704317092900164e+05
2.820978027343750000e+03 5.419104571342469426e+05
4.065551025390630002e+03 7.912118331193920458e+05
3.862349609375000000e+03 8.571174052953720093e+05
4.475238281250000000e+03 7.515570745468139648e+05
4.063464599609380002e+03 7.812341665029530413e+05
3.663800048828119998e+03 1.152642898321150104e+06
3.202821777343750000e+03 1.221087934494019952e+06
2.262598388671869998e+03 4.327661061882969807e+05
3.454730712890619998e+03 7.498988206386569655e+05
3.992291503906250000e+03 1.121731344699860085e+06
3.837473876953119998e+03 6.797999165058139479e+05
3.266994628906250000e+03 5.879091851711269701e+05
4.059533935546880002e+03 8.105374172925950261e+05
4.704155761718750000e+03 8.109297159910199698e+05
3.493256835937500000e+03 6.650969389677050058e+05
2.669628662109380002e+03 4.679077849984170171e+05
4.147695312500000000e+03 6.503504674434659537e+05
2.454864746093750000e+03 5.612466406822210411e+05
3.784796630859369998e+03 8.741205080747610191e+05
3.786046386718750000e+03 1.039144427776340046e+06
2.742237060546869998e+03 4.963202618956569931e+05
2.258589599609380002e+03 4.806702850461010239e+05
2.942335205078130002e+03 5.152081954479219858e+05
4.365777832031250000e+03 8.605054284334180411e+05
2.327845458984369998e+03 4.432011297345160274e+05
2.329743896484369998e+03 4.706641097664830158e+05
3.360503906250000000e+03 5.896420611143109854e+05
3.398038330078119998e+03 5.305313582420350285e+05
1.815117553710940001e+03 3.647297855615619919e+05
2.622961914062500000e+03 4.563202621936799842e+05
2.689651123046869998e+03 4.574489737749099731e+05
3.959100097656250000e+03 1.033125932216639980e+06
1.710143798828130002e+03 3.842724437117580092e+05
4.905279785156250000e+03 6.824071190357210580e+05
3.848565185546869998e+03 9.334207204580310499e+05
2.236595947265619998e+03 6.554720366001130315e+05
4.386382324218750000e+03 8.558337844610209577e+05
3.849841064453130002e+03 8.672267721891399706e+05
2.807618896484369998e+03 4.785730403661730234e+05
2.100105224609380002e+03 6.209521877765660174e+05
2.281540527343750000e+03 5.860959610939030536e+05
3.835402343750000000e+03 9.031930092573170550e+05
3.667656494140619998e+03 5.448769419193270151e+05
3.962760009765619998e+03 1.000053446292879991e+06
5.261461914062500000e+03 7.290508251190190203e+05
4.115407226562500000e+03 7.806069149971009465e+05
3.122461914062500000e+03 6.224690557718280470e+05
3.664013183593750000e+03 6.462943181991579477e+05
3.589278564453119998e+03 6.727869071960450383e+05
3.455320312500000000e+03 9.349202274084090022e+05
3.649053955078119998e+03 7.552391389608379686e+05
3.397604492187500000e+03 5.955074748992919922e+05
4.524360839843750000e+03 6.645980982780460035e+05
3.865666748046880002e+03 8.205923253297810443e+05
3.173212402343750000e+03 1.025973547220229986e+06
4.360167968750000000e+03 5.889587060213090153e+05
4.185827148437500000e+03 8.987839739322660025e+05
2.294064208984369998e+03 4.191721948385239812e+05
3.777009277343750000e+03 1.019697986364359967e+06
3.574791992187500000e+03 8.068707646131520160e+05
2.592144531250000000e+03 5.279597915411000140e+05
4.533338378906250000e+03 6.151345930099489633e+05
3.956796142578119998e+03 6.403399671316150343e+05
4.165473632812500000e+03 7.359514445066449698e+05
1.966504150390630002e+03 4.883479787111280020e+05
2.080457763671869998e+03 4.497119784355160082e+05
2.411178710937500000e+03 5.063851601481440011e+05
2.397088378906250000e+03 4.949934211969380267e+05
1.975009155273440001e+03 5.987665389776229858e+05
4.226814453125000000e+03 6.389508398771289503e+05
2.409998046875000000e+03 5.492195788621900138e+05
4.377370117187500000e+03 7.880920838117599487e+05
2.087856933593750000e+03 4.572873028516769991e+05
3.685386474609380002e+03 1.111206043720250018e+06
4.423368164062500000e+03 5.956678056716920109e+05
2.673984863281250000e+03 4.456890892982480000e+05
2.305070068359369998e+03 4.655641962289810181e+05
4.323762207031250000e+03 8.490097973346710205e+05
2.428008789062500000e+03 5.143674335479739821e+05
3.539948242187500000e+03 8.978374619483950082e+05
2.281708007812500000e+03 5.970706390142439632e+05
3.827573730468750000e+03 9.829330803155900212e+05
2.749112060546869998e+03 7.295711691379549447e+05
4.010047851562500000e+03 6.775155075788500253e+05
3.844558349609369998e+03 8.356405744552609976e+05
3.091377929687500000e+03 5.560664094686510507e+05
2.673525390625000000e+03 5.568884701728819637e+05
3.988256347656250000e+03 5.969243189096449642e+05
3.362179199218750000e+03 6.040997910499570426e+05
3.869551757812500000e+03 8.656313226222989615e+05
4.086666748046880002e+03 9.255151706933979876e+05
2.324411132812500000e+03 4.487743297219279921e+05
3.645526123046880002e+03 7.989124616384509718e+05
2.262483886718750000e+03 4.612124828100199811e+05
2.669646728515619998e+03 4.425394302606579731e+05
3.453555419921880002e+03 8.425891346931459848e+05
3.939860351562500000e+03 5.534381300210950430e+05
2.196614746093750000e+03 4.742743542790409992e+05
3.154798828125000000e+03 5.942992680072779767e+05
2.232305419921869998e+03 5.512726290225980338e+05
3.510692382812500000e+03 8.466616094112399733e+05
3.765663085937500000e+03 5.193326923847200233e+05
2.591186767578119998e+03 5.551041202545169508e+05
2.401568359375000000e+03 4.867662047743800213e+05
3.417307373046869998e+03 4.601995115280150203e+05
2.300391601562500000e+03 4.833560691475869971e+05
4.392883300781250000e+03 8.556139997243880061e+05
4.605484863281250000e+03 9.201957465410230216e+05
3.530331542968750000e+03 6.439040982723239576e+05
4.077885742187500000e+03 7.976246376037599985e+05
3.201517822265619998e+03 1.224159682035449892e+06
2.103246337890630002e+03 4.841058835387229919e+05
3.284258300781250000e+03 5.719189927577970084e+05
4.024938232421880002e+03 1.160129590034479974e+06
3.341281250000000000e+03 5.640456066131589469e+05
3.252825439453119998e+03 8.501046396493910579e+05
3.647150146484380002e+03 8.660625466108319815e+05
2.320634033203119998e+03 3.909742334485049942e+05
4.464718261718750000e+03 6.047346570491789607e+05
3.842168212890630002e+03 8.610352144241329515e+05
5.198003906250000000e+03 7.626951899528499926e+05
4.063128417968750000e+03 7.971001513004299486e+05
3.809078857421869998e+03 6.232300786972050555e+05
1.974509887695309999e+03 5.400295554399490356e+05
2.201963134765619998e+03 5.658813086748119676e+05
5.038661621093750000e+03 6.733037790060039843e+05
3.674628417968750000e+03 8.226256996393200243e+05
4.743761718750000000e+03 6.789705458879469661e+05
2.622962158203119998e+03 3.999442893862720230e+05
2.841809326171869998e+03 6.256234662532809889e+05
4.075703125000000000e+03 7.975350302457809448e+05
3.389175292968750000e+03 8.217521040439610370e+05
4.163748535156250000e+03 1.006093018770219991e+06
3.837624023437500000e+03 7.409597100019459613e+05
3.639514404296869998e+03 7.040958764553070068e+05
2.458732421875000000e+03 4.538887107968329801e+05
4.390017578125000000e+03 8.032617993354799692e+05
4.632984863281250000e+03 6.741453937292100163e+05
4.060314941406250000e+03 8.791678206920620287e+05
2.314619628906250000e+03 4.399551625847819960e+05
3.888333251953119998e+03 5.341950260400769766e+05
3.662318847656250000e+03 8.712302900552749634e+05
2.672108886718750000e+03 4.673264336586000281e+05
2.643802490234369998e+03 5.426976739168169443e+05
3.356917968750000000e+03 5.613581168651579646e+05
2.296059814453119998e+03 4.988555226922039874e+05
2.828365478515630002e+03 4.963986302614210290e+05
3.865905029296869998e+03 8.410153712034230120e+05
4.080468750000000000e+03 7.231975945234299870e+05
4.318178222656250000e+03 7.974555958509449847e+05
2.588308105468750000e+03 5.085016238093380234e+05
3.786916748046869998e+03 1.039940964698789991e+06
2.082733398437500000e+03 4.507926882505419781e+05
3.764358886718750000e+03 9.054224110841749934e+05
2.290433837890619998e+03 4.859247727990149870e+05
2.318963134765619998e+03 4.646090950965880184e+05
2.880501220703119998e+03 6.248665856122970581e+05
1.723519287109380002e+03 4.009055125713350135e+05
4.614086425781250000e+03 9.569765516519550001e+05
3.421812255859369998e+03 7.413096112012859667e+05
1.748235351562500000e+03 4.122965814471250051e+05
4.406061035156250000e+03 7.118485881090159528e+05
2.586198242187500000e+03 4.409481838941570022e+05
3.892725097656250000e+03 5.389802173376079882e+05
3.797147949218750000e+03 1.110975537776950048e+06
3.644995605468750000e+03 8.729605466127400286e+05
3.400529541015619998e+03 8.628453927040100098e+05
4.579197753906250000e+03 6.037209547758100089e+05
3.056552001953130002e+03 5.966475777626039926e+05
3.866343994140619998e+03 8.696722428798680194e+05
4.076721435546880002e+03 7.796729516983029898e+05
4.209071289062500000e+03 9.877096215486529982e+05
2.281872070312500000e+03 6.457033116817469709e+05
3.345104736328130002e+03 5.789937708377840463e+05
4.063170654296880002e+03 8.449382972717280500e+05
3.780288818359369998e+03 6.892145370244979858e+05
2.395775878906250000e+03 5.114427980184559710e+05
4.498069335937500000e+03 5.794304772615430411e+05
2.921450927734380002e+03 4.937980675697330153e+05
4.581791015625000000e+03 8.517803155183789786e+05
2.735838134765619998e+03 4.590003201961520244e+05
3.431079833984369998e+03 1.279076626539230114e+06
3.792500976562500000e+03 1.049274993419650011e+06
3.965281982421869998e+03 9.147499217987060547e+05
3.948308837890619998e+03 1.026298229217529995e+06
2.594320068359369998e+03 4.416764949560170062e+05
3.911892089843750000e+03 7.930767748355870135e+05
2.320408203125000000e+03 4.098540042638779851e+05
3.629992675781250000e+03 5.403891422748570330e+05
3.174467285156250000e+03 5.604033203125000000e+05
4.618054687500000000e+03 8.826681119203569833e+05
4.656666992187500000e+03 8.537650179862979567e+05
3.712051757812500000e+03 1.036335837125779944e+06
2.090573486328119998e+03 5.149781768321989803e+05
3.976615478515619998e+03 8.246054679155349731e+05
4.029679199218750000e+03 1.043812294960019994e+06
3.952153320312500000e+03 6.376137348413469736e+05
3.605650878906250000e+03 9.336719987392430194e+05
2.476390380859369998e+03 5.433523375988010084e+05
2.297954101562500000e+03 4.321691299080849858e+05
3.600606201171880002e+03 7.522297693490979727e+05
2.538767333984369998e+03 4.400875938534740126e+05
3.182200439453119998e+03 5.681465290784840472e+05
4.627804687500000000e+03 7.450665413141249446e+05
3.272556396484369998e+03 5.739222745895390399e+05
2.539373779296869998e+03 4.895481142401699908e+05
2.679192382812500000e+03 4.605348538160320022e+05
4.056742675781250000e+03 8.490357475280760555e+05
4.748911621093750000e+03 1.054069931268689921e+06
4.583810058593750000e+03 8.366174225807189941e+05
2.689625976562500000e+03 4.590956536531450110e+05
3.835348632812500000e+03 8.023110232353210449e+05
4.069526611328130002e+03 8.107070682048799936e+05
2.068657714843750000e+03 4.539905622601510258e+05
4.177104003906250000e+03 6.432772731781010516e+05
3.925799560546869998e+03 8.376374601125719491e+05
4.079028076171880002e+03 7.636056396961209830e+05
3.939483398437500000e+03 1.006415568709369982e+06
3.824043457031250000e+03 8.454194114208220271e+05
3.589010742187500000e+03 9.277441461086269701e+05
3.711865234375000000e+03 1.002337916135789943e+06
3.633681884765619998e+03 8.993937425613399828e+05
3.404572998046869998e+03 9.060982125997539843e+05
2.321733642578119998e+03 4.831068620085719740e+05
3.088146240234380002e+03 5.978981821537020151e+05
4.419613769531250000e+03 1.011067841410640045e+06
2.325739501953119998e+03 4.597856181263920153e+05
3.656589843750000000e+03 1.026991087198260007e+06
4.068878906250000000e+03 9.549860621690750122e+05
4.103552246093750000e+03 6.292254261970520020e+05
2.666096679687500000e+03 4.919587714672089787e+05
3.553002929687500000e+03 5.155878236293789814e+05
3.428294189453119998e+03 8.186980830430979840e+05
3.319223876953119998e+03 7.485589743852620013e+05
4.059310791015630002e+03 7.723526823520660400e+05
3.693888427734369998e+03 6.077410417795180110e+05
4.314247558593750000e+03 8.412003729343409650e+05
3.844110351562500000e+03 7.932514208555220393e+05
4.130921386718750000e+03 6.955111138820650522e+05
4.552097656250000000e+03 8.721587100028990535e+05
4.549353515625000000e+03 6.508757456541060237e+05
2.677746582031250000e+03 4.585315110683439998e+05
3.445836425781250000e+03 1.004665088057519984e+06
3.860992431640619998e+03 9.203771542310720542e+05
3.864973632812500000e+03 6.352105398178099422e+05
3.851109375000000000e+03 8.757701119184490526e+05
3.365437011718750000e+03 6.428887512683869572e+05
3.799244384765619998e+03 1.110218230724330060e+06
4.099630371093750000e+03 8.815210646390910260e+05
2.443593750000000000e+03 4.228111003041269723e+05
3.096324462890619998e+03 5.796949133872990496e+05
3.841493896484369998e+03 8.588684951066969661e+05
1.974509155273440001e+03 4.112208058238030062e+05
3.538576171875000000e+03 5.413982758522030199e+05
4.479110351562500000e+03 7.177478711605069693e+05
3.757725585937500000e+03 8.034982750415799674e+05
3.308098144531250000e+03 5.756988272666929988e+05
4.393520019531250000e+03 9.152885406017299974e+05
3.221614501953119998e+03 1.120208567857739981e+06
3.639209960937500000e+03 7.901448903083800105e+05
3.335793945312500000e+03 1.257036871433259919e+06
3.798661132812500000e+03 1.127344261884690030e+06
3.804684326171869998e+03 5.740992354154590284e+05
2.186719726562500000e+03 5.544889301061630249e+05
3.981177734375000000e+03 8.310979504585269606e+05
4.193892578125000000e+03 9.885085951089860173e+05
3.885947509765630002e+03 5.509498354196549626e+05
3.830694091796869998e+03 6.079200737476350041e+05
2.596238525390619998e+03 4.854917517900469829e+05
4.762123046875000000e+03 5.523381098508830182e+05
3.865366943359369998e+03 6.172586102485660231e+05
4.616990722656250000e+03 7.383324052095409716e+05
3.969201904296880002e+03 9.734797781705859816e+05
3.174464111328119998e+03 4.841036296486849897e+05
2.279373046875000000e+03 5.929320095777510433e+05
2.680405029296869998e+03 5.149628869295120239e+05
3.334647705078130002e+03 1.186017040014269995e+06
3.705433593750000000e+03 9.983437184095380362e+05
3.271210937500000000e+03 9.451896814107899554e+05
4.087765380859380002e+03 8.508882014751429670e+05
2.403189208984369998e+03 5.363582731485370314e+05
2.308339111328119998e+03 5.652549709081649780e+05
3.966530517578119998e+03 1.053179949283600086e+06
3.636206787109369998e+03 5.512124440670009935e+05
3.464642822265619998e+03 1.070183417558670044e+06
3.578557861328119998e+03 8.040588845014569815e+05
4.141540527343750000e+03 9.498671123981480487e+05
3.443897216796869998e+03 9.261572247743610060e+05
4.324666503906250000e+03 1.053080534458159935e+06
4.315064453125000000e+03 7.783836047649380052e+05
2.278539794921869998e+03 6.138347685337070143e+05
3.966274169921869998e+03 9.208892136812210083e+05
3.547363037109369998e+03 7.249705531597139779e+05
4.364065429687500000e+03 5.743988809585570125e+05
3.055558837890619998e+03 7.178433873653409537e+05
2.323962158203130002e+03 5.563612426519390428e+05
4.889195800781250000e+03 7.948703839778900146e+05
3.632651123046869998e+03 5.528930541276929434e+05
3.470816650390619998e+03 6.500366284847259521e+05
3.780858154296869998e+03 1.071874687910079956e+06
3.793283447265630002e+03 1.053825536489489954e+06
3.717729492187500000e+03 7.242847005128860474e+05
3.964864501953119998e+03 1.082551669597629923e+06
4.114726074218750000e+03 7.328487516641620314e+05
3.179209960937500000e+03 5.776863927841190016e+05
2.307949462890630002e+03 5.037935521006580093e+05
2.188798095703119998e+03 5.471463046073910082e+05
3.776965087890630002e+03 9.887972148656840436e+05
2.202954589843750000e+03 5.149695876836780226e+05
1.740560668945309999e+03 6.117134925127029419e+05
4.631524414062500000e+03 7.915993194580080453e+05
2.093870849609380002e+03 4.835228265523909940e+05
3.172714599609369998e+03 7.243336769342420157e+05
3.640054931640630002e+03 9.897864289283750113e+05
4.391902343750000000e+03 7.866728031635290245e+05
4.611977539062500000e+03 7.664802023172379704e+05
3.724205566406250000e+03 7.181737345457080519e+05
4.639380371093750000e+03 9.287913521528240526e+05
3.673604736328119998e+03 8.142250250577930128e+05
3.966765625000000000e+03 9.999021310806269757e+05
3.871823242187500000e+03 7.740611310005190317e+05
4.548076171875000000e+03 8.678718720674519427e+05
3.687229003906250000e+03 8.002661358118059579e+05
2.128841064453119998e+03 5.522486852407460101e+05
2.636002929687500000e+03 7.716178532838820247e+05
3.173461425781250000e+03 1.053915204763409914e+06
4.058651611328130002e+03 7.244933985471730120e+05
3.728182861328130002e+03 6.856962146759029711e+05
3.204209716796869998e+03 6.357607935667040292e+05
4.376066406250000000e+03 8.607267360687260516e+05
4.045932861328130002e+03 8.320087047815320548e+05
2.262025634765619998e+03 4.531588159203529940e+05
4.064820068359380002e+03 8.944001578092579730e+05
3.639830078125000000e+03 7.057904971837999765e+05
2.082509765625000000e+03 4.719561674594879732e+05
3.647524169921869998e+03 9.211294052600859432e+05
3.578230468750000000e+03 7.487297827005389845e+05
4.304984863281250000e+03 6.628237994909289991e+05
3.569451660156250000e+03 7.736857669353489764e+05
4.434497070312500000e+03 9.236401778459550114e+05
2.094576171875000000e+03 4.977079880833629868e+05
3.619581542968750000e+03 6.211243971586229745e+05
3.833229492187500000e+03 8.738951799869539682e+05
4.305482421875000000e+03 6.846336578130719718e+05
2.280826171875000000e+03 4.372944149374960107e+05
2.308063476562500000e+03 4.172778611779210041e+05
4.595370605468750000e+03 6.644155331850049552e+05
3.677376464843750000e+03 7.209128810167310294e+05
2.712757324218750000e+03 5.073832374811170157e+05
4.648048339843750000e+03 8.388041832447049674e+05
4.142955078125000000e+03 9.117828887701029889e+05
3.417812011718750000e+03 5.771373573541640071e+05
3.399961181640619998e+03 8.737972271442409838e+05
2.626456542968750000e+03 4.322586458921430167e+05
3.833891601562500000e+03 9.458311263322830200e+05
4.210664550781250000e+03 6.622147618532179622e+05
3.390189941406250000e+03 6.821908065080640372e+05
4.061819091796880002e+03 7.847853225469590398e+05
2.075175292968750000e+03 4.512278717756270198e+05
3.956581298828119998e+03 9.985695338249210035e+05
3.296944335937500000e+03 6.144028706550600473e+05
3.603076904296869998e+03 7.946239789724349976e+05
3.297719970703119998e+03 6.513461385965349618e+05
2.586066894531250000e+03 5.833304989337919978e+05
2.108977294921869998e+03 5.479660505056380061e+05
3.463716064453119998e+03 1.144712129354479956e+06
3.350014160156250000e+03 5.401876932382580126e+05
3.510732910156250000e+03 6.167368651628489606e+05
3.178206787109369998e+03 6.710907635688780574e+05
4.392522460937500000e+03 8.726044319868090097e+05
3.389854492187500000e+03 5.033679932951930095e+05
3.451594970703119998e+03 6.965884124040600145e+05
4.405961425781250000e+03 9.669087749719619751e+05
2.176462158203130002e+03 6.122758076190949650e+05
2.192153808593750000e+03 5.303152284622190055e+05
3.168453369140630002e+03 6.436801103353500366e+05
3.437874267578119998e+03 9.131009880304340040e+05
3.256487060546869998e+03 5.954699506759640062e+05
3.780602294921869998e+03 1.057814190864559961e+06
4.393956054687500000e+03 6.691346915960309561e+05
2.181070556640630002e+03 5.237763888835909893e+05
4.318108398437500000e+03 8.019220139980319655e+05
3.389799560546880002e+03 8.703158807754520094e+05
2.623593261718750000e+03 4.403723759055139963e+05
4.194419433593750000e+03 1.004083401679989998e+06
9.698583374023439774e+02 3.400912647843359737e+05
3.389435058593750000e+03 9.263788979053499643e+05
4.541645507812500000e+03 7.445101350545879686e+05
4.383374023437500000e+03 9.950313528776169987e+05
3.645773925781250000e+03 1.006838690876960056e+06
4.327988281250000000e+03 7.986318827867510263e+05
3.573302246093750000e+03 8.082153623104100116e+05
2.408573974609369998e+03 5.051997967362399795e+05
4.050586669921880002e+03 7.164729613065719604e+05
3.834875000000000000e+03 8.425974192619320238e+05
3.992864501953119998e+03 1.011553707003589952e+06
4.079160888671869998e+03 9.047614730596540030e+05
3.453634033203119998e+03 5.771905978918080218e+05
4.237897949218750000e+03 5.863549757003779523e+05
4.658340820312500000e+03 1.225983018159870058e+06
3.437385009765619998e+03 8.736945228576660156e+05
3.971132568359369998e+03 1.001637017250059987e+06
4.479455566406250000e+03 6.999578561782840407e+05
2.329750000000000000e+03 4.200704004764559795e+05
4.004399902343750000e+03 9.555126196146010188e+05
3.641048583984380002e+03 7.611432952880860539e+05
4.227951660156250000e+03 9.713273741006850032e+05
3.783500000000000000e+03 6.913179037570949877e+05
2.477831298828119998e+03 5.099123153090479900e+05
4.069114013671880002e+03 8.517772088050839957e+05
4.629274902343750000e+03 8.495554823875429574e+05
3.957098388671869998e+03 9.898445427417759784e+05
3.798180664062500000e+03 7.321961591243740404e+05
4.597796875000000000e+03 7.516764088869090192e+05
3.989973632812500000e+03 6.591220592260359554e+05
3.564830566406250000e+03 7.135233502388000488e+05
3.634229492187500000e+03 8.056741926670069806e+05
3.752058349609380002e+03 1.130142618656160077e+06
3.681316406250000000e+03 6.380631117820739746e+05
1.690636596679690001e+03 3.715740272402759874e+05
4.441119140625000000e+03 6.419924949407579843e+05
2.326455322265619998e+03 4.738871725201610243e+05
3.701346191406250000e+03 6.158233696222309954e+05
2.063353759765619998e+03 4.976252642273899983e+05
3.168208007812500000e+03 7.001384719610209577e+05
2.751834716796869998e+03 4.940983527302740258e+05
4.388213867187500000e+03 8.941661796569830040e+05
2.153829101562500000e+03 4.585144546031950158e+05
3.314162109375000000e+03 5.668994578123090323e+05
4.322408691406250000e+03 8.574980081319810124e+05
3.829720458984369998e+03 7.067270189523700392e+05
4.214828613281250000e+03 1.017223519682880025e+06
2.385365722656250000e+03 6.004289960861209547e+05
3.781907470703119998e+03 1.108878079891199945e+06
3.961817626953119998e+03 1.049203843593599973e+06
4.506516601562500000e+03 5.979406405687329825e+05
4.384363769531250000e+03 9.302075870037080022e+05
3.933174560546869998e+03 7.911685827970510582e+05
2.285027099609369998e+03 5.620837476253509521e+05
3.633369384765630002e+03 9.590480593442920363e+05
3.173216552734380002e+03 9.943180880546569824e+05
1.719152587890630002e+03 4.000975539088249789e+05
2.424858642578119998e+03 5.102146106958389864e+05
3.579138671875000000e+03 8.085546032190320548e+05
2.370740722656250000e+03 4.613314821124079754e+05
3.970760253906250000e+03 1.091022275686260080e+06
4.558688964843750000e+03 7.184015601873400155e+05
4.434718261718750000e+03 9.590986804962160531e+05
2.334301025390630002e+03 4.349936196208000183e+05
2.624826904296869998e+03 4.140785861015319824e+05
3.631947265625000000e+03 8.617079092264180072e+05
1.956467041015630002e+03 6.291522052288060077e+05
4.070607910156250000e+03 7.960826113224029541e+05
4.322881347656250000e+03 7.498759162425999530e+05
2.684208984375000000e+03 5.608779164552689763e+05
2.625100097656250000e+03 5.175683838129040087e+05
3.520205322265619998e+03 7.700380591154099675e+05
2.550767089843750000e+03 6.548720145225529559e+05
3.638407226562500000e+03 8.690072844028470572e+05
3.101172607421869998e+03 7.091411788463590201e+05
3.954708007812500000e+03 9.523695394992829533e+05
3.602523437500000000e+03 5.329592851400380023e+05
3.707753662109380002e+03 5.791335729360580444e+05
4.164163574218750000e+03 9.775582226514819777e+05
2.409983642578119998e+03 4.320797357559200027e+05
4.205322753906250000e+03 1.074785373687739950e+06
2.595691894531250000e+03 4.192042366266250028e+05
3.501169921875000000e+03 8.092997879982000450e+05
2.307841064453119998e+03 4.364836236834530137e+05
4.383989746093750000e+03 8.168982604742050171e+05
3.872111816406250000e+03 7.779024906158449594e+05
4.007728515625000000e+03 9.134034966230390128e+05
3.581029296875000000e+03 7.374262195825580275e+05
4.183634765625000000e+03 7.929931981563570444e+05
3.887904296875000000e+03 7.453833651542660082e+05
4.777105468750000000e+03 5.934673389196400531e+05
4.620989746093750000e+03 7.074609342813489493e+05
3.903984130859369998e+03 7.660388053655619733e+05
3.845932128906250000e+03 9.311294280290600145e+05
3.859864257812500000e+03 1.110402806043619988e+06
4.317376464843750000e+03 6.965532639026639517e+05
2.326410400390630002e+03 4.617237503528600209e+05
4.637983398437500000e+03 5.903569706678390503e+05
3.467366699218750000e+03 1.155835137605669908e+06
3.942856201171869998e+03 9.504676218032840407e+05
3.839286621093750000e+03 8.370886074304579524e+05
4.313480957031250000e+03 7.921653504371639574e+05
3.636841308593750000e+03 8.929407944679260254e+05
3.959186035156250000e+03 9.830240887403490487e+05
3.772689208984369998e+03 7.323464996814730112e+05
4.060029296875000000e+03 6.720063302516939584e+05
4.449826171875000000e+03 8.726416516304019606e+05
3.173712646484369998e+03 5.136242589950559777e+05
2.092577148437500000e+03 5.156184643506999710e+05
3.933203857421869998e+03 8.509726918935780413e+05
2.948797119140619998e+03 5.974475259780880297e+05
4.400094726562500000e+03 8.170752822160719661e+05
3.174220703125000000e+03 5.600222910642620409e+05
3.693911621093750000e+03 9.388401685953140259e+05
2.289202880859380002e+03 5.522123793363570003e+05
4.064541748046880002e+03 8.713730770349500235e+05
3.835833984375000000e+03 8.802789275646209717e+05
3.648555175781250000e+03 6.456450760364530142e+05
3.577434570312500000e+03 7.333974215984339826e+05
2.075176513671880002e+03 4.814983764290810213e+05
1.713783691406250000e+03 3.761332203745840234e+05
3.875202880859369998e+03 9.894116740226750262e+05
2.235947998046869998e+03 5.296025118827819824e+05
2.673861083984369998e+03 4.701577154994009761e+05
3.519147460937500000e+03 9.920565226078029955e+05
4.333424804687500000e+03 7.958575878143310547e+05
4.377570800781250000e+03 8.166237732172010001e+05
2.743240966796880002e+03 4.353488205075259903e+05
2.264909423828119998e+03 3.916506745815280010e+05
3.851404296875000000e+03 7.785109800100330031e+05
2.092673095703119998e+03 4.675595589876180165e+05
3.103400146484369998e+03 6.049965347051620483e+05
3.969196289062500000e+03 5.899474936723710271e+05
3.096230957031250000e+03 5.788358157873150194e+05
3.313255615234369998e+03 5.366004749536509626e+05
4.327803710937500000e+03 7.842240430116649950e+05
2.576936523437500000e+03 4.261880062818530132e+05
3.793692626953119998e+03 1.092852678060529986e+06
2.068957275390630002e+03 4.704456651806830196e+05
2.398673339843750000e+03 4.886087598800659762e+05
3.264569580078119998e+03 5.624276181459430372e+05
4.387132324218750000e+03 5.414516382217409555e+05
2.408079101562500000e+03 5.948631060123440111e+05
2.217842285156250000e+03 6.102309811115269549e+05
4.205695800781250000e+03 9.740258287191389827e+05
2.721337158203119998e+03 7.176734927892689593e+05
3.784710937500000000e+03 1.057119139909740072e+06
4.014481201171880002e+03 6.211793433427809505e+05
3.793505371093750000e+03 1.107509664058689959e+06
3.428222900390619998e+03 6.410842381715769880e+05
3.421556640625000000e+03 5.777741117477420485e+05
2.196114013671869998e+03 4.622172608971599839e+05
4.075339355468750000e+03 8.763106800317759626e+05
3.342440673828130002e+03 5.346680383682249812e+05
3.523063964843750000e+03 7.750121507644649828e+05
3.598669189453119998e+03 8.828334987163540209e+05
3.832515625000000000e+03 9.742378162145620445e+05
4.206734863281250000e+03 9.315797187089920044e+05
3.996157958984380002e+03 9.582224655151369516e+05
4.078355712890630002e+03 7.967670019865039503e+05
3.848661621093750000e+03 9.134072124958039494e+05
2.414073242187500000e+03 4.988765996098520118e+05
4.315327148437500000e+03 9.021639561653139535e+05
4.434761230468750000e+03 6.617910305261609610e+05
2.108968505859369998e+03 4.714551642537119915e+05
3.638566894531250000e+03 9.452554097175600473e+05
3.630292480468750000e+03 9.167719048261640128e+05
3.172963134765619998e+03 5.742201535701750545e+05
4.316558593750000000e+03 7.026262792348860530e+05
3.708642822265630002e+03 7.314500606060030404e+05
3.671685058593750000e+03 5.910154111385350116e+05
4.323205566406250000e+03 8.201209577322009718e+05
3.419684326171869998e+03 6.019818044900889508e+05
3.971667236328130002e+03 8.162934869527820265e+05
2.089367431640630002e+03 4.663144674897189834e+05
4.317333496093750000e+03 6.330801873207089957e+05
3.600426025390619998e+03 8.354602023363109911e+05
2.576306884765619998e+03 4.282053596973419772e+05
4.235630371093750000e+03 6.477634280920029851e+05
3.981438476562500000e+03 9.665465687513350276e+05
1.974510009765630002e+03 5.638328881263730582e+05
3.582374755859369998e+03 9.263798725605009822e+05
3.238960449218750000e+03 6.963661301136020338e+05
3.782552490234369998e+03 1.053929946422579931e+06
4.141576171875000000e+03 9.122040007114410400e+05
3.820459228515630002e+03 7.642955127954479540e+05
3.038852294921869998e+03 6.192800450325009879e+05
2.318955810546869998e+03 4.364077833294870215e+05
4.377646484375000000e+03 9.418488072156909620e+05
3.619604980468750000e+03 1.084106366395950085e+06
3.615133789062500000e+03 1.101069020986560034e+06
2.306604248046880002e+03 5.651677392721179640e+05
3.800364257812500000e+03 9.178480459451680072e+05
3.982385253906250000e+03 1.004328101038930006e+06
4.092982421875000000e+03 6.590047960281369742e+05
3.823005371093750000e+03 1.077993207454680000e+06
3.801442626953130002e+03 7.041235932111740112e+05
2.602804931640619998e+03 4.081801254153249902e+05
4.171578613281250000e+03 6.147154912948609563e+05
3.671251220703119998e+03 1.115458220481869997e+06
2.146760742187500000e+03 5.652011821269990178e+05
4.071961914062500000e+03 7.265110565423970111e+05
2.069057373046869998e+03 4.761859576106069726e+05
2.989811035156250000e+03 5.826476311683650129e+05
2.273512207031250000e+03 5.563893249034880428e+05
3.637340576171880002e+03 9.438773082494740374e+05
4.578306152343750000e+03 8.863028446435929509e+05
4.695281250000000000e+03 9.101977949142459547e+05
4.102222167968750000e+03 6.949019544124599779e+05
4.777549804687500000e+03 5.766067794561389601e+05
3.109722900390619998e+03 6.962542275190349901e+05
3.805100830078119998e+03 6.081056237220759504e+05
3.606279541015619998e+03 9.213106302022930468e+05
4.073075195312500000e+03 7.488061712980270386e+05
2.334860107421869998e+03 4.084600037336350069e+05
3.605914794921869998e+03 9.037313843965530396e+05
2.217342773437500000e+03 5.801108474731449969e+05
4.091864990234369998e+03 1.002388537287710002e+06
3.649597167968750000e+03 7.605885337591170100e+05
3.290997558593750000e+03 9.526074162721639732e+05
3.966854492187500000e+03 1.044987607240680023e+06
3.732148193359380002e+03 5.037593782544140122e+05
4.068991210937500000e+03 8.397126227617260301e+05
4.119822265625000000e+03 6.093851022720340407e+05
3.538060791015630002e+03 8.033069989681249717e+05
4.387714843750000000e+03 9.324796299934389535e+05
2.293503906250000000e+03 4.946204328536990215e+05
2.665098876953130002e+03 4.611839436888700002e+05
2.514320312500000000e+03 7.459375784397129901e+05
3.227687500000000000e+03 5.739574840068819467e+05
3.484079345703130002e+03 1.233629675149919931e+06
3.671577148437500000e+03 5.735839474201200064e+05
3.088883789062500000e+03 5.401869622468949528e+05
3.309039306640630002e+03 9.816080975532530574e+05
3.172711181640619998e+03 5.574896496534349862e+05
4.420808105468750000e+03 9.496114481687550433e+05
3.640416748046880002e+03 7.590463247299189679e+05
3.123140625000000000e+03 6.525842552185059758e+05
4.158538574218750000e+03 9.804869395494459895e+05
3.671269531250000000e+03 1.119193099021909991e+06
4.510630859375000000e+03 8.494124517440800555e+05
3.655379394531250000e+03 5.344195622205729596e+05
1.596598388671880002e+03 4.008883038163189776e+05
4.344920898437500000e+03 9.589808690547939623e+05
4.214884765625000000e+03 8.871295349597929744e+05
3.640212158203119998e+03 9.386141704320909921e+05
4.554011718750000000e+03 7.187822848558430560e+05
4.058532958984380002e+03 7.312542767524720402e+05
2.996882812500000000e+03 4.412212396264079725e+05
2.550763183593750000e+03 4.728269913792610168e+05
4.536400878906250000e+03 8.724844275712970411e+05
3.159369140625000000e+03 8.994111645221710205e+05
4.375363281250000000e+03 8.679972980022430420e+05
3.726351074218750000e+03 8.527553970813750057e+05
4.085432128906250000e+03 5.824138357639310416e+05
3.801403320312500000e+03 8.001606293916699942e+05
3.899958007812500000e+03 8.598647145032880362e+05
3.546017578125000000e+03 8.215042370557789691e+05
3.739762207031250000e+03 8.548668047189710196e+05
4.350743164062500000e+03 8.547187789678570116e+05
1.241195678710940001e+03 3.779415711760519771e+05
4.141179199218750000e+03 6.195385723114010179e+05
2.593688476562500000e+03 4.197822680473329965e+05
2.677594238281250000e+03 4.307799417376519996e+05
2.591816406250000000e+03 4.120485012531279936e+05
4.053320068359380002e+03 1.003702555179600022e+06
3.640580566406250000e+03 9.000179482698440552e+05
4.323308105468750000e+03 7.611978759765629657e+05
3.422316162109380002e+03 5.669481905698779738e+05
3.837379638671869998e+03 8.749160094261169434e+05
4.062058105468750000e+03 7.753897078037259635e+05
4.014706542968750000e+03 6.434133594036099967e+05
4.142625488281250000e+03 9.842126806974409847e+05
4.604011718750000000e+03 6.182499563694000244e+05
4.071827148437500000e+03 8.059965598583220271e+05
2.067460693359369998e+03 5.112746700048450148e+05
3.867087158203119998e+03 8.222603867053990252e+05
3.882593261718750000e+03 7.683672565221789991e+05
4.344619140625000000e+03 8.379441719055180438e+05
4.154859863281250000e+03 9.255353338718409650e+05
3.841666259765619998e+03 8.936669734716420062e+05
3.750855712890619998e+03 7.156104524135589600e+05
2.410177734375000000e+03 5.457906811237339862e+05
2.311733886718750000e+03 5.022460738420489943e+05
4.063874023437500000e+03 8.388855060338970507e+05
4.379632324218750000e+03 9.493132646083829459e+05
3.622705810546869998e+03 1.120407275676730089e+06
2.102164062500000000e+03 4.907214467525479849e+05
4.750934082031250000e+03 6.797807279825210571e+05
2.260035644531250000e+03 3.938258307576180086e+05
4.663683105468750000e+03 8.457986741065980168e+05
2.689958007812500000e+03 4.375131336450580275e+05
3.092327148437500000e+03 6.169091963768010028e+05
4.313693359375000000e+03 7.511712938547129743e+05
4.010573486328130002e+03 5.991575584411619930e+05
2.412161132812500000e+03 6.486134492158889771e+05
3.867968994140619998e+03 5.984811477661130484e+05
3.604635009765619998e+03 5.012000861167910043e+05
1.717282226562500000e+03 4.023696273565290030e+05
3.178951416015630002e+03 5.350301227569580078e+05
3.454323974609369998e+03 9.516118669509890024e+05
2.414006103515619998e+03 5.817588675022129901e+05
3.409137939453119998e+03 7.628207377195359441e+05
4.724170898437500000e+03 6.906339395046229474e+05
3.900735595703130002e+03 7.070401878356930101e+05
3.498650878906250000e+03 1.263580218791960040e+06
4.559047363281250000e+03 7.225043101310729980e+05
3.988107910156250000e+03 6.791500042676930316e+05
3.968107910156250000e+03 1.039242624282840057e+06
3.634444580078119998e+03 1.092966347217560047e+06
1.711908447265630002e+03 3.610677929520609905e+05
3.623727294921869998e+03 8.933265751600270160e+05
3.466953125000000000e+03 5.449681940078740008e+05
4.318116699218750000e+03 8.349182940721509513e+05
3.545139892578119998e+03 1.083895231723790057e+06
2.669072998046869998e+03 4.929622094035149785e+05
2.901225585937500000e+03 6.141956955194469774e+05
3.784092529296869998e+03 1.061063447475430090e+06
4.452759277343750000e+03 6.908502520322799683e+05
3.581915527343750000e+03 9.108773732185360277e+05
2.090171386718750000e+03 4.484043262600899907e+05
2.195337158203130002e+03 5.398616101741789607e+05
4.348472656250000000e+03 7.015827890634540236e+05
4.168290039062500000e+03 6.054856897592539899e+05
4.062003417968750000e+03 7.670773004293439444e+05
4.075021240234380002e+03 1.023251700878140051e+06
2.655237060546880002e+03 4.386312153935430106e+05
4.636108398437500000e+03 8.177185546159750083e+05
4.200063964843750000e+03 9.831699215173720149e+05
3.837105957031250000e+03 5.413147600889209425e+05
3.174214111328119998e+03 9.062695691585539607e+05
3.455544189453119998e+03 7.486472415924069937e+05
3.245111572265630002e+03 6.757532701492309570e+05
3.631413330078119998e+03 9.002823843955990160e+05
2.275705078125000000e+03 5.695156149864200270e+05
4.199092773437500000e+03 1.031469993114470039e+06
4.256130371093750000e+03 6.135523622035980225e+05
3.838701416015619998e+03 7.434825439453120343e+05
2.589192138671869998e+03 4.309827004671099712e+05
2.397386230468750000e+03 5.178045549392700195e+05
4.067478515625000000e+03 7.492802191972730216e+05
4.151661132812500000e+03 9.729613834619519766e+05
2.406537597656250000e+03 5.190954856872559758e+05
3.643654296875000000e+03 7.887583824396129930e+05
3.172962646484369998e+03 9.083254823684690055e+05
3.048202880859369998e+03 6.372261875867840135e+05
3.725038574218750000e+03 6.274849357604980469e+05
5.196493164062500000e+03 7.465784142017359845e+05
3.621075683593750000e+03 5.828657102584840031e+05
4.330183593750000000e+03 8.007299498319630511e+05
4.617790527343750000e+03 7.953052020072940504e+05
3.840901367187500000e+03 9.974288218021390494e+05
4.079106445312500000e+03 6.271469131708149798e+05
3.645248535156250000e+03 9.696696684360499494e+05
4.008698486328130002e+03 1.020115747928619967e+06
4.399336425781250000e+03 6.152739686965940055e+05
2.075290283203119998e+03 4.810892953872680082e+05
4.008368896484369998e+03 1.003106797218319960e+06
2.297840332031250000e+03 4.875679195523260278e+05
4.296087890625000000e+03 1.146454812765120063e+06
1.521255249023440001e+03 4.564309160113339894e+05
2.195614013671880002e+03 3.961155393719670246e+05
2.300954345703130002e+03 4.435074760317800101e+05
4.216721191406250000e+03 7.171977392435070360e+05
3.822440673828119998e+03 1.050549111366270110e+06
2.074584960937500000e+03 7.477998398542399518e+05
3.173467529296869998e+03 7.117700674533840502e+05
4.112568847656250000e+03 6.212979466915129451e+05
3.451804199218750000e+03 9.973541997671129648e+05
3.965535888671869998e+03 6.786511026620860212e+05
3.801145263671869998e+03 7.406935073137279833e+05
4.163543945312500000e+03 1.015923634290699963e+06
5.051033203125000000e+03 5.930347138643269427e+05
4.315526855468750000e+03 6.838610608577729436e+05
4.326501953125000000e+03 7.295125070810320321e+05
4.425769042968750000e+03 6.915385413169859676e+05
3.799776367187500000e+03 5.090392070412639878e+05
2.154339111328130002e+03 4.367838783860210096e+05
3.422565429687500000e+03 6.265640693902970525e+05
1.587360595703119998e+03 3.703853743672369746e+05
4.076122314453130002e+03 8.129744815826419508e+05
3.547418945312500000e+03 7.844449851512910100e+05
4.235002441406250000e+03 1.064615821838380070e+06
3.969482910156250000e+03 1.066866909742360003e+06
3.651354736328130002e+03 9.301324167251590407e+05
4.060886230468750000e+03 8.299023531675339909e+05
4.602921875000000000e+03 6.682130942344670184e+05
3.376186035156250000e+03 5.631816357374190120e+05
3.394447021484380002e+03 1.217847084283829900e+06
2.203897949218750000e+03 5.626871809959410457e+05
4.425329101562500000e+03 7.765087946653369581e+05
3.601572509765619998e+03 8.267589075565340463e+05
4.310611816406250000e+03 7.294104119539259700e+05
3.837720214843750000e+03 9.340851916074750479e+05
3.084410156250000000e+03 5.995393795967099722e+05
2.294394287109369998e+03 4.466849736571310204e+05
2.584731201171869998e+03 6.309246765375139657e+05
3.651777343750000000e+03 9.210430873632429866e+05
3.106945800781250000e+03 7.093562121391299879e+05
3.420494384765619998e+03 6.613264245986939641e+05
2.816752197265619998e+03 4.811928829550740193e+05
2.677865478515619998e+03 4.643346382975580054e+05
2.816267578125000000e+03 6.628220938444139902e+05
4.082047851562500000e+03 8.031770043373110238e+05
3.700822998046869998e+03 6.915313532352449838e+05
4.329877441406250000e+03 7.996829874515529955e+05
3.457372070312500000e+03 5.706325697898860089e+05
2.218276855468750000e+03 5.797882366180419922e+05
2.331727294921869998e+03 5.867494673728940543e+05
2.664202880859380002e+03 4.499476013183590258e+05
4.205286621093750000e+03 9.005431655645370483e+05
4.392559570312500000e+03 8.205706392526630079e+05
3.623243408203119998e+03 8.858872151374820387e+05
2.201631835937500000e+03 5.765313655138020404e+05
4.431829101562500000e+03 6.482718325853350107e+05
3.629791015625000000e+03 1.085273515939709963e+06
3.421054931640619998e+03 6.081168322563170223e+05
2.720140625000000000e+03 4.556443083882330102e+05
2.620963378906250000e+03 4.520362873077390250e+05
2.676430664062500000e+03 4.931731004118919955e+05
3.706197265625000000e+03 1.139648308515550103e+06
3.653406738281250000e+03 1.065539429426189978e+06
4.009587402343750000e+03 1.013731634855270036e+06
3.537947753906250000e+03 5.824263844490050105e+05
4.639001953125000000e+03 6.861114786863330519e+05
3.377137939453119998e+03 8.011918754577640211e+05
2.186349609375000000e+03 5.665422466993329581e+05
4.921502929687500000e+03 7.727569205760960467e+05
3.643257812500000000e+03 9.335732539892200148e+05
2.564402832031250000e+03 5.121037969589229906e+05
4.566943359375000000e+03 5.510885410308840219e+05
2.551555175781250000e+03 6.575907541513439501e+05
3.507580810546869998e+03 9.275154676437380258e+05
3.891127929687500000e+03 8.460481249094010564e+05
3.390016113281250000e+03 6.214606531858439557e+05
3.839747314453119998e+03 8.624055186510089552e+05
1.722008544921880002e+03 3.995695649385449942e+05
2.868048828125000000e+03 5.537959502935409546e+05
4.384525390625000000e+03 9.071576018333430402e+05
1.724147949218750000e+03 4.305066118836399983e+05
3.133380615234369998e+03 5.757041269540790236e+05
1.714410278320309999e+03 3.842661084532740060e+05
4.064468261718750000e+03 8.491119533777240431e+05
2.823019775390619998e+03 5.343203301429749699e+05
2.972058105468750000e+03 4.313309264779089717e+05
2.528880615234369998e+03 4.155254312157629756e+05
2.539173339843750000e+03 4.763958435058590258e+05
4.298151367187500000e+03 7.215985509157179622e+05
4.550052246093750000e+03 1.000777127742770012e+06
4.231355468750000000e+03 6.443494547605509870e+05
2.998975830078130002e+03 4.706248494386670063e+05
2.806468994140630002e+03 5.078325230479239835e+05
2.287802246093750000e+03 4.028759302496910095e+05
3.648888427734369998e+03 9.578039729595190147e+05
2.587064208984369998e+03 4.144652805328369723e+05
4.224446777343750000e+03 1.158758128404620104e+06
4.328045410156250000e+03 5.709573736190800555e+05
3.515563964843750000e+03 6.109070262908940203e+05
3.700839599609369998e+03 5.057097545862200204e+05
3.838206542968750000e+03 8.636553920507429866e+05
2.291181640625000000e+03 6.183133089542390080e+05
3.628196289062500000e+03 7.971739205121990526e+05
3.859525146484369998e+03 7.802170529365539551e+05
4.072569824218750000e+03 8.057535661458970280e+05
3.795967773437500000e+03 8.564969154596329900e+05
4.058764160156250000e+03 8.237857829332350520e+05
4.068053955078130002e+03 8.189866418838499812e+05
3.174216552734369998e+03 5.429331140518189641e+05
3.815747070312500000e+03 1.014919313073160010e+06
3.648192871093750000e+03 6.020930979251860408e+05
4.607462890625000000e+03 7.101777245998380240e+05
3.571993652343750000e+03 7.379324920177459717e+05
4.420897460937500000e+03 9.452958579063420184e+05
2.589074462890619998e+03 4.393993350267410278e+05
3.684520751953130002e+03 1.199922323226930108e+06
1.523030273437500000e+03 4.328739883303639945e+05
4.288352539062500000e+03 9.506093122959140455e+05
4.316747558593750000e+03 7.766524953842159593e+05
2.407743652343750000e+03 5.621868174076080322e+05
4.541011230468750000e+03 6.571515501737589948e+05
2.041200561523440001e+03 6.165225628614430316e+05
3.804968505859369998e+03 7.897830495834349422e+05
3.695211181640619998e+03 8.732954015731810359e+05
3.779372558593750000e+03 1.038076936721800012e+06
2.409880859375000000e+03 4.691144689917559735e+05
3.772360839843750000e+03 7.077647830247880192e+05
4.180657226562500000e+03 6.087061940431599505e+05
2.828339599609380002e+03 4.856106597185140126e+05
2.970307861328119998e+03 4.448150977492330130e+05
4.422197753906250000e+03 6.748634709119800245e+05
3.862745117187500000e+03 1.054470636367799947e+06
4.324002929687500000e+03 8.568173333406449528e+05
2.076254638671869998e+03 4.907072533369060257e+05
4.405000976562500000e+03 9.955029641389850294e+05
3.667022460937500000e+03 5.359972243309019832e+05
4.617394042968750000e+03 7.687278180122380145e+05
3.165705322265619998e+03 5.333856967687610304e+05
3.179204833984369998e+03 5.785274592638020404e+05
4.162900878906250000e+03 9.501732150316239567e+05
3.862091064453119998e+03 9.080220600366590079e+05
2.325576660156250000e+03 4.629160886406900245e+05
3.264871337890619998e+03 6.278432433605189435e+05
3.565022949218750000e+03 1.181802752971650101e+06
4.321993652343750000e+03 8.654442497491840040e+05
4.385999511718750000e+03 8.216096825599670410e+05
3.856308593750000000e+03 1.020976185679440037e+06
4.129354492187500000e+03 8.560825651884080144e+05
3.671685546875000000e+03 1.103117380619050004e+06
3.838680908203119998e+03 8.639293310642240103e+05
1.538689819335940001e+03 4.530764880180360051e+05
3.840628662109369998e+03 9.207508735656739445e+05
3.890912841796869998e+03 9.066007082462309627e+05
2.952235351562500000e+03 5.679441663026809692e+05
2.402893066406250000e+03 5.171401447057719924e+05
3.604368652343750000e+03 7.155725626945500262e+05
3.455282714843750000e+03 8.295189481973650400e+05
4.595373046875000000e+03 7.552409055233000545e+05
2.195610839843750000e+03 6.516803234815599862e+05
3.696440429687500000e+03 5.353811813592909602e+05
3.485738037109380002e+03 5.361632812023160513e+05
3.648646240234369998e+03 8.269184464216229971e+05
3.811845214843750000e+03 7.508190778493880061e+05
3.583495605468750000e+03 8.229049383401869563e+05
3.632693603515630002e+03 9.094802659749980085e+05
4.133053710937500000e+03 7.075494451522829477e+05
3.829257568359369998e+03 8.134222137928010197e+05
3.939397216796880002e+03 6.424570399522780208e+05
4.326101074218750000e+03 8.040303149223329965e+05
4.477021484375000000e+03 6.642673856019970262e+05
3.557573974609369998e+03 7.191406533718110295e+05
3.411009277343750000e+03 7.982945302724839421e+05
4.387466796875000000e+03 1.006592224955560057e+06
2.116312988281250000e+03 5.803277082443239633e+05
4.164195800781250000e+03 9.387224789857859723e+05
2.303948730468750000e+03 4.160415111184120178e+05
3.696294677734369998e+03 5.390577024221420288e+05
3.296110351562500000e+03 9.586334044933320256e+05
4.413981445312500000e+03 8.622144862413409865e+05
3.774994628906250000e+03 7.498295592069630511e+05
4.095767822265630002e+03 5.393753181695940439e+05
3.209378662109369998e+03 5.518644883632659912e+05
2.282112548828119998e+03 5.783169946670529898e+05
3.962425781250000000e+03 9.671314836740490282e+05
4.245622070312500000e+03 6.002709192037580069e+05
3.607962646484369998e+03 4.546564040184019832e+05
3.366565429687500000e+03 5.777761828899380052e+05
3.649200439453119998e+03 8.665029079914089525e+05
2.585399414062500000e+03 5.917673575878139818e+05
4.169046875000000000e+03 9.025317666530610295e+05
3.891276123046869998e+03 7.565339074134830153e+05
2.598331054687500000e+03 4.743747133016589796e+05
3.630556396484369998e+03 5.599498010873800376e+05
4.073294921875000000e+03 8.651973574161529541e+05
4.686661132812500000e+03 6.582761803865430411e+05
4.009331054687500000e+03 5.346146150827410165e+05
3.656672119140619998e+03 1.102925373554229969e+06
4.317314941406250000e+03 7.333271855115890503e+05
4.632665039062500000e+03 6.852607874870300293e+05
4.406611816406250000e+03 7.078283183574680006e+05
4.143741210937500000e+03 7.094138995409009513e+05
2.647302490234380002e+03 4.805562808513640193e+05
2.669316406250000000e+03 4.321052899956700276e+05
4.198166992187500000e+03 9.165761818885799730e+05
3.829093017578119998e+03 8.014691039323810255e+05
3.367900878906250000e+03 5.961220558881759644e+05
3.456538818359369998e+03 4.754356254339219886e+05
2.685190429687500000e+03 4.876113526225090027e+05
3.087182861328130002e+03 6.873584890365599422e+05
4.406205078125000000e+03 8.165491511821750319e+05
2.301397460937500000e+03 4.532090106606479967e+05
3.598377441406250000e+03 6.151600558757779654e+05
3.691672363281250000e+03 4.812104876637459965e+05
2.067353515625000000e+03 4.872740305662159808e+05
4.690760742187500000e+03 8.469147760868070181e+05
2.402989746093750000e+03 5.097612133026120136e+05
3.554072753906250000e+03 4.811534398794170120e+05
3.652006103515619998e+03 9.682838306426999625e+05
3.747994140625000000e+03 5.826547583341599675e+05
4.464527832031250000e+03 6.282531467676160391e+05
3.184199462890619998e+03 5.600881412029269850e+05
4.598447265625000000e+03 7.043756024837490404e+05
3.578388427734369998e+03 7.783175718784329947e+05
3.100177001953130002e+03 6.123917306661610492e+05
4.425602539062500000e+03 9.461330866813659668e+05
2.963810546875000000e+03 1.331125039100649999e+06
2.535370849609380002e+03 5.384118715524669969e+05
4.632037597656250000e+03 9.189055467844010564e+05
4.189216796875000000e+03 6.324229042530059814e+05
4.065817382812500000e+03 7.772269936799999559e+05
2.219275146484369998e+03 6.615067358016970102e+05
2.605074218750000000e+03 4.065195567011830281e+05
2.304618408203130002e+03 5.035215014815329923e+05
4.595537597656250000e+03 6.613665682077410165e+05
2.286942871093750000e+03 4.666420125365260174e+05
2.817204101562500000e+03 5.088403773903850233e+05
3.411131347656250000e+03 8.472486563920970075e+05
3.307508544921869998e+03 5.781967465877529467e+05
3.720348632812500000e+03 1.130030776977539994e+06
3.726500244140630002e+03 5.521972721815110417e+05
3.986427734375000000e+03 1.006912094593049958e+06
4.168454101562500000e+03 8.974098320007319562e+05
4.748941406250000000e+03 9.281494199037549552e+05
3.784989501953119998e+03 6.230832712650300236e+05
3.024232177734369998e+03 6.700836402177809505e+05
4.671615722656250000e+03 7.242432167530059814e+05
4.162741699218750000e+03 9.432109487056729849e+05
2.838805419921869998e+03 5.722269837856290396e+05
3.265987304687500000e+03 5.740373448133469792e+05
4.413249511718750000e+03 9.294900580644609872e+05
4.065972656250000000e+03 7.318851222991939867e+05
3.350433593750000000e+03 5.949588049650189932e+05
4.159057617187500000e+03 9.873033121824259870e+05
4.189780273437500000e+03 6.325380353927609976e+05
1.719901489257809999e+03 3.865422937273979769e+05
4.084177246093750000e+03 8.095156131982799852e+05
3.664734863281250000e+03 5.436892027854919434e+05
2.403329101562500000e+03 4.534331204295160132e+05
2.285040283203119998e+03 5.896237254142760066e+05
4.710270507812500000e+03 7.215325789451600285e+05
3.480028564453119998e+03 1.202766488790509989e+06
3.847674316406250000e+03 8.663578671216960065e+05
3.959813720703130002e+03 9.947324383258819580e+05
4.610996093750000000e+03 8.453404643535610521e+05
2.091175292968750000e+03 4.523184195160869858e+05
3.999928222656250000e+03 6.245543913841249887e+05
4.406437500000000000e+03 6.471071805953979492e+05
2.583491699218750000e+03 5.898200575113300001e+05
4.212264648437500000e+03 1.008819555640219944e+06
3.839761718750000000e+03 8.206665209531789878e+05
3.842259277343750000e+03 1.097701831102370052e+06
2.615537841796869998e+03 4.270354689359660260e+05
2.546360107421869998e+03 5.672257845401760424e+05
4.749017578125000000e+03 1.042941562414170010e+06
4.536802734375000000e+03 6.742560170888899593e+05
3.625337158203119998e+03 7.389458287954330444e+05
3.607559082031250000e+03 4.319592135548589868e+05
4.058947998046880002e+03 8.585329700708390446e+05
4.269011718750000000e+03 7.488733006715769880e+05
4.616323242187500000e+03 5.694257030487060547e+05
4.865955566406250000e+03 8.041776096820830135e+05
3.974537109375000000e+03 7.530752217769620474e+05
3.361495117187500000e+03 5.913930290937420214e+05
4.118291503906250000e+03 1.000724069952960010e+06
3.649221923828119998e+03 7.637059073448179988e+05
4.071605957031250000e+03 6.583612799644470215e+05
2.669455322265619998e+03 4.951696510314940242e+05
3.449797363281250000e+03 9.409295246601100080e+05
3.789275634765619998e+03 1.110062407732009888e+06
2.708052734375000000e+03 5.163334348201749963e+05
3.846058105468750000e+03 8.804359688758850098e+05
1.853797119140630002e+03 6.848714127540589543e+05
3.313183593750000000e+03 5.286241408586499747e+05
2.226528320312500000e+03 6.203701359033590415e+05
4.010907226562500000e+03 6.556603887081149733e+05
4.331103027343750000e+03 7.837861182689670241e+05
1.706849121093750000e+03 4.285255034565930255e+05
3.842821777343750000e+03 9.039844901561740553e+05
2.019043334960940001e+03 5.974860857725139940e+05
3.968186523437500000e+03 1.021336259841919993e+06
2.873633056640619998e+03 6.315287799835209735e+05
3.630723144531250000e+03 1.142693618535999907e+06
2.132183349609380002e+03 5.303847335577009944e+05
4.063574951171869998e+03 8.505439654588700505e+05
2.320767822265619998e+03 4.770523955821989803e+05
2.081358398437500000e+03 4.912519941926000174e+05
2.221285156250000000e+03 5.853365219831470167e+05
3.802153564453119998e+03 7.320001925230029738e+05
3.308178466796880002e+03 6.480435196161270142e+05
3.850937988281250000e+03 9.013768002986910287e+05
2.444059326171869998e+03 4.609338228106499882e+05
3.970291259765619998e+03 9.601449728012089618e+05
4.407998535156250000e+03 5.982578908205030020e+05
3.920483642578119998e+03 8.566275801658630371e+05
3.384525390625000000e+03 8.267913757562639657e+05
4.071364257812500000e+03 8.364805444478989812e+05
3.779345947265619998e+03 5.310285542011259822e+05
3.484727050781250000e+03 7.811817787885670550e+05
4.467637695312500000e+03 5.919806243181229802e+05
3.056264404296880002e+03 5.693559542894359911e+05
4.447541015625000000e+03 6.865567742586140521e+05
3.749337158203119998e+03 7.104875431060789851e+05
4.325501464843750000e+03 8.536142510175700299e+05
4.877887695312500000e+03 7.666513761281969491e+05
1.993079101562500000e+03 3.750393527150150039e+05
3.974297607421869998e+03 7.501748917102810228e+05
2.333409423828119998e+03 4.441972577571870061e+05
4.013643798828119998e+03 5.581392573118209839e+05
3.617835449218750000e+03 1.129226564645770006e+06
2.211903564453119998e+03 6.956445807218550472e+05
2.082934814453119998e+03 5.001540070176129811e+05
2.426167236328119998e+03 5.264800213575359667e+05
3.839642089843750000e+03 7.061652520894999616e+05
4.091090820312500000e+03 8.318245558738709660e+05
2.649398681640619998e+03 4.944597975015640259e+05
3.054154785156250000e+03 6.210708520412449725e+05
2.302396972656250000e+03 4.469823957681659958e+05
2.196112792968750000e+03 4.527615830302240211e+05
4.673089843750000000e+03 8.017148388624190120e+05
3.512917724609369998e+03 7.307522684335709782e+05
3.172965576171880002e+03 5.399950770139689557e+05
4.608689453125000000e+03 7.808044654130940326e+05
3.634872314453119998e+03 8.352327421903610229e+05
4.620449707031250000e+03 7.205434257984160213e+05
2.060145507812500000e+03 5.360149508714680560e+05
4.426969238281250000e+03 8.725448561906809919e+05
1.592608032226559999e+03 3.990340528488159762e+05
3.679155029296869998e+03 6.468864212036130484e+05
3.523638671875000000e+03 7.540612072944639949e+05
2.321294433593750000e+03 4.291161444783210172e+05
4.342885253906250000e+03 7.746804025173189584e+05
3.490021728515630002e+03 4.681117620468140231e+05
3.336545166015619998e+03 9.278372256755830022e+05
3.620566162109369998e+03 1.128782121896740049e+06
3.966971679687500000e+03 9.452061287164690439e+05
3.501760742187500000e+03 1.038765652418139973e+06
2.438354003906250000e+03 5.404128385782239493e+05
4.526493164062500000e+03 5.673806328773499699e+05
2.196617675781250000e+03 4.331386985778809758e+05
2.389551513671869998e+03 5.784147038459780160e+05
3.406488525390630002e+03 5.083391000628470210e+05
2.419693847656250000e+03 5.507867025136949960e+05
3.655814208984369998e+03 1.032675397872920032e+06
3.770404296875000000e+03 5.095956437587739783e+05
2.194331787109369998e+03 5.732412343025209848e+05
4.382045410156250000e+03 8.679237115383150522e+05
4.162424804687500000e+03 7.195815020799640333e+05
3.966242919921869998e+03 1.018973878502849955e+06
3.704525390625000000e+03 6.029905116558070295e+05
3.746921142578119998e+03 8.572075608968740562e+05
4.896991210937500000e+03 5.593711605072020320e+05
3.663011962890619998e+03 1.072492741107939975e+06
3.652087890625000000e+03 1.115173133850099985e+06
2.492489257812500000e+03 5.270179700851440430e+05
3.271891601562500000e+03 5.763806594610209577e+05
3.778275146484380002e+03 1.052470278501509922e+06
4.312369140625000000e+03 7.932637258768080501e+05
3.663983154296869998e+03 8.937804598808289738e+05
4.133762207031250000e+03 7.536772540807720507e+05
3.636338867187500000e+03 9.715464278459550114e+05
4.024113769531250000e+03 5.908314449787139893e+05
3.781556396484369998e+03 1.072570591688160086e+06
5.060435058593750000e+03 7.120658752918239916e+05
2.585069091796869998e+03 4.514568243622779846e+05
3.621942871093750000e+03 8.800358120203020517e+05
4.008115478515630002e+03 9.999550061225889949e+05
2.811620605468750000e+03 6.226399859189989511e+05
2.696968017578130002e+03 4.407308053374289884e+05
4.769161132812500000e+03 8.903482117652889574e+05
4.293068847656250000e+03 8.301115994453430176e+05
4.500830078125000000e+03 6.043033721446989803e+05
2.409482666015619998e+03 4.967413738369939965e+05
3.923779052734380002e+03 7.140333994627000066e+05
2.390248291015619998e+03 4.992879649996759836e+05
4.388640136718750000e+03 8.831652469635009766e+05
3.678194091796869998e+03 5.976127909421919612e+05
3.843894042968750000e+03 8.067372368574140128e+05
4.319248535156250000e+03 8.787716842889790423e+05
2.862541748046869998e+03 5.936679351329799974e+05
3.837185302734369998e+03 5.221995186805729754e+05
2.195793701171869998e+03 5.392564102411270142e+05
2.278876464843750000e+03 5.561485850811010459e+05
3.837519775390619998e+03 1.070137974262240110e+06
3.840609619140630002e+03 9.131348572969440138e+05
2.741570800781250000e+03 4.358650222420690116e+05
3.602526123046869998e+03 5.286333391666410025e+05
4.140942871093750000e+03 5.085010146498680115e+05
3.679460205078119998e+03 6.381845172643660335e+05
4.998594726562500000e+03 6.646910560131069506e+05
3.011609863281250000e+03 5.882314914464950562e+05
2.679028808593750000e+03 4.792052869796750019e+05
4.327414550781250000e+03 7.900125808715820312e+05
3.169213134765619998e+03 5.767780141830439679e+05
2.195610839843750000e+03 4.499505557417870150e+05
4.061287597656250000e+03 7.535027298927309457e+05
3.670680908203119998e+03 9.685130573511120165e+05
3.644460205078130002e+03 7.509806878566739615e+05
4.141263671875000000e+03 6.174398961067199707e+05
3.121859863281250000e+03 1.289648345470430097e+06
2.269912353515619998e+03 4.298287392258640029e+05
3.745398925781250000e+03 8.347320131063460140e+05
3.634026611328119998e+03 1.139388319253920112e+06
4.215073730468750000e+03 1.006829187989230035e+06
3.397572509765619998e+03 1.171293411970139947e+06
2.331638671875000000e+03 4.593543027639390202e+05
2.115137695312500000e+03 5.276097685098650400e+05
2.835262939453119998e+03 6.536270143985749455e+05
4.313870605468750000e+03 7.944946544170379639e+05
2.534518554687500000e+03 5.730146878957749577e+05
3.819945312500000000e+03 7.787980768680570181e+05
3.692075439453119998e+03 6.622795764207839966e+05
4.162896972656250000e+03 1.019916674613949959e+06
3.286982910156250000e+03 9.405254082679749699e+05
2.426644287109369998e+03 5.354152942895890446e+05
2.282930175781250000e+03 4.357823897600169876e+05
2.013930419921869998e+03 4.618131140470500104e+05
2.336851806640630002e+03 4.820911799669269822e+05
2.310413085937500000e+03 5.159736652374269906e+05
3.412555175781250000e+03 9.707505000829700148e+05
4.576505859375000000e+03 7.022060201168060303e+05
4.306977050781250000e+03 9.518146561384199886e+05
3.920782714843750000e+03 9.475131374597549438e+05
4.061820312500000000e+03 7.268077172040940495e+05
2.873713623046869998e+03 4.573282688260080176e+05
4.186289062500000000e+03 7.549337064027789747e+05
3.548754882812500000e+03 6.408102382421490038e+05
4.335510253906250000e+03 6.704330540895459708e+05
3.857209960937500000e+03 7.054335297346119769e+05
3.183197509765619998e+03 5.885303450822830200e+05
4.314686035156250000e+03 8.468441135883330135e+05
4.383816406250000000e+03 9.921028187274930533e+05
4.435327636718750000e+03 5.860985195636750432e+05
3.415094482421880002e+03 9.406111170053479727e+05
4.332397460937500000e+03 7.034505329132080078e+05
1.976015136718750000e+03 5.581781826019289438e+05
1.817120727539059999e+03 3.503443628549579880e+05
3.845218750000000000e+03 7.815405128002170241e+05
3.966767333984380002e+03 9.128584207296370296e+05
3.349117675781250000e+03 5.986938662528990535e+05
4.447415527343750000e+03 6.625796483755110530e+05
3.848264404296869998e+03 8.329033772945400560e+05
3.629087158203119998e+03 6.764296808242800180e+05
3.327760009765619998e+03 1.227281258821489988e+06
3.983831542968750000e+03 6.287795823812490562e+05
3.512910156250000000e+03 5.879904470443730243e+05
4.060419677734380002e+03 7.274833968877790030e+05
3.773459472656250000e+03 1.152499014854429988e+06
3.431790771484369998e+03 6.818748964071270311e+05
3.836721191406250000e+03 8.232782312631610548e+05
4.605795898437500000e+03 7.213753548860549927e+05
2.753936523437500000e+03 4.339439769387249835e+05
3.677676269531250000e+03 7.518389935493470402e+05
3.672211181640619998e+03 8.827850705385210458e+05
3.845088378906250000e+03 6.914842042922970140e+05
4.078496093750000000e+03 8.252182214260100154e+05
3.964956298828119998e+03 9.223695321083070012e+05
3.410478759765619998e+03 6.720274071693420410e+05
4.215293945312500000e+03 1.125147998332980089e+06
3.852509521484380002e+03 9.529810746908190195e+05
2.581028564453119998e+03 5.061721370816230192e+05
4.435009277343750000e+03 5.739602252244950505e+05
3.380732910156250000e+03 6.520028734207149828e+05
2.319188720703130002e+03 4.667113653421400231e+05
3.840220947265619998e+03 8.929892226457600482e+05
4.041211669921880002e+03 6.721771385669710580e+05
3.789734863281250000e+03 1.114945186376570025e+06
3.842325683593750000e+03 8.919623625278470572e+05
1.717031616210940001e+03 4.512675585150719853e+05
3.352855468750000000e+03 5.747371472120289691e+05
3.648577880859380002e+03 5.497341967821120052e+05
3.836336914062500000e+03 8.526696883440020029e+05
3.846278564453119998e+03 8.571935502290730365e+05
3.955709716796869998e+03 1.033395424365999992e+06
3.963910888671869998e+03 1.078588599920270033e+06
3.415856689453119998e+03 5.429839788675310556e+05
3.903496582031250000e+03 5.260812655687329825e+05
2.397254150390619998e+03 5.432214292287830031e+05
3.351604492187500000e+03 6.372157709598540096e+05
4.073941162109380002e+03 9.086537584066389827e+05
1.559582153320309999e+03 3.672654727697370108e+05
4.935562011718750000e+03 6.487555661201480543e+05
4.674698242187500000e+03 1.053130241870879894e+06
4.627035156250000000e+03 9.230712229013439501e+05
2.193336914062500000e+03 5.939937745332720224e+05
3.596304199218750000e+03 7.222392648458479671e+05
1.818827270507809999e+03 3.593706137537959730e+05
3.408588623046869998e+03 6.262100259065630380e+05
2.847781005859369998e+03 5.810375617742539616e+05
4.439976074218750000e+03 6.185809736251829891e+05
4.059478515625000000e+03 7.537677142620090162e+05
4.404015136718750000e+03 8.469187965393069899e+05
3.506603515625000000e+03 8.593630107641220093e+05
3.348863037109369998e+03 6.970641050338749774e+05
3.633588134765619998e+03 9.425704175233839778e+05
3.963473388671880002e+03 1.013565760731699993e+06
2.337848632812500000e+03 4.442160807847980177e+05
4.372007324218750000e+03 8.942842956781389657e+05
3.294501708984369998e+03 5.833062543869019719e+05
3.839549072265619998e+03 8.028083410263060359e+05
3.918434326171869998e+03 7.560870889425280038e+05
4.243498046875000000e+03 7.535224057435990544e+05
2.433581054687500000e+03 5.468604869842530461e+05
3.853180419921880002e+03 9.074504857063289965e+05
3.684904296875000000e+03 5.168079700469970121e+05
4.493593750000000000e+03 9.752289795875550481e+05
2.404905273437500000e+03 4.744366343617439852e+05
3.677787597656250000e+03 7.125408978462220402e+05
2.313288574218750000e+03 4.434956278800960281e+05
3.174210205078130002e+03 5.805166085958479671e+05
3.837728759765619998e+03 1.123981214284900110e+06
3.839309570312500000e+03 7.009526135921479436e+05
2.305497558593750000e+03 4.338404807448390056e+05
3.411477783203119998e+03 7.777696938514709473e+05
4.437182128906250000e+03 8.755267527103420580e+05
3.530016845703130002e+03 1.063356567382809939e+06
1.829747314453130002e+03 6.568975915908809984e+05
3.724979736328119998e+03 7.328468632698060246e+05
3.427157714843750000e+03 7.478531413078310434e+05
2.840901367187500000e+03 5.162328016757969745e+05
4.426802246093750000e+03 9.460828919410710223e+05
3.350954101562500000e+03 5.250564156770709669e+05
4.596000976562500000e+03 7.252030693292620126e+05
3.841234619140630002e+03 6.321759510040279711e+05
4.110858398437500000e+03 6.187041456699370174e+05
4.150210449218750000e+03 1.019156870007509948e+06
2.790354248046869998e+03 4.877946791648860089e+05
3.601113037109369998e+03 7.118273284435269888e+05
3.096708496093750000e+03 1.285370340347290039e+06
4.658504394531250000e+03 5.774179362058639526e+05
2.919034667968750000e+03 6.050664052963260328e+05
3.785906738281250000e+03 7.746276493072509766e+05
2.670802001953119998e+03 4.452967905998229980e+05
3.779294189453119998e+03 5.682971132993700448e+05
3.869632080078130002e+03 8.598009355068210280e+05
3.364509521484380002e+03 5.989723130464550341e+05
2.594822265625000000e+03 4.130633609294890193e+05
3.779157470703119998e+03 7.216472227573390119e+05
2.570975341796869998e+03 4.676514811515809852e+05
3.995363281250000000e+03 7.573061997890470084e+05
4.437032226562500000e+03 8.764992758035659790e+05
3.196120117187500000e+03 6.433537226915359497e+05
1.975010253906250000e+03 4.174052668809890165e+05
3.957916748046880002e+03 5.941159719228750328e+05
3.960775390625000000e+03 8.716004762649539625e+05
3.621880371093750000e+03 1.153594649076459929e+06
3.340865966796869998e+03 7.744905884265899658e+05
3.587427490234369998e+03 6.566370540857319720e+05
3.861875488281250000e+03 1.100622750759120099e+06
4.314192382812500000e+03 8.451569855213169940e+05
3.590321533203119998e+03 7.712287831306459848e+05
3.856984130859369998e+03 1.060092690944670001e+06
1.715209472656250000e+03 6.770680799484249437e+05
3.578846923828119998e+03 8.169882333278659498e+05
3.784681152343750000e+03 1.108688753128049895e+06
4.023608886718750000e+03 5.431490610837939894e+05
4.071598388671880002e+03 9.272767380476000253e+05
2.144871337890619998e+03 4.379209354519839981e+05
4.737600097656250000e+03 9.444628323316569440e+05
3.260748535156250000e+03 7.290533226728440495e+05
2.301691162109380002e+03 4.133420209288600017e+05
2.073359375000000000e+03 4.515233750343319844e+05
3.637661865234369998e+03 9.523229997158050537e+05
2.822244384765630002e+03 6.346123452186579816e+05
4.033678222656250000e+03 1.055854524850849994e+06
3.508947509765619998e+03 6.526567451953890268e+05
3.903393310546880002e+03 4.802720470428470289e+05
4.342826660156250000e+03 8.116621693372729933e+05
4.069700439453119998e+03 8.734548186063769972e+05
4.600785156250000000e+03 7.029050306081769522e+05
3.172959472656250000e+03 9.421235990524289664e+05
2.303843505859369998e+03 4.378989447951319744e+05
4.248582519531250000e+03 6.929454560279849684e+05
4.086812988281250000e+03 7.934726675748829730e+05
3.785096191406250000e+03 9.897141216993329581e+05
3.982287109375000000e+03 1.084068476676939987e+06
4.326980468750000000e+03 7.402232362031940138e+05
4.317004394531250000e+03 7.163315753936769906e+05
4.286363281250000000e+03 6.504950209856029833e+05
2.668992919921869998e+03 4.326812198162080022e+05
3.963138916015619998e+03 1.063801741123199929e+06
4.071826171875000000e+03 8.376311857700350229e+05
3.836945556640630002e+03 8.381899677515029907e+05
3.373586425781250000e+03 1.177467730522159953e+06
3.820645507812500000e+03 8.600989972352980403e+05
4.215711914062500000e+03 1.012064548134800047e+06
4.627153320312500000e+03 8.839637941122059710e+05
4.419668457031250000e+03 9.343572422266009962e+05
4.328034179687500000e+03 9.617397522926330566e+05
2.069161376953119998e+03 4.882328171133999713e+05
2.404588623046869998e+03 5.196864922046660213e+05
3.858054443359380002e+03 9.399578543901439989e+05
3.336068847656250000e+03 6.315517452955249464e+05
4.568715332031250000e+03 6.773420189619059674e+05
3.462336914062500000e+03 1.187665669202799909e+06
3.496424072265619998e+03 1.115410584211349953e+06
3.779640869140619998e+03 1.128942696332929889e+06
4.373367187500000000e+03 5.551164252758029616e+05
4.549307617187500000e+03 8.708832519054410513e+05
4.376520507812500000e+03 9.271764094829560490e+05
4.048511962890630002e+03 8.162696688175200252e+05
3.292658203125000000e+03 5.742039499282840407e+05
2.081845947265619998e+03 4.309231246709820116e+05
3.300521972656250000e+03 5.366855136156079825e+05
4.061132812500000000e+03 7.908954966068270151e+05
2.898520019531250000e+03 4.889264060854910058e+05
4.233187988281250000e+03 6.781447083950040396e+05
4.461840332031250000e+03 9.101491230726239737e+05
4.613348632812500000e+03 6.936152268648149911e+05
3.697086425781250000e+03 9.427074784040449886e+05
3.874135742187500000e+03 6.868050676584240282e+05
3.782231445312500000e+03 1.076274403095250018e+06
4.312564941406250000e+03 7.751193628311159555e+05
4.476260253906250000e+03 5.616416196823120117e+05
3.575960693359369998e+03 8.601530296802519588e+05
2.798927734375000000e+03 5.078483307361599873e+05
3.179712890625000000e+03 5.947635693550109863e+05
4.566201660156250000e+03 8.174370620250699576e+05
2.813539062500000000e+03 5.596560034751889762e+05
3.551244628906250000e+03 1.027257655382159981e+06
2.414458984375000000e+03 5.164374792575840256e+05
4.379645019531250000e+03 8.844544111490249634e+05
4.198697265625000000e+03 1.051306662082670024e+06
4.731067382812500000e+03 8.057552717924120370e+05
2.263537353515630002e+03 4.041874810457230196e+05
2.226903320312500000e+03 5.532265080213550245e+05
3.616133056640630002e+03 1.040093863725660020e+06
2.021460693359369998e+03 5.746913384199140128e+05
3.400469726562500000e+03 8.447518944740300067e+05
4.355979003906250000e+03 8.185943431854250375e+05
2.165853271484369998e+03 5.109033263921739999e+05
4.321185058593750000e+03 8.188496419191360474e+05
2.073454345703130002e+03 6.334523228406909620e+05
3.972795654296869998e+03 9.792075828313829843e+05
3.265152099609369998e+03 6.696273797750469530e+05
2.690756835937500000e+03 4.428124555349349976e+05
2.857417236328119998e+03 4.442026792764660204e+05
3.704128906250000000e+03 6.462486921548839891e+05
2.312832519531250000e+03 4.839173182249069796e+05
3.840049560546880002e+03 7.053908276557920035e+05
3.612308349609369998e+03 1.081288882017140044e+06
3.530014404296869998e+03 9.851682082414630568e+05
4.067849853515630002e+03 9.235843788385390071e+05
4.064760253906250000e+03 7.810290625095369760e+05
4.655984375000000000e+03 9.162000259161000140e+05
2.535368652343750000e+03 4.659027366042140056e+05
4.119832031250000000e+03 6.671714924573899480e+05
2.666429687500000000e+03 4.810308769941329956e+05
1.711786499023440001e+03 4.050550764203069848e+05
2.089360107421869998e+03 4.545607355237010051e+05
4.626222167968750000e+03 8.264168645143510075e+05
4.500633789062500000e+03 9.061752103567119921e+05
2.195615966796869998e+03 4.520809996128079947e+05
3.637583740234369998e+03 1.107025382280349964e+06
4.717946289062500000e+03 6.644330769777300302e+05
2.412771728515619998e+03 4.753316723704339820e+05
3.790224609375000000e+03 1.020943961143490043e+06
3.667442626953119998e+03 5.389191186428070068e+05
3.973603027343750000e+03 1.057120601892469916e+06
4.312369140625000000e+03 7.930145796537400456e+05
2.788641357421869998e+03 4.722316598296170123e+05
3.784899169921869998e+03 1.124467201709750108e+06
3.214925048828130002e+03 8.940243064165120013e+05
4.063003173828130002e+03 9.773313107490539551e+05
4.700689941406250000e+03 6.177098755836490309e+05
4.325376953125000000e+03 6.866446759700779803e+05
1.974510742187500000e+03 4.376366102695469745e+05
3.592508544921880002e+03 9.254047909975049552e+05
3.839311767578119998e+03 7.147972245216369629e+05
3.583587646484369998e+03 5.458519625663759653e+05
2.205696777343750000e+03 5.242247302532200119e+05
3.667910156250000000e+03 5.422156460285190260e+05
3.785888671875000000e+03 7.751458003520970233e+05
3.352346435546869998e+03 5.819761546850210289e+05
2.580810546875000000e+03 4.350895622372630169e+05
2.355557617187500000e+03 4.866200674176220200e+05
2.305178710937500000e+03 5.000924209952349775e+05
3.379694091796880002e+03 9.083430870771410409e+05
3.625654541015630002e+03 5.715394864082339918e+05
2.535772460937500000e+03 4.611686842441560002e+05
2.672649658203130002e+03 4.271086289882659912e+05
3.341062500000000000e+03 1.062940267801279901e+06
4.407658203125000000e+03 6.738578704595570453e+05
3.755495605468750000e+03 1.050688608884810004e+06
4.826721191406250000e+03 7.858251577615740243e+05
2.402480468750000000e+03 4.790462354421620257e+05
4.147243652343750000e+03 8.355733232498170109e+05
3.953029541015619998e+03 7.422967541217800463e+05
3.025508544921869998e+03 7.155326627492900006e+05
3.234623779296869998e+03 5.957125179767609807e+05
4.467581054687500000e+03 8.121804422140120296e+05
3.648859375000000000e+03 8.022194665670390241e+05
2.261603759765619998e+03 4.575999844074249850e+05
3.173461669921869998e+03 5.794545999765399611e+05
3.803641601562500000e+03 6.730874055624010507e+05
3.797705322265619998e+03 1.178209077596660005e+06
4.383388183593750000e+03 8.247161521911619930e+05
4.798127441406250000e+03 8.791204890012739925e+05
4.319166992187500000e+03 8.773059247732160147e+05
3.454021484375000000e+03 5.071149636507030227e+05
3.650176757812500000e+03 7.945591034889220027e+05
3.868770019531250000e+03 6.843390073776249774e+05
3.505106201171880002e+03 8.121814777851110557e+05
3.621470458984369998e+03 1.071539650201800046e+06
4.375791015625000000e+03 9.400433194637299748e+05
2.303941650390619998e+03 4.514320924878119840e+05
2.307834228515619998e+03 4.472368721365929814e+05
4.393888183593750000e+03 8.601356077194210375e+05
3.495056152343750000e+03 6.135445649623869685e+05
1.711532592773440001e+03 3.858078606128689717e+05
3.581668945312500000e+03 9.175822696685789851e+05
4.278868164062500000e+03 9.971191860437389696e+05
4.339743164062500000e+03 7.017457392215729924e+05
4.168787597656250000e+03 8.579855184555050218e+05
3.643223632812500000e+03 8.336387546062469482e+05
3.932704589843750000e+03 8.365499886274340097e+05
4.452549804687500000e+03 8.153243142366410466e+05
3.374164062500000000e+03 5.532141420841220533e+05
4.635555664062500000e+03 8.822048461437229998e+05
3.601469482421880002e+03 5.917234371900559636e+05
2.205141357421869998e+03 5.612885508537290152e+05
2.397586669921869998e+03 5.494400336742399959e+05
3.633323486328130002e+03 7.275636231899260310e+05
3.846788818359380002e+03 8.811380251646039542e+05
2.552355957031250000e+03 4.385221758484839811e+05
3.649164062500000000e+03 7.994019212722779484e+05
4.360269531250000000e+03 6.107493149042129517e+05
3.824883056640619998e+03 5.503909925222400343e+05
4.396247558593750000e+03 6.100849655866619432e+05
3.032974121093750000e+03 5.644132343530650251e+05
4.147697265625000000e+03 7.391223632097239606e+05
2.539770996093750000e+03 4.990665659904479980e+05
2.091736572265630002e+03 5.168255747556689894e+05
4.316117675781250000e+03 7.788407180309300311e+05
4.331611816406250000e+03 7.418714998960499652e+05
2.602703613281250000e+03 4.364855120778079727e+05
2.071852539062500000e+03 6.360109753608700121e+05
4.206472656250000000e+03 9.560276030302050058e+05
3.428557861328119998e+03 5.676314238309860229e+05
3.746407226562500000e+03 1.049751356124880025e+06
3.820760742187500000e+03 1.108662924766540062e+06
3.841292724609369998e+03 8.171176187992099440e+05
3.564074951171869998e+03 5.462933595180510310e+05
2.194705078125000000e+03 5.680170217752460157e+05
3.903894287109380002e+03 5.477628958225250244e+05
3.614343505859380002e+03 5.975728300809860229e+05
2.310947753906250000e+03 4.981358921527860221e+05
4.431275390625000000e+03 9.001208962202069815e+05
3.695578613281250000e+03 5.534301500320440391e+05
4.610042480468750000e+03 6.935303100347520085e+05
4.542342285156250000e+03 8.109752202034000074e+05
4.018181152343750000e+03 6.151150999069210375e+05
2.324918701171869998e+03 4.013181571960449801e+05
3.960428955078119998e+03 9.879766770601270255e+05
3.463964355468750000e+03 8.666389942169189453e+05
3.777590332031250000e+03 1.024927498579030042e+06
3.303375244140619998e+03 5.847090268135069637e+05
2.311061767578119998e+03 4.750194172263150103e+05
3.296314208984369998e+03 1.234757716655730037e+06
1.975009277343750000e+03 5.654971727132799570e+05
3.345639404296869998e+03 1.005699928164480021e+06
3.428850830078119998e+03 8.657717947959899902e+05
3.752232421875000000e+03 9.079771040678019635e+05
4.407103515625000000e+03 6.779962562322620070e+05
4.509753417968750000e+03 7.562392569780349731e+05
4.836091796875000000e+03 6.469795007705689641e+05
4.126086425781250000e+03 9.982431461811070330e+05
3.943171386718750000e+03 6.969247293472290039e+05
2.303512695312500000e+03 5.100080447196959867e+05
3.739286621093750000e+03 6.401252384185789851e+05
3.452691162109369998e+03 9.946536740064619808e+05
3.611180419921869998e+03 1.139817167520520044e+06
4.601402343750000000e+03 7.156604644060139544e+05
4.382153320312500000e+03 9.259342114925390342e+05
2.302827636718750000e+03 4.361625661849980243e+05
3.281323730468750000e+03 5.869096763134000357e+05
3.450042968750000000e+03 9.520849401950839674e+05
4.427974609375000000e+03 8.531972813606259879e+05
3.903474609375000000e+03 9.618433094024660531e+05
3.632533935546869998e+03 6.598241155147550162e+05
2.186352050781250000e+03 5.450397093296049861e+05
2.703544921875000000e+03 5.458338096141819842e+05
4.396236816406250000e+03 7.564764636754989624e+05
3.088720214843750000e+03 5.650153884887699969e+05
4.077456542968750000e+03 8.264827146530150203e+05
3.102958740234369998e+03 5.889712547063829843e+05
3.466583251953119998e+03 1.171362003326419974e+06
4.620544433593750000e+03 8.772069363594050519e+05
3.028904785156250000e+03 5.433937604427339975e+05
1.827255126953130002e+03 3.919343601465229876e+05
3.924893554687500000e+03 9.395570883750920184e+05
3.768240234375000000e+03 1.052221863269810099e+06
4.393960449218750000e+03 7.727892060279849684e+05
2.343827880859369998e+03 5.983407365083689801e+05
4.314125976562500000e+03 7.779902704954149667e+05
2.279039062500000000e+03 6.273120563030239427e+05
3.875194580078130002e+03 8.186440505981439492e+05
2.807981445312500000e+03 4.912887874245640123e+05
3.955076660156250000e+03 7.894480118751530536e+05
3.955625244140619998e+03 1.005088453888889984e+06
4.079667968750000000e+03 8.048570052385330200e+05
4.000260253906250000e+03 9.897640727758409921e+05
3.920459472656250000e+03 6.680085994005199755e+05
3.843989013671869998e+03 7.729763398170470027e+05
3.638936767578119998e+03 5.014504506587979849e+05
4.380212890625000000e+03 9.543390738964079646e+05
2.541259765625000000e+03 5.071158773899080115e+05
3.431047851562500000e+03 4.479025006890299846e+05
3.179709716796869998e+03 4.403114904165270273e+05
4.317453613281250000e+03 6.494038336277010385e+05
3.343445800781250000e+03 5.860705591440199642e+05
4.373506347656250000e+03 4.530501723289489746e+05
2.300729980468750000e+03 4.399661579132080078e+05
3.820146728515619998e+03 8.052581367492680438e+05
3.835176025390619998e+03 7.478040430545810377e+05
3.868821533203119998e+03 1.103422082185749896e+06
3.840872558593750000e+03 8.929557797908779467e+05
4.107250000000000000e+03 8.444924534559249878e+05
2.846957519531250000e+03 5.874823471307760337e+05
4.586912109375000000e+03 7.872042338848110521e+05
3.708767822265619998e+03 5.672220077514649602e+05
3.848428955078130002e+03 5.928113350868229754e+05
3.852545410156250000e+03 8.791131790876389714e+05
3.278473144531250000e+03 6.924265130758290179e+05
3.645851806640619998e+03 8.557980877161029493e+05
3.876059814453130002e+03 8.755162751674649771e+05
3.550130615234369998e+03 1.025858659744260018e+06
3.781584960937500000e+03 7.010375304222110426e+05
3.803583496093750000e+03 7.508594651222230168e+05
4.209666015625000000e+03 9.249103362560269888e+05
4.461154296875000000e+03 8.765225456953049870e+05
4.323112792968750000e+03 6.884126394987109816e+05
2.757043212890619998e+03 4.617447968125339830e+05
4.609051757812500000e+03 7.666500968933110125e+05
3.728077148437500000e+03 6.363561251163480338e+05
4.136303222656250000e+03 7.136019318103790283e+05
3.843601074218750000e+03 8.788161529302600538e+05
3.436381103515619998e+03 8.922412966489789542e+05
2.875577148437500000e+03 7.060159471035000170e+05
3.451454589843750000e+03 9.161124287843699567e+05
3.745104492187500000e+03 5.855622764825819759e+05
2.098269775390630002e+03 4.828690461516379728e+05
3.379974365234369998e+03 8.962241640090940055e+05
4.242462402343750000e+03 7.429530625343320426e+05
4.463696289062500000e+03 6.538284634351730347e+05
3.576694335937500000e+03 8.025707688331600511e+05
3.700143066406250000e+03 9.216267230510710506e+05
4.316410156250000000e+03 7.983467352390290471e+05
3.418812255859369998e+03 4.435326038599010208e+05
3.638484863281250000e+03 8.534383866786960280e+05
3.842719970703130002e+03 9.237231453657150269e+05
4.627997558593750000e+03 6.618512763977049617e+05
3.391635009765630002e+03 5.152200740575789823e+05
4.396375488281250000e+03 7.813803647756580031e+05
4.065229980468750000e+03 7.865372042655949481e+05
4.198363281250000000e+03 1.014435457706450019e+06
3.939698974609369998e+03 6.653404809236529982e+05
2.317783935546869998e+03 5.416841543912889902e+05
3.726278808593750000e+03 4.852968207597730216e+05
3.602133056640619998e+03 7.008411983251570491e+05
4.235932617187500000e+03 6.179159542322159978e+05
3.939242675781250000e+03 9.569343978166580200e+05
2.326714111328119998e+03 4.814294804930689861e+05
3.939720947265619998e+03 1.031348039388659992e+06
4.386124023437500000e+03 8.114312978982930072e+05
3.088694824218750000e+03 5.413084857463840162e+05
3.995708496093750000e+03 6.358307859897610033e+05
2.977291503906250000e+03 1.350609004735949915e+06
3.172959228515630002e+03 5.022461043000220088e+05
3.316009033203119998e+03 4.741210897564889747e+05
3.835783203125000000e+03 8.500362310409550555e+05
4.164999511718750000e+03 8.787987309694290161e+05
4.076014648437500000e+03 7.645409431457519531e+05
3.336600341796869998e+03 5.646561671495439950e+05
3.551203613281250000e+03 1.034044544696809957e+06
4.600140625000000000e+03 8.064181591272349469e+05
4.056428955078130002e+03 7.756136348247530404e+05
3.178959228515619998e+03 5.492845761775970459e+05
3.173715087890619998e+03 5.432382420301439706e+05
3.174992187500000000e+03 1.086049463272090070e+06
3.196188720703119998e+03 6.351374406814579852e+05
3.562313964843750000e+03 1.059328561305999989e+06
3.672538574218750000e+03 8.398777658939360408e+05
2.535861328125000000e+03 5.671122981309889583e+05
4.035941162109380002e+03 9.857505037784579908e+05
4.639443359375000000e+03 9.076124002933499869e+05
2.545958496093750000e+03 5.247578666210180381e+05
2.404184082031250000e+03 4.979238437414169894e+05
2.308937500000000000e+03 3.950918164253230207e+05
3.990915771484369998e+03 9.765425710678099422e+05
3.632569335937500000e+03 5.621416177749630297e+05
3.957290283203119998e+03 9.913011648654940072e+05
3.723817871093750000e+03 5.616084204912190326e+05
3.465044189453119998e+03 7.433697276115419809e+05
2.878105224609369998e+03 1.388469849586490076e+06
2.733723144531250000e+03 4.748567107319830102e+05
2.259177978515630002e+03 4.322200860977169941e+05
4.537700195312500000e+03 7.841279785633089487e+05
2.310047363281250000e+03 4.623779267072679941e+05
4.064529052734380002e+03 8.370924451351170428e+05
4.440228515625000000e+03 6.848279796838760376e+05
4.244087890625000000e+03 9.299717204570770264e+05
4.314687011718750000e+03 7.597860270738600520e+05
2.680637939453119998e+03 4.339295398592950078e+05
3.461594238281250000e+03 5.584614417552950326e+05
4.316308593750000000e+03 7.578177719116209773e+05
4.030295898437500000e+03 1.024402524948120001e+06
3.686029296875000000e+03 1.069026501893999986e+06
2.759430664062500000e+03 4.799447761178020155e+05
2.319178466796869998e+03 4.400003622174260090e+05
1.714656127929690001e+03 4.030244433283809922e+05
4.469877441406250000e+03 6.587738027572629508e+05
3.275958251953130002e+03 5.413966311216349714e+05
4.058230712890630002e+03 8.450035991668700008e+05
3.599917480468750000e+03 9.531363494396209717e+05
1.592731323242190001e+03 3.982575268149379990e+05
2.282541259765630002e+03 5.326514768600460375e+05
3.281551269531250000e+03 6.292324924468989484e+05
3.576149414062500000e+03 7.089926048517229501e+05
2.408489746093750000e+03 5.042207251787189743e+05
2.306163574218750000e+03 5.673845314979549730e+05
3.851321777343750000e+03 8.738525388240820030e+05
3.259585205078119998e+03 6.103487925529479980e+05
1.718160156250000000e+03 3.894945241808890132e+05
3.783092529296880002e+03 1.139372724771500099e+06
2.391742675781250000e+03 4.129951046109200106e+05
3.524909912109380002e+03 9.087928904294969980e+05
3.613784667968750000e+03 1.158806982994080056e+06
3.847646240234380002e+03 9.388736114501949633e+05
3.879427246093750000e+03 7.287032387256619986e+05
3.088321044921880002e+03 5.912456125020979671e+05
3.621681884765619998e+03 9.229984892606739886e+05
2.567042724609369998e+03 7.649377496242519701e+05
4.053222900390630002e+03 7.398913661241530208e+05
3.717608886718750000e+03 7.461475557088849600e+05
3.640523437500000000e+03 7.529435214996340219e+05
3.596683593750000000e+03 6.798200187683110125e+05
2.231762695312500000e+03 5.421161702871320304e+05
4.153155761718750000e+03 9.345647219419480534e+05
4.128493652343750000e+03 8.854953428506850032e+05
2.620840576171869998e+03 4.688927349448199966e+05
3.605905273437500000e+03 9.083419296741490252e+05
4.246573242187500000e+03 6.947651981115340022e+05
2.290490722656250000e+03 5.023010200262070284e+05
2.603308105468750000e+03 4.142948377132419846e+05
4.381004394531250000e+03 9.088642230033880332e+05
4.622108398437500000e+03 7.319463428258900531e+05
3.229286865234369998e+03 8.120131061077120248e+05
4.375437500000000000e+03 7.934310010671620257e+05
3.964853759765619998e+03 1.055485374212269904e+06
4.366364257812500000e+03 9.841830755472179735e+05
2.320885498046869998e+03 5.729676607847210253e+05
2.071658691406250000e+03 5.470183202028269880e+05
4.050393066406250000e+03 6.886501507759089582e+05
4.168109375000000000e+03 1.018041133522990043e+06
4.310426757812500000e+03 8.187499834299089853e+05
2.577432617187500000e+03 4.102576637864109944e+05
4.044930664062500000e+03 8.986515426635739859e+05
4.408661132812500000e+03 6.923361747264859732e+05
2.262603271484369998e+03 4.721614846587179927e+05
3.617220703125000000e+03 1.071093136310579954e+06
3.600594238281250000e+03 6.117457779645919800e+05
2.108572021484369998e+03 4.625090178251269972e+05
3.340931396484369998e+03 5.783015220165250357e+05
3.865847412109369998e+03 8.361579945087430533e+05
2.639594238281250000e+03 4.405137922763819806e+05
3.663668457031250000e+03 6.358737317323680036e+05
3.004270507812500000e+03 5.834146238565449603e+05
2.342830322265619998e+03 3.856782314777370193e+05
3.574566894531250000e+03 8.305933227539060172e+05
4.053479492187500000e+03 7.667244143486019457e+05
3.778683349609369998e+03 1.010046951055529993e+06
3.707921142578119998e+03 5.778187631368640577e+05
2.536574707031250000e+03 5.052917189002039959e+05
3.084968505859380002e+03 5.328927040100099985e+05
4.242236816406250000e+03 6.296315528154369676e+05
3.828490722656250000e+03 8.513704730272289598e+05
3.741204833984369998e+03 7.259095724821089534e+05
2.843510498046880002e+03 5.901437648534779437e+05
2.300728271484369998e+03 4.450315321087840130e+05
2.265338623046869998e+03 5.167794613838199875e+05
4.475086914062500000e+03 7.904795016050339909e+05
4.156708496093750000e+03 9.169679932594300481e+05
3.579020263671869998e+03 9.217818759679789655e+05
2.810702392578130002e+03 5.842513653039929923e+05
3.488346435546869998e+03 6.099547272920609685e+05
3.639565185546869998e+03 5.519578115940090502e+05
4.316869140625000000e+03 7.987055910825730534e+05
4.447497070312500000e+03 6.345836538076399593e+05
2.674988281250000000e+03 4.593165044188500033e+05
3.630664550781250000e+03 6.509640128612519475e+05
2.071848388671869998e+03 4.577115215063099749e+05
2.197120605468750000e+03 5.762267248630520189e+05
4.647125976562500000e+03 8.023908840417859610e+05
4.330620117187500000e+03 8.267849186658860417e+05
3.367102539062500000e+03 7.503438725471500074e+05
2.929066894531250000e+03 6.524214878082280047e+05
3.968606933593750000e+03 1.003708951354030054e+06
4.142723632812500000e+03 9.183074740171430167e+05
2.925268066406250000e+03 5.319940110445020255e+05
3.622556396484369998e+03 7.492185113430019701e+05
1.975514892578130002e+03 6.737294596433639526e+05
2.977223388671869998e+03 1.344872671842579963e+06
4.694249511718750000e+03 7.012048056125639705e+05
3.292103271484369998e+03 1.008383823871609988e+06
2.400875732421869998e+03 5.116886547803879948e+05
4.333082031250000000e+03 5.781700044870380079e+05
4.364553222656250000e+03 9.238697091341019841e+05
4.325120117187500000e+03 7.773963400125500048e+05
3.528941650390619998e+03 7.003508249521260150e+05
4.050769531250000000e+03 7.131605348587039625e+05
4.485512207031250000e+03 6.952589827775959857e+05
2.225910888671869998e+03 4.948887371420860291e+05
4.704468261718750000e+03 6.074109382629400352e+05
4.059929199218750000e+03 7.320441738367079524e+05
2.476139404296869998e+03 4.277612824440000113e+05
2.196617919921869998e+03 5.629214028120039729e+05
4.636135742187500000e+03 7.822813725471500074e+05
3.747794677734380002e+03 5.829286973476409912e+05
2.554246093750000000e+03 5.437274580001829891e+05
2.623196289062500000e+03 4.408108793497090228e+05
4.324244140625000000e+03 7.685556695461269701e+05
3.173964599609369998e+03 6.228322975635529729e+05
4.402867187500000000e+03 1.041394662857059971e+06
2.735258789062500000e+03 4.710928971171380254e+05
2.041453002929690001e+03 6.392448811531070387e+05
4.295204589843750000e+03 6.871352930068969727e+05
3.655989501953130002e+03 1.107497846364980098e+06
4.911802734375000000e+03 6.424628878831859911e+05
4.209978027343750000e+03 9.932158139944080031e+05
3.647938476562500000e+03 8.500633386373519897e+05
3.464900146484369998e+03 9.467491296529769897e+05
2.546358398437500000e+03 4.548728992939000018e+05
2.314400390625000000e+03 4.556897821426389855e+05
4.723295410156250000e+03 5.624896305799479596e+05
2.626712158203130002e+03 4.738161445260050241e+05
3.260074218750000000e+03 5.675036221742630005e+05
3.684981201171880002e+03 5.367022655010219896e+05
4.638112304687500000e+03 8.381691954135899432e+05
4.141119140625000000e+03 8.087763372659679735e+05
1.716353271484380002e+03 6.710684683322909987e+05
3.260169189453119998e+03 6.423438581228259718e+05
2.336777343750000000e+03 4.853591986894609872e+05
2.079160888671869998e+03 5.268316282033920288e+05
4.398233398437500000e+03 6.436225447654719464e+05
4.532511230468750000e+03 1.263906119108200073e+06
4.248045410156250000e+03 1.156285671949390089e+06
3.356076904296869998e+03 5.903288275003429735e+05
4.382127441406250000e+03 9.070151803493499756e+05
4.061544433593750000e+03 9.056052198410029523e+05
4.425393066406250000e+03 8.416348254680630052e+05
2.305399414062500000e+03 4.856373713612559950e+05
4.422540527343750000e+03 8.534506307840349618e+05
3.875624267578130002e+03 8.474020427465440007e+05
3.900765380859369998e+03 7.283090516328810481e+05
4.386499511718750000e+03 5.735743836164480308e+05
4.520687011718750000e+03 6.653601567745209904e+05
3.790286621093750000e+03 1.038831197977069998e+06
3.322344970703130002e+03 7.671525316238399828e+05
4.908237792968750000e+03 7.301110062599179801e+05
2.118803222656250000e+03 5.756343172788619995e+05
3.630578857421880002e+03 8.911482208967210026e+05
3.346063964843750000e+03 7.935474723577500554e+05
4.360263671875000000e+03 8.269691284894939745e+05
3.183945312500000000e+03 6.431532483100889949e+05
4.395609375000000000e+03 7.710454261302950326e+05
3.767468505859369998e+03 9.268330262899399968e+05
2.750240234375000000e+03 5.178015091419219971e+05
2.535656250000000000e+03 4.437937809824940050e+05
4.611753417968750000e+03 5.599147744178769644e+05
4.206770019531250000e+03 9.874211845397950383e+05
2.423589355468750000e+03 5.246807470321659930e+05
2.542564941406250000e+03 4.792973614335060120e+05
2.387707031250000000e+03 4.054561774730680045e+05
3.783712890625000000e+03 6.918523802757259691e+05
2.196615478515619998e+03 4.275343400835989742e+05
1.814697021484380002e+03 3.761655058264730033e+05
4.425266601562500000e+03 9.313576191663739737e+05
3.157347167968750000e+03 6.177251045703890268e+05
4.604991699218750000e+03 9.187706179618840106e+05
2.579815185546880002e+03 4.125433214902880136e+05
3.361648193359369998e+03 5.625460387468340341e+05
2.672862060546869998e+03 4.368652316331859911e+05
1.524809570312500000e+03 4.455533685684200027e+05
2.271669189453119998e+03 4.054670509696010267e+05
4.617593750000000000e+03 7.385674189329149667e+05
2.749846435546869998e+03 5.166114552021030104e+05
3.815821777343750000e+03 7.342851496934889583e+05
3.893378906250000000e+03 5.339428949356080266e+05
3.637848632812500000e+03 9.217272952795029851e+05
4.014791015625000000e+03 9.901785448789600050e+05
4.060829345703130002e+03 7.668073818683619611e+05
2.279042968750000000e+03 6.300440756082530133e+05
3.015122070312500000e+03 5.371828923225400504e+05
4.446133300781250000e+03 7.253824058771129930e+05
3.851802734375000000e+03 6.432667347192770103e+05
4.326989257812500000e+03 7.638839037418370135e+05
3.172962402343750000e+03 5.508992751836780226e+05
2.290275878906250000e+03 4.802427160143849906e+05
4.376684570312500000e+03 9.531622387170790462e+05
4.152255859375000000e+03 7.224931015968320426e+05
2.321057128906250000e+03 5.714777176380159799e+05
4.164450683593750000e+03 9.598267478942869930e+05
3.613527343750000000e+03 1.145500990867610089e+06
3.798462158203119998e+03 1.124499608993530041e+06
4.323560058593750000e+03 7.677154558897019597e+05
3.901107421875000000e+03 7.605316991806030273e+05
3.687549560546869998e+03 5.355060590505599976e+05
1.588983642578130002e+03 3.919806867241860018e+05
1.647379882812500000e+03 3.921327024698259775e+05
4.502468750000000000e+03 5.618202252388000488e+05
2.154303955078119998e+03 5.222528810501099797e+05
3.722743408203119998e+03 7.914046320915219840e+05
3.801527832031250000e+03 8.048994636535639875e+05
2.852408447265619998e+03 6.137795786857609637e+05
3.668322509765630002e+03 5.268855388164520264e+05
4.425821777343750000e+03 9.366322091817860492e+05
3.395365234375000000e+03 9.141237058639529860e+05
4.172011230468750000e+03 6.459490466117860051e+05
4.209055664062500000e+03 9.961413632631299552e+05
4.394843261718750000e+03 1.110308751821520040e+06
3.647893554687500000e+03 9.568775632381440373e+05
4.617724609375000000e+03 7.696323589086530264e+05
4.639612304687500000e+03 6.734075188636779785e+05
3.630597167968750000e+03 9.031969078779220581e+05
2.845447021484369998e+03 4.921112745404239977e+05
3.261627197265619998e+03 1.468604777812960092e+06
3.637798583984380002e+03 1.121331857919689966e+06
4.132421875000000000e+03 7.123000971078870352e+05
3.487195068359369998e+03 8.533758869171140250e+05
2.677954345703119998e+03 4.961847239136699936e+05
2.041141235351559999e+03 4.681415194869040279e+05
4.521340820312500000e+03 6.921211414337160531e+05
4.333953125000000000e+03 6.113023098707200261e+05
2.294833496093750000e+03 4.745447906255719718e+05
2.825884521484369998e+03 5.458905223608020460e+05
1.722150146484380002e+03 3.881871765851969831e+05
2.538973876953130002e+03 4.511587017178540118e+05
4.313919433593750000e+03 9.725614093542100163e+05
4.302256347656250000e+03 8.700625313520430354e+05
2.602692626953130002e+03 4.632997981905940105e+05
3.788495605468750000e+03 5.807799482345579891e+05
2.586067871093750000e+03 4.383089395761489868e+05
4.606247070312500000e+03 5.772325080633159960e+05
4.372961425781250000e+03 5.184066481590269832e+05
2.495129638671869998e+03 6.659934389591220533e+05
4.600916992187500000e+03 6.358946868181229802e+05
3.301008300781250000e+03 5.701735681295390241e+05
2.410184570312500000e+03 4.385517505407329882e+05
3.466674560546869998e+03 9.151444134712220402e+05
4.321356933593750000e+03 5.721089286804200383e+05
4.319118164062500000e+03 8.480331928730009822e+05
2.930983886718750000e+03 6.783901387453080388e+05
4.743637695312500000e+03 6.850011637210849440e+05
1.588860717773440001e+03 3.878434278964999830e+05
3.939084472656250000e+03 1.058659826040270040e+06
3.087512695312500000e+03 5.823481074571609497e+05
4.760104003906250000e+03 5.458681662082669791e+05
3.726468505859369998e+03 8.031065855026249774e+05
4.350912109375000000e+03 8.680020494461059570e+05
3.939687744140619998e+03 9.718506420850750292e+05
2.196614746093750000e+03 5.600194889307019766e+05
2.677965820312500000e+03 4.794909218549730140e+05
3.624781738281250000e+03 9.204017642736439593e+05
3.967444580078119998e+03 9.858362125158309937e+05
3.837288574218750000e+03 7.955422868728640024e+05
2.539666748046869998e+03 3.973503969907760038e+05
3.634740478515630002e+03 9.389831992387770442e+05
3.638265869140619998e+03 6.168438944816590520e+05
3.776236083984369998e+03 1.070987264394759899e+06
3.579193603515619998e+03 8.330356258153920062e+05
2.093771728515619998e+03 5.606405879259109497e+05
4.209321777343750000e+03 9.918322910070420476e+05
3.230956542968750000e+03 6.494712675809860229e+05
2.570356933593750000e+03 5.602350095510480460e+05
3.061086914062500000e+03 1.071489699125289917e+06
3.932600341796869998e+03 9.838133766651150072e+05
3.646917724609369998e+03 8.681063984632489737e+05
2.035736206054690001e+03 5.265640244483950082e+05
3.280219238281250000e+03 6.248953379392620409e+05
3.319795898437500000e+03 5.260205932855609572e+05
2.329178466796880002e+03 4.656415594816210214e+05
3.398443359375000000e+03 6.672944208383560181e+05
4.388786132812500000e+03 9.375716549158099806e+05
2.298951660156250000e+03 4.431862662434580270e+05
4.513883300781250000e+03 6.591408213377000066e+05
3.843655029296869998e+03 8.940953344106669538e+05
2.550655273437500000e+03 6.703065316677090013e+05
4.279445312500000000e+03 6.141001793146129930e+05
4.567413085937500000e+03 5.594725246429439867e+05
3.600391845703119998e+03 7.975204713344570482e+05
2.539279541015619998e+03 7.188488659858700121e+05
3.723669189453119998e+03 6.592770293951040367e+05
4.121290039062500000e+03 7.058830894231799757e+05
3.338584228515619998e+03 7.882079459428789560e+05
3.728466064453130002e+03 7.929637757539750310e+05
2.401991210937500000e+03 4.685511183142659720e+05
3.846275878906250000e+03 8.600629349946980365e+05
4.550489257812500000e+03 6.501350077390669612e+05
3.195949707031250000e+03 5.895522710084919818e+05
1.720990478515630002e+03 6.986591891050339909e+05
2.197117675781250000e+03 4.975948671698570251e+05
4.360954589843750000e+03 6.802462476491930429e+05
3.455115966796880002e+03 8.190058304071429884e+05
3.832781982421869998e+03 9.997344903945920523e+05
4.315059082031250000e+03 7.479607797861100407e+05
2.116478515625000000e+03 5.787875094413759653e+05
4.069051025390630002e+03 8.420777453184130136e+05
4.158003417968750000e+03 9.963476855754849967e+05
1.975512573242190001e+03 4.223436922430989798e+05
2.269656005859369998e+03 4.904446142315869802e+05
2.336974365234369998e+03 4.583918003439899767e+05
2.241384521484369998e+03 5.544803409576419508e+05
2.971549804687500000e+03 4.263591191768649733e+05
3.188946777343750000e+03 4.384729253053669818e+05
3.553437500000000000e+03 6.197755962610250572e+05
4.593805664062500000e+03 7.169214854240419809e+05
4.657673339843750000e+03 8.898712399005889893e+05
3.789373291015619998e+03 1.212922760963439941e+06
3.106756103515619998e+03 7.833174309730529785e+05
2.336742431640630002e+03 4.574804064035419724e+05
3.632654296875000000e+03 5.369480613470079843e+05
3.803200439453119998e+03 8.398150224685670109e+05
3.843493652343750000e+03 8.190775893926620483e+05
4.361417480468750000e+03 9.090838859081269475e+05
2.380908935546869998e+03 6.146142489910130389e+05
3.710814941406250000e+03 1.021809394001960056e+06
4.313712890625000000e+03 8.498861341476440430e+05
4.087644287109380002e+03 8.373369008302689763e+05
3.872878173828119998e+03 9.987809730768200243e+05
3.252667724609369998e+03 8.267839440107350238e+05
2.067387451171869998e+03 7.197149080038069515e+05
3.747334228515619998e+03 7.708635311126710149e+05
3.452682373046869998e+03 9.577742459774019662e+05
3.307520507812500000e+03 8.509055625200270442e+05
3.760343505859369998e+03 4.972244372963909991e+05
4.632376953125000000e+03 8.529381449222560041e+05
3.837440185546880002e+03 8.674833501577379648e+05
4.331751464843750000e+03 7.867490699291230412e+05
3.168456054687500000e+03 5.061905032396320021e+05
4.125937500000000000e+03 7.750631983280179556e+05
3.865227050781250000e+03 8.732564153671259992e+05
2.427866210937500000e+03 5.006032621264460031e+05
3.630989990234369998e+03 8.884509845972059993e+05
3.855773681640619998e+03 8.354345567226409912e+05
3.347973632812500000e+03 8.891097905635830248e+05
2.563545654296869998e+03 4.572288844585419865e+05
3.706210205078130002e+03 5.880991820096969604e+05
3.833270019531250000e+03 8.953892500400539720e+05
4.163872070312500000e+03 6.601600060462950496e+05
3.942186035156250000e+03 8.249510440826419508e+05
3.645285644531250000e+03 1.139474332571029896e+06
4.616141113281250000e+03 8.953823665380480234e+05
2.281924072265619998e+03 4.550860746502879774e+05
4.516525390625000000e+03 9.903076257705689641e+05
2.309612548828130002e+03 3.880477704405779950e+05
2.589571044921869998e+03 4.077011433243749780e+05
4.331304687500000000e+03 8.300248551368709886e+05
3.345941162109369998e+03 6.124927902221679688e+05
3.761251953125000000e+03 5.662882272005080013e+05
3.743932617187500000e+03 8.197926207780840341e+05
4.076750244140630002e+03 8.429537166357040405e+05
3.750598388671869998e+03 5.478574373722079908e+05
3.483576171875000000e+03 5.856721079349520151e+05
3.986729492187500000e+03 1.057228423118589912e+06
4.234999023437500000e+03 9.952078872919080313e+05
3.542093994140619998e+03 8.208700411319730338e+05
2.598687255859369998e+03 4.263420931696890038e+05
4.398008789062500000e+03 6.231971231698989868e+05
3.622296875000000000e+03 8.857108634710309561e+05
3.634114990234369998e+03 4.990255391001700191e+05
4.960235351562500000e+03 6.717738749980930006e+05
3.963756835937500000e+03 9.249420125484470045e+05
2.395690185546869998e+03 4.790052085518839885e+05
3.614751220703130002e+03 1.097227539539339952e+06
2.423876464843750000e+03 4.572646725773810176e+05
4.619414062500000000e+03 7.593650369644169696e+05
2.704233398437500000e+03 5.771531955003739567e+05
2.427292236328119998e+03 5.011539727449420025e+05
4.552653808593750000e+03 6.094790346622470533e+05
4.074488281250000000e+03 7.809358611106870230e+05
4.336702636718750000e+03 7.959568198919299757e+05
4.547673828125000000e+03 8.341683578491209773e+05
3.588142333984380002e+03 7.581082800626750104e+05
2.595367431640619998e+03 7.037132633924479596e+05
4.628996093750000000e+03 8.714357595443730243e+05
2.535371826171869998e+03 4.792327905297279940e+05
4.420342285156250000e+03 7.546297358274459839e+05
3.936881347656250000e+03 1.003694514274599962e+06
4.327245117187500000e+03 7.974770382642749464e+05
3.791711181640619998e+03 1.127942456483840011e+06
3.372105224609369998e+03 5.787809914350509644e+05
3.897406005859369998e+03 7.223136432170870248e+05
4.155208496093750000e+03 9.848859237432479858e+05
3.656275878906250000e+03 5.331502566337590106e+05
4.377965332031250000e+03 8.388298288583760150e+05
2.599823486328119998e+03 4.332609873414040194e+05
4.313562988281250000e+03 7.172131509780880297e+05
3.506458251953119998e+03 6.677556154727940448e+05
2.319511474609369998e+03 4.915355274677280104e+05
3.245084228515619998e+03 5.124581450223919819e+05
3.646047119140630002e+03 9.615353792905809823e+05
4.384008300781250000e+03 9.154622728824620135e+05
3.822441406250000000e+03 1.017721812129019992e+06
3.838617431640630002e+03 6.569927423000340350e+05
4.647868164062500000e+03 8.467208197116849478e+05
2.178985107421869998e+03 6.073993033170700073e+05
2.929925781250000000e+03 5.456802405118939932e+05
2.282043945312500000e+03 5.791804782152180560e+05
4.476216308593750000e+03 6.160731859207149828e+05
3.166463623046869998e+03 5.334334548711780226e+05
1.587614868164059999e+03 3.952672848105430021e+05
3.608691406250000000e+03 5.374418460130690364e+05
1.526362182617190001e+03 4.380084412097929744e+05
3.345789306640619998e+03 5.715276687145229662e+05
4.511645996093750000e+03 6.008040555715559749e+05
2.296948974609369998e+03 4.459530990123749943e+05
4.960556640625000000e+03 7.808236539363859920e+05
2.259925781250000000e+03 5.759230588674549945e+05
2.930623779296869998e+03 1.421299159049989888e+06
2.287044433593750000e+03 4.995508173108099727e+05
4.378106933593750000e+03 8.677672184705729596e+05
4.651354003906250000e+03 9.880530656576160109e+05
4.056646972656250000e+03 7.878035249710079515e+05
4.323110839843750000e+03 8.034444253444670467e+05
3.466426757812500000e+03 1.179990381717680022e+06
3.661623291015619998e+03 9.053836685419080313e+05
3.827977539062500000e+03 8.014351737499240553e+05
4.128312988281250000e+03 9.290416557788850041e+05
4.644302734375000000e+03 8.373141791820529616e+05
3.620661376953119998e+03 1.093721217632289976e+06
3.850683349609369998e+03 8.646441187858580379e+05
4.600168457031250000e+03 8.399166302680970402e+05
4.697284179687500000e+03 7.001803821325299796e+05
3.672952880859380002e+03 1.073748096942899982e+06
4.610193847656250000e+03 7.007906990051269531e+05
4.606720703125000000e+03 7.227135564088820247e+05
2.406288818359369998e+03 5.187846316099169781e+05
4.664286132812500000e+03 8.509263348579410231e+05
3.434329345703130002e+03 8.593231717348099919e+05
3.283928710937500000e+03 6.053565479516979540e+05
4.321056640625000000e+03 7.795449063777920092e+05
4.199479980468750000e+03 7.826323702335359994e+05
2.191657714843750000e+03 4.773715342283250066e+05
3.956148681640619998e+03 9.595084620714189950e+05
4.297380371093750000e+03 8.200862965583800105e+05
4.514815917968750000e+03 6.996752061843869742e+05
1.719905273437500000e+03 4.037055140733720036e+05
3.860233154296869998e+03 1.085323101520539960e+06
4.167599609375000000e+03 9.912646762132650474e+05
3.304901123046869998e+03 5.471982049942020094e+05
4.065478515625000000e+03 7.083722368478779681e+05
4.343485839843750000e+03 6.616263747215269832e+05
1.711533935546880002e+03 4.068552644848820055e+05
2.368736572265619998e+03 5.249292840957640437e+05
3.346512939453119998e+03 6.079161142110819928e+05
2.057145996093750000e+03 5.149822582006449811e+05
2.115642333984369998e+03 5.639047080278400099e+05
1.588603759765630002e+03 4.208156461715699988e+05
3.421054199218750000e+03 5.923952791690829908e+05
4.467719238281250000e+03 6.187136485576629639e+05
4.073881591796880002e+03 8.103743453025820199e+05
3.418832031250000000e+03 5.353488349914549617e+05
2.271016845703119998e+03 5.044345096945759724e+05
4.061071533203130002e+03 8.283499711751940195e+05
4.082004882812500000e+03 7.619055974483489990e+05
2.180275878906250000e+03 4.837925014495850191e+05
2.060444335937500000e+03 4.842869257330900291e+05
3.421557861328119998e+03 5.069204590320590069e+05
2.539174072265619998e+03 6.763558506965639535e+05
4.493131347656250000e+03 8.296740401983259944e+05
3.833276367187500000e+03 8.117708433866499690e+05
3.800105712890630002e+03 7.267633094787599985e+05
3.651011962890619998e+03 5.369157149791719858e+05
2.301909423828119998e+03 4.509087635874749976e+05
2.306499023437500000e+03 3.913075045943260193e+05
3.844164306640630002e+03 8.968344808816909790e+05
4.674983886718750000e+03 1.059696493625639938e+06
2.845184570312500000e+03 5.198629047870640061e+05
2.302944335937500000e+03 4.920057072043420048e+05
3.015795898437500000e+03 4.703702207803730271e+05
3.937487060546880002e+03 6.110295891761779785e+05
2.436103515625000000e+03 5.466357680559159489e+05
3.649653076171869998e+03 5.640269663333890494e+05
4.711030761718750000e+03 9.575752335786819458e+05
4.312857910156250000e+03 7.980533640384670580e+05
4.336498535156250000e+03 7.602080527544020442e+05
3.578168457031250000e+03 7.746293549537659856e+05
1.974510742187500000e+03 4.103674952387809753e+05
3.207090820312500000e+03 9.738949812650680542e+05
3.999603271484369998e+03 1.046270618915559957e+06
2.409179443359369998e+03 4.529147866368290270e+05
4.062428710937500000e+03 7.814883078336720355e+05
2.837796142578119998e+03 6.387104046344760573e+05
4.329434570312500000e+03 7.662609049081800040e+05
3.173209716796880002e+03 9.788145531415940495e+05
3.851384277343750000e+03 8.862089122533800546e+05
4.673519531250000000e+03 8.168146228790279711e+05
4.890556152343750000e+03 6.163529119491579477e+05
4.030659423828119998e+03 8.101966534852980403e+05
3.278759277343750000e+03 9.792792809009549674e+05
3.453652343750000000e+03 8.163962521553039551e+05
2.330085205078119998e+03 4.609308683872219990e+05
1.912978515625000000e+03 4.866560382843019906e+05
3.033278320312500000e+03 6.131565303802490234e+05
2.590493652343750000e+03 4.554149293899540207e+05
5.024971679687500000e+03 5.859604231119160540e+05
3.949282470703119998e+03 5.885598893165589543e+05
3.721382812500000000e+03 6.562388465404510498e+05
2.313396240234369998e+03 4.824307863712310209e+05
2.548758789062500000e+03 4.663506820201870287e+05
4.105805175781250000e+03 9.157596645355230430e+05
3.777053710937500000e+03 1.090142283916469896e+06
1.868958129882809999e+03 4.790490375757219736e+05
1.723147583007809999e+03 4.079708791375160217e+05
4.079674560546880002e+03 9.121329727172850398e+05
2.400575683593750000e+03 5.326188868284230120e+05
4.363801757812500000e+03 8.681910107135770377e+05
4.363265136718750000e+03 6.392294694185260450e+05
3.648926269531250000e+03 6.181420133113859920e+05
3.761053222656250000e+03 1.029072828769679996e+06
2.904301025390619998e+03 6.278903923034670297e+05
2.826707763671869998e+03 5.254196574687960092e+05
3.440211425781250000e+03 6.222762567996979924e+05
3.462001220703119998e+03 6.045009225606919499e+05
3.811424560546869998e+03 1.142372469663619995e+06
3.638783447265619998e+03 8.987244590520859929e+05
2.878507324218750000e+03 6.243756639957430307e+05
3.821929199218750000e+03 1.032323181867599953e+06
2.624973388671869998e+03 4.991350050568580045e+05
3.394911376953130002e+03 1.216991702556610107e+06
3.416808105468750000e+03 6.492400306463240413e+05
3.996207519531250000e+03 9.797716645002369769e+05
3.680937255859380002e+03 1.127310758113859920e+06
3.269822021484380002e+03 8.819994375705720158e+05
2.195886474609380002e+03 4.784925094842910185e+05
2.217570068359369998e+03 5.687153621912000235e+05
3.472838134765630002e+03 1.148131828784940066e+06
1.850685058593750000e+03 6.559917105436329730e+05
2.330068115234380002e+03 4.099502514600749710e+05
3.174470458984369998e+03 7.864133621454240056e+05
2.310509521484369998e+03 4.990406462550159777e+05
3.373077148437500000e+03 6.004977701902389526e+05
2.620087158203119998e+03 4.675496296882629977e+05
4.058851806640630002e+03 8.205184952020640485e+05
4.383680175781250000e+03 9.154798166751860408e+05
3.575843505859380002e+03 8.490652308464050293e+05
2.293712646484380002e+03 4.062476279139519902e+05
3.534939941406250000e+03 8.096261147260670550e+05
5.422770019531250000e+03 5.972836011648180429e+05
4.595895507812500000e+03 6.924558136463169940e+05
3.422426025390619998e+03 9.375092160701750545e+05
3.506883544921869998e+03 8.396066899299620418e+05
4.344318359375000000e+03 8.004555234909059945e+05
3.355270263671869998e+03 6.496877019405369647e+05
4.679423828125000000e+03 6.845146889686579816e+05
4.114548339843750000e+03 6.345673892498019850e+05
3.157487792968750000e+03 6.627229226827620296e+05
4.706109375000000000e+03 6.925878185033800546e+05
2.422067382812500000e+03 5.412606058120729867e+05
3.645735107421880002e+03 9.029614068269729614e+05
2.411083251953130002e+03 5.112571262121199979e+05
2.524573974609380002e+03 4.895757396221159725e+05
3.850777832031250000e+03 8.590894372463229811e+05
4.063253417968750000e+03 7.789456152915960411e+05
3.425143066406250000e+03 5.948625577688219491e+05
4.944907226562500000e+03 6.824514658451080322e+05
3.275748779296880002e+03 5.467848902940750122e+05
3.813890869140630002e+03 1.035154920578000019e+06
3.959282470703119998e+03 1.014042671680449974e+06
2.258514160156250000e+03 5.092934702038759715e+05
2.547965820312500000e+03 5.141611112356189988e+05
1.975014160156250000e+03 4.802785650491719716e+05
2.593443359375000000e+03 7.079479572772979736e+05
3.996657958984369998e+03 8.251948297023769701e+05
3.876514160156250000e+03 7.769837563037869986e+05
2.621907226562500000e+03 4.203552129864689778e+05
2.541568847656250000e+03 5.211093059778210009e+05
4.458604980468750000e+03 7.253606588840479963e+05
3.784729492187500000e+03 1.063543092012410052e+06
2.716275390625000000e+03 5.002022829055790207e+05
3.848980957031250000e+03 9.714153367280960083e+05
3.783426757812500000e+03 7.469075430631639902e+05
2.307724121093750000e+03 4.386956644654269912e+05
4.603657226562500000e+03 6.654329513311389601e+05
3.815757812500000000e+03 7.491361529827120248e+05
3.575852539062500000e+03 7.272294992208479671e+05
4.014042236328130002e+03 5.223330464363099891e+05
3.749814697265619998e+03 9.657858504056930542e+05
3.530684326171880002e+03 5.764920138120650081e+05
3.650119873046869998e+03 8.483277214765549870e+05
3.820846679687500000e+03 1.051913263082500082e+06
3.842987060546869998e+03 8.614632707834240282e+05
3.480209960937500000e+03 6.595565726757049561e+05
3.748409423828130002e+03 6.328275688886640128e+05
2.332735839843750000e+03 5.175421290397639968e+05
2.402081054687500000e+03 5.161208381652830285e+05
4.413443847656250000e+03 8.882688459157940233e+05
2.072358886718750000e+03 4.654427907466890174e+05
2.614353027343750000e+03 4.848629469275469892e+05
3.602404541015630002e+03 6.013688073158259504e+05
4.637600097656250000e+03 8.132734570503239520e+05
2.912390625000000000e+03 6.508484553098679753e+05
3.744210937500000000e+03 5.850273126363749616e+05
4.635786621093750000e+03 7.767108528614039533e+05
2.270792968750000000e+03 4.811816744208339951e+05
4.142513183593750000e+03 6.102588196992869489e+05
2.393771972656250000e+03 4.865980463027950027e+05
2.940784667968750000e+03 4.228047955036159838e+05
4.230150878906250000e+03 9.228361482620240422e+05
2.817077148437500000e+03 4.893306443095210125e+05
4.368318359375000000e+03 9.704567633867260301e+05
1.603254638671880002e+03 7.411741950511930045e+05
4.403892578125000000e+03 5.764420018196109449e+05
3.948865722656250000e+03 7.042266629934309749e+05
4.067530029296880002e+03 8.828463519811630249e+05
3.333080810546880002e+03 6.016252025365829468e+05
2.700624023437500000e+03 5.100936011672019958e+05
3.966385009765619998e+03 1.015421382308010012e+06
3.494581298828119998e+03 6.433486666679379996e+05
3.659231445312500000e+03 8.548676575422290480e+05
3.925856201171880002e+03 7.968749450445179828e+05
2.310623291015619998e+03 4.557563328146929853e+05
4.126720214843750000e+03 8.679039747714999830e+05
4.143345214843750000e+03 9.137959780693049543e+05
3.929075439453119998e+03 7.357638233900070190e+05
2.195612792968750000e+03 6.089908542633060133e+05
2.262252441406250000e+03 4.477039451599119930e+05
3.582784667968750000e+03 8.593847577571870061e+05
2.192078613281250000e+03 5.610367852449419443e+05
4.137624023437500000e+03 8.052421158552169800e+05
2.967398925781250000e+03 6.823361519575120183e+05
4.323291992187500000e+03 8.265516105890270555e+05
4.104249511718750000e+03 8.999712257385250414e+05
1.814697265625000000e+03 3.657959973812099779e+05
4.648940429687500000e+03 9.043772152662279550e+05
2.590185791015619998e+03 3.961514188647270203e+05
3.834490722656250000e+03 9.177988867759710411e+05
3.972934326171869998e+03 9.501245431900019757e+05
3.929776611328119998e+03 9.128041446208950365e+05
4.393885253906250000e+03 8.686132191419600276e+05
2.280534423828119998e+03 5.271146436929700430e+05
3.390422607421869998e+03 9.236625949144359911e+05
3.824938232421880002e+03 8.464920803308490431e+05
3.822935546875000000e+03 9.605554244518280029e+05
3.972353271484369998e+03 8.207616716623309767e+05
4.209863769531250000e+03 6.769368669986729510e+05
4.581608886718750000e+03 8.453437538146970328e+05
4.126890625000000000e+03 8.537817089557650033e+05
4.623614257812500000e+03 8.807982969284059945e+05
2.096139404296869998e+03 4.385642687678340008e+05
3.957387451171880002e+03 1.004089371442790027e+06
3.166462158203119998e+03 5.516495769023899920e+05
2.587120605468750000e+03 4.809966726899149944e+05
4.686750976562500000e+03 1.049231986761090113e+06
3.566583496093750000e+03 9.622609491348270094e+05
4.164239746093750000e+03 7.009481058120729867e+05
3.240483398437500000e+03 1.228387370586399920e+06
4.316717285156250000e+03 7.991306625604629517e+05
3.540343505859369998e+03 7.828562972545620287e+05
2.937053466796869998e+03 6.957676309347150382e+05
2.843001464843750000e+03 5.461255360841749934e+05
4.658770507812500000e+03 9.403502749204640277e+05
3.857270263671880002e+03 1.080011109113689978e+06
3.172706542968750000e+03 8.724084044694900513e+05
3.629841552734369998e+03 1.091751074075700017e+06
3.737144775390619998e+03 6.023864082098009530e+05
3.894832519531250000e+03 6.381019152402880136e+05
4.157201171875000000e+03 9.996565788984299870e+05
1.711906982421869998e+03 4.333283299207690288e+05
3.541649169921869998e+03 7.766263624429700430e+05
4.337127929687500000e+03 8.327391479015350342e+05
3.436982666015619998e+03 8.988467173576359637e+05
3.233852783203130002e+03 6.407504796981810359e+05
4.650976074218750000e+03 6.338873845338820247e+05
3.788993164062500000e+03 6.995916904211039655e+05
4.209112792968750000e+03 9.837428969144820003e+05
3.962770019531250000e+03 1.002926303267479991e+06
3.619602294921869998e+03 7.519245195388790453e+05
3.890307617187500000e+03 1.021352037072179955e+06
2.060253662109380002e+03 4.893131005167959956e+05
3.666652832031250000e+03 8.561111347675319994e+05
4.789622070312500000e+03 8.139784982204439584e+05
4.010071044921880002e+03 9.526428084373469464e+05
4.617063964843750000e+03 7.625919983386989916e+05
3.748514892578119998e+03 6.233395446538929828e+05
3.570795166015630002e+03 8.281791628599170363e+05
2.288834716796869998e+03 4.829783598184590228e+05
3.834391357421869998e+03 8.185883125066759530e+05
2.673767822265630002e+03 4.224549247622489929e+05
3.316247558593750000e+03 9.726547935009000357e+05
4.057994873046880002e+03 8.745014154911040096e+05
3.462179931640619998e+03 9.472455337047580397e+05
4.386778320312500000e+03 8.751913495063780574e+05
4.072637207031250000e+03 7.561148056983950082e+05
3.441697509765619998e+03 6.147907834053039551e+05
3.639914550781250000e+03 8.622565182447429979e+05
2.535770019531250000e+03 4.676144137978550280e+05
4.409891601562500000e+03 6.709288489818569506e+05
2.415194335937500000e+03 5.224353243112560012e+05
2.094667724609369998e+03 4.774168556928629987e+05
1.816693359375000000e+03 3.645756377577779931e+05
2.854181884765619998e+03 5.213614370822909987e+05
4.606113769531250000e+03 7.075455465316770133e+05
4.197902832031250000e+03 9.356723566055300180e+05
4.262460449218750000e+03 8.162358604669569759e+05
2.471898925781250000e+03 5.327026462554930476e+05
4.868741699218750000e+03 8.651224917173390277e+05
4.319311035156250000e+03 7.645570858716960065e+05
2.181989257812500000e+03 5.237386209964749869e+05
4.602004882812500000e+03 6.350397315025329590e+05
3.701132324218750000e+03 6.410284391641620314e+05
3.454177246093750000e+03 6.935964038372039795e+05
4.294950195312500000e+03 5.400793237686159555e+05
2.322958007812500000e+03 4.487502374649050180e+05
4.061120361328119998e+03 8.379949148893359816e+05
2.290838623046869998e+03 4.550030462145810015e+05
4.060883789062500000e+03 8.259283795356750488e+05
4.322313964843750000e+03 8.641807311773300171e+05
4.443545410156250000e+03 8.757994124889370287e+05
3.903031982421869998e+03 7.645732285976409912e+05
3.713968750000000000e+03 7.074970574378969613e+05
3.596368164062500000e+03 6.547678482532500057e+05
3.645140136718750000e+03 9.787329257726670476e+05
4.368272460937500000e+03 8.820903241634370061e+05
2.335446777343750000e+03 5.262931312322620070e+05
4.141255371093750000e+03 7.953477822542190552e+05
4.008102539062500000e+03 6.322058607339860173e+05
3.356448486328130002e+03 5.688138023614879930e+05
2.685868896484369998e+03 5.055117168426510179e+05
3.948565917968750000e+03 1.012639594674109947e+06
4.322802734375000000e+03 8.644145874977109488e+05
3.329324218750000000e+03 6.386225638389589731e+05
4.341085449218750000e+03 8.682751965522769606e+05
3.862015869140619998e+03 8.480896010398870567e+05
2.195614257812500000e+03 5.382015287876130315e+05
3.706427490234369998e+03 8.077867577075960580e+05
2.406873535156250000e+03 5.313668204545970075e+05
4.430257324218750000e+03 6.821045495271680411e+05
3.108559082031250000e+03 6.490147025585169904e+05
3.235897460937500000e+03 6.828396831750869751e+05
3.610029296875000000e+03 6.754697673320770264e+05
3.897613281250000000e+03 7.665307625532150269e+05
3.678753662109369998e+03 5.736395636796950130e+05
4.331672363281250000e+03 7.127321739196779672e+05
3.986846191406250000e+03 1.019252142548560048e+06
3.837167968750000000e+03 8.856086465120320208e+05
3.849064941406250000e+03 8.970521335601810133e+05
3.577448242187500000e+03 8.060535162687300472e+05
4.614788574218750000e+03 7.463334102630619891e+05
3.853275878906250000e+03 8.793236436843869742e+05
4.068083740234380002e+03 7.481616805791859515e+05
3.643532958984369998e+03 9.225192635059360182e+05
4.066411865234380002e+03 8.460570186376570491e+05
3.783807617187500000e+03 1.014130695223810035e+06
3.628103027343750000e+03 6.877290407419200055e+05
3.482544433593750000e+03 1.109797788858409971e+06
2.670741455078119998e+03 4.461060284972190275e+05
4.254120117187500000e+03 6.966140580177309457e+05
3.859076416015619998e+03 7.477776055335999699e+05
2.544166259765630002e+03 4.399404209256169852e+05
3.802579589843750000e+03 7.696641570329669630e+05
3.823508789062500000e+03 6.856698989868160570e+05
3.640624755859369998e+03 8.982524822950359667e+05
3.403317138671869998e+03 9.967201256752009504e+05
2.577880126953119998e+03 4.519502739906309871e+05
3.846934814453119998e+03 8.580713490247729933e+05
3.493991455078119998e+03 7.369606999158860417e+05
3.838770019531250000e+03 8.587372212409969652e+05
2.986160644531250000e+03 6.268901524543759879e+05
4.060342529296880002e+03 7.773456579446790274e+05
2.422346679687500000e+03 5.513524289131159894e+05
3.851999755859369998e+03 9.991948360204700148e+05
3.475677001953119998e+03 9.337477781772610033e+05
3.821754638671869998e+03 9.883531376123429509e+05
2.067515380859369998e+03 7.292564164400099544e+05
3.854263183593750000e+03 8.256384805440900382e+05
3.924005126953119998e+03 9.075133509635929950e+05
4.226676757812500000e+03 6.223789001703260001e+05
3.852729736328130002e+03 7.380854519605640089e+05
3.292883544921869998e+03 5.323645627498630201e+05
3.455151367187500000e+03 9.703888421058659442e+05
2.678643554687500000e+03 4.657290043234829791e+05
3.431578369140630002e+03 9.712550668716429500e+05
3.455395751953119998e+03 6.579248781204220140e+05
4.095467041015630002e+03 6.210550748109819833e+05
3.786553466796869998e+03 1.070323767900469946e+06
4.605266601562500000e+03 7.389142134189610370e+05
4.305073730468750000e+03 9.289778767824169481e+05
3.579316406250000000e+03 8.168268669843670214e+05
2.685368164062500000e+03 5.045506764054300147e+05
3.665728515625000000e+03 1.174081900358200073e+06
3.847669189453119998e+03 8.459285469055180438e+05
2.677636962890630002e+03 4.945990818142889766e+05
2.971726806640619998e+03 4.694358006119729835e+05
2.410672851562500000e+03 4.652869068384169950e+05
4.014883789062500000e+03 1.010422193288799957e+06
3.936607421875000000e+03 6.228261450529099675e+05
3.959431152343750000e+03 1.039688529014589963e+06
4.453577636718750000e+03 7.920416301488879835e+05
4.068941162109380002e+03 7.748826434612269513e+05
4.521716796875000000e+03 9.113855340480799787e+05
4.238122558593750000e+03 5.580039629936219426e+05
4.676466308593750000e+03 8.764990321397780208e+05
2.738226562500000000e+03 5.177899960279469960e+05
3.640466552734380002e+03 9.417677890062329825e+05
3.577674316406250000e+03 5.847941263914109441e+05
3.986930664062500000e+03 1.016946230292320019e+06
3.685264404296880002e+03 5.394690678119659424e+05
3.122741210937500000e+03 8.105620882511140080e+05
4.605248046875000000e+03 9.435285644531250000e+05
3.574961181640619998e+03 7.937775518894200213e+05
2.790647705078119998e+03 4.622043771743769757e+05
2.423550781250000000e+03 4.763549993634219863e+05
2.084368408203119998e+03 5.315983010530469473e+05
1.721394409179690001e+03 3.902783296704289969e+05
3.965489990234380002e+03 1.025066752433779999e+06
4.234575683593750000e+03 1.006716432571409969e+06
3.432236816406250000e+03 6.587466342449190561e+05
3.253039794921869998e+03 6.039744260311130201e+05
2.420977050781250000e+03 4.731558461189270020e+05
3.744888916015630002e+03 5.506729724407199537e+05
3.582563720703130002e+03 8.267771214246749878e+05
3.364740234375000000e+03 6.376131865978239803e+05
4.260214843750000000e+03 6.587313443422319833e+05
4.016315917968750000e+03 6.789215694665909978e+05
3.771461425781250000e+03 8.765844362974170363e+05
4.158957519531250000e+03 9.392666411399840144e+05
3.918941894531250000e+03 7.105158081054689828e+05
4.424472167968750000e+03 9.511281943321230356e+05
4.388747070312500000e+03 8.159608249664310133e+05
4.485364257812500000e+03 5.471391165256500244e+05
3.656160400390619998e+03 1.059596835136410082e+06
2.333521484375000000e+03 4.448549976944919908e+05
4.342798828125000000e+03 7.933945733308789786e+05
4.421677734375000000e+03 9.368467551469800528e+05
3.824875976562500000e+03 8.815632793903349666e+05
4.059160400390630002e+03 8.634320132732390193e+05
3.102222167968750000e+03 6.499499450922010001e+05
3.054615966796869998e+03 6.371345700025559636e+05
3.581724121093750000e+03 7.854210413694380550e+05
1.589984375000000000e+03 4.085288692116740276e+05
4.078646728515630002e+03 7.980720043182369554e+05
2.327614257812500000e+03 4.782382463216779870e+05
3.667394042968750000e+03 7.967954497337340144e+05
3.411780273437500000e+03 6.112437087297439575e+05
4.387707519531250000e+03 9.346972750425339909e+05
3.331725097656250000e+03 8.557179223299029982e+05
3.375520507812500000e+03 6.305766637325290358e+05
2.008408447265630002e+03 5.025551613569260226e+05
3.783992675781250000e+03 1.058336971521379892e+06
3.482632568359369998e+03 5.538583891391749494e+05
2.597194091796869998e+03 4.518767179846760118e+05
3.178709472656250000e+03 8.138215787410739576e+05
3.599189208984369998e+03 6.474368577003480168e+05
4.322625488281250000e+03 7.990910062789920485e+05
4.344881347656250000e+03 8.050608299970630324e+05
3.655980468750000000e+03 1.141555221319200005e+06
3.223160400390630002e+03 5.285565850734709529e+05
4.155159667968750000e+03 6.869775816202160204e+05
3.050441650390619998e+03 6.458617540597920306e+05
3.178954589843750000e+03 5.292768552303309552e+05
3.173716308593750000e+03 5.250303436517720111e+05
3.601337890625000000e+03 8.809474191665650578e+05
3.206707275390630002e+03 5.725131669044489972e+05
3.404998779296869998e+03 9.177242647409440251e+05
2.301508544921869998e+03 4.983551286458970280e+05
2.795526611328130002e+03 7.103743003606799757e+05
3.835828125000000000e+03 9.154015396833419800e+05
2.307723876953119998e+03 4.655636784434320289e+05
3.500739990234380002e+03 7.212800214290620061e+05
4.045317382812500000e+03 7.681045260429379996e+05
2.358862548828119998e+03 6.518549085855480516e+05
4.064934570312500000e+03 7.642949036359790480e+05
3.986348632812500000e+03 8.519229197502139723e+05
2.455646972656250000e+03 5.195540609359740047e+05
3.451310546875000000e+03 9.579466381073000375e+05
3.618470947265619998e+03 9.217863837480549701e+05
3.261241210937500000e+03 5.612350666522979736e+05
4.059356445312500000e+03 8.266036328077319777e+05
3.422052490234380002e+03 4.194894450902940007e+05
3.638679199218750000e+03 9.411826304197310237e+05
2.687926025390630002e+03 5.557869271039960440e+05
1.975013305664059999e+03 5.048020156025890028e+05
3.667772705078119998e+03 9.227501349449160043e+05
3.836148925781250000e+03 5.705373581647869432e+05
4.461195312500000000e+03 9.326463569402690046e+05
2.906226562500000000e+03 4.410972756743429927e+05
4.338628906250000000e+03 8.199486874341960065e+05
2.938034423828119998e+03 6.097214801311489427e+05
3.429479248046880002e+03 6.027049376964570256e+05
4.042495361328130002e+03 9.959287056922910269e+05
2.455516357421869998e+03 5.167500998973849928e+05
2.108462402343750000e+03 4.363106833100320073e+05
2.422861083984380002e+03 4.844455508589739911e+05
2.196615234375000000e+03 4.814816854596139747e+05
4.315988769531250000e+03 8.331821895837780321e+05
4.778040527343750000e+03 6.779921139478679979e+05
4.324491210937500000e+03 8.473647621870039729e+05
1.647380371093750000e+03 4.181398218274120009e+05
4.068009277343750000e+03 8.229895505905150203e+05
3.980674072265630002e+03 1.038987508296970045e+06
4.373945800781250000e+03 7.399218240976330126e+05
3.798020751953119998e+03 1.067807573795320000e+06
3.654944824218750000e+03 5.977104392051700270e+05
3.506855712890619998e+03 7.443969532251360361e+05
2.313068603515619998e+03 4.898871724009509780e+05
2.501674560546869998e+03 4.831596456766130286e+05
2.103805175781250000e+03 5.743281575441360474e+05
3.491415283203119998e+03 9.350661211013790453e+05
2.940886718750000000e+03 6.496100950241090031e+05
2.600456054687500000e+03 3.885269352793690050e+05
3.851161376953119998e+03 9.050643471479420550e+05
4.470941406250000000e+03 7.485648223161699716e+05
2.449705566406250000e+03 5.708797057867050171e+05
2.412979492187500000e+03 5.894686334133150522e+05
1.536366210937500000e+03 4.637517945170400199e+05
3.953860107421869998e+03 6.874493756294250488e+05
4.280055664062500000e+03 7.830607311725619948e+05
2.428755126953130002e+03 4.814240589737889823e+05
3.862216796875000000e+03 9.280928899049760075e+05
2.736648681640619998e+03 4.709653391242030193e+05
2.672528320312500000e+03 4.782004784345629741e+05
2.610203369140619998e+03 5.982747036218639696e+05
4.075363769531250000e+03 7.360853986740109976e+05
4.327121582031250000e+03 7.321168465614320012e+05
3.616469970703119998e+03 6.869639364480969962e+05
3.812378173828119998e+03 6.352358199357989943e+05
2.545174804687500000e+03 5.764530885219570482e+05
3.051564697265630002e+03 4.953655262589449994e+05
3.769183349609380002e+03 9.025859209299089853e+05
3.432091796875000000e+03 9.161732838153840275e+05
3.903341308593750000e+03 6.770516935586930485e+05
2.937006591796869998e+03 1.402842723608019995e+06
1.349128662109380002e+03 1.039434022188190022e+06
4.618724121093750000e+03 7.066972919702529907e+05
4.138830078125000000e+03 1.006937801122669945e+06
1.240477783203130002e+03 3.715190201401709928e+05
2.195614990234369998e+03 4.499159859418870183e+05
3.585861328125000000e+03 8.007229444980620174e+05
3.777915771484380002e+03 1.063432224988939939e+06
4.065766845703130002e+03 8.213945274353029672e+05
4.135062011718750000e+03 6.175913940668109572e+05
3.550727783203130002e+03 1.022854650735859992e+06
3.662735351562500000e+03 5.583942514657969587e+05
3.241557373046869998e+03 7.820711516141890315e+05
2.894877197265619998e+03 5.098184742927550105e+05
2.325852050781250000e+03 4.522253704071050161e+05
4.394585937500000000e+03 1.004463578104970045e+06
3.515350830078119998e+03 9.640664978027340258e+05
3.118547607421869998e+03 5.749936642646789551e+05
4.753256347656250000e+03 6.452635594606399536e+05
3.104465820312500000e+03 5.989242503643040545e+05
2.295943603515619998e+03 4.635177859067919781e+05
4.465703613281250000e+03 7.082119060754779493e+05
3.865444091796869998e+03 8.760579397678379901e+05
3.186203369140619998e+03 5.436307843923569890e+05
3.615881347656250000e+03 6.317232236862180289e+05
2.288700195312500000e+03 5.613710919618610060e+05
2.075951904296869998e+03 4.764932176470760023e+05
2.291501708984369998e+03 4.367185460329059861e+05
4.610788085937500000e+03 7.733870351314550499e+05
3.841023193359369998e+03 8.270336384773249738e+05
3.840613525390619998e+03 9.787187932729719905e+05
3.460698486328130002e+03 8.511240680217739427e+05
2.537568115234380002e+03 4.785985946059229900e+05
4.489594238281250000e+03 6.859862354993820190e+05
3.784142578125000000e+03 1.061512763500209898e+06
3.671460449218750000e+03 1.131087790489200037e+06
3.746370605468750000e+03 5.716800194978710497e+05
4.068637695312500000e+03 8.244744377136230469e+05
2.898151367187500000e+03 4.966594723463060218e+05
3.013925781250000000e+03 5.453448982238769531e+05
2.302618896484369998e+03 4.080136725902560283e+05
2.569691162109369998e+03 4.436562936902050278e+05
4.069046875000000000e+03 8.626885950565340463e+05
3.609149414062500000e+03 6.060462992191320518e+05
4.521672851562500000e+03 6.757082532644269522e+05
4.031919189453130002e+03 8.455672544240950374e+05
3.454968017578130002e+03 7.729980258941650391e+05
3.776958007812500000e+03 1.033628854274749989e+06
4.162098144531250000e+03 6.848798191547390306e+05
3.377863525390619998e+03 8.250673326253889827e+05
1.974508789062500000e+03 4.845635145902630175e+05
4.074375244140630002e+03 6.659218627214429434e+05
3.496319091796880002e+03 1.142086286544800038e+06
3.801647216796880002e+03 7.155969899892810499e+05
3.839317382812500000e+03 8.345857539176939754e+05
3.848877441406250000e+03 8.299411566257480299e+05
3.836240234375000000e+03 8.740856032371519832e+05
4.387476562500000000e+03 8.884015817642209586e+05
3.538558349609369998e+03 1.158717192888259888e+06
3.851919921875000000e+03 9.036482950448989868e+05
4.331036132812500000e+03 8.238353685140609741e+05
4.375543457031250000e+03 6.401132988929749699e+05
4.451334960937500000e+03 9.760023075342179509e+05
2.306791503906250000e+03 4.796595981121059740e+05
2.195614013671880002e+03 4.394321078062059823e+05
4.233750976562500000e+03 8.016728068590159528e+05
4.657812500000000000e+03 9.116358376741410466e+05
3.646987304687500000e+03 8.072659263610839844e+05
3.245541748046869998e+03 5.168626116514210007e+05
2.828885253906250000e+03 5.509514801502230112e+05
4.449424804687500000e+03 7.241612848043439444e+05
2.471968994140619998e+03 4.430253872275350150e+05
4.319317871093750000e+03 9.266304198503489606e+05
4.078128662109380002e+03 7.302908301353449933e+05
2.584655273437500000e+03 5.877932012081149733e+05
3.212701904296880002e+03 7.813777453899380052e+05
3.681822509765630002e+03 8.897899171113970224e+05
2.145326904296869998e+03 5.436976701021189801e+05
4.036260986328130002e+03 7.455051361322399462e+05
4.411003906250000000e+03 8.779763047695159912e+05
4.592483398437500000e+03 1.164426600933080073e+06
4.338619140625000000e+03 7.672596827745439950e+05
1.721530151367190001e+03 4.061383142471309984e+05
2.113375244140619998e+03 5.543056340217590332e+05
3.452585937500000000e+03 9.346772336959840031e+05
2.348635009765619998e+03 4.530909860134129995e+05
3.911303955078119998e+03 9.149468021392819937e+05
3.404414550781250000e+03 8.190016272068020189e+05
4.059469970703130002e+03 9.043073446750639705e+05
2.281710449218750000e+03 5.720210878849029541e+05
3.769115478515630002e+03 1.036850211381910020e+06
2.613098632812500000e+03 5.162171462774280226e+05
4.631840332031250000e+03 8.886032135486600455e+05
4.058605468750000000e+03 8.516991145610810490e+05
4.199630371093750000e+03 1.003878602266310016e+06
3.416488769531250000e+03 5.650035707950589713e+05
4.519878906250000000e+03 7.358132871389390202e+05
3.259831542968750000e+03 5.987971187829970149e+05
2.316815917968750000e+03 5.694710854291920550e+05
4.548508300781250000e+03 8.547264543771740282e+05
2.423414550781250000e+03 5.183370821475979756e+05
3.615926025390630002e+03 1.179793257713319967e+06
1.402951904296880002e+03 4.344382184743880061e+05
3.904835693359369998e+03 5.824142012596130371e+05
3.120752441406250000e+03 5.183195992708210251e+05
3.842334716796869998e+03 8.627791161537170410e+05
3.588899414062500000e+03 7.914474560022349469e+05
2.404980468750000000e+03 5.982209757566449698e+05
3.674698242187500000e+03 9.635064365863800049e+05
4.411375976562500000e+03 8.845123422145840013e+05
2.700924804687500000e+03 4.905087282657619799e+05
4.658684570312500000e+03 8.498257055282590445e+05
2.546764648437500000e+03 5.964485653638839722e+05
4.311993652343750000e+03 7.812088254690170288e+05
3.523348632812500000e+03 8.665795402526860125e+05
3.837834960937500000e+03 8.514522831439969596e+05
2.332533447265630002e+03 4.641463471055030241e+05
3.462275634765619998e+03 9.437514559030530509e+05
3.703963867187500000e+03 5.164991871118550189e+05
3.782799072265619998e+03 6.849467048645019531e+05
3.566524658203130002e+03 5.162608230113980244e+05
4.157594726562500000e+03 9.286353464126590407e+05
3.657466796875000000e+03 1.054166178464889992e+06
4.063937011718750000e+03 8.163392348289489746e+05
3.555062500000000000e+03 6.422974401712419931e+05
3.703797607421869998e+03 5.220142732858660165e+05
2.641505371093750000e+03 4.425365367531779921e+05
3.319619628906250000e+03 5.495111225843429565e+05
3.376641601562500000e+03 9.708627681732180063e+05
2.003298706054690001e+03 5.505471810102460440e+05
4.073453369140630002e+03 7.623889045715329703e+05
2.339634033203119998e+03 4.794777944684029790e+05
3.887171142578119998e+03 6.333491312265399611e+05
3.818149902343750000e+03 1.037838024377819966e+06
2.826272216796869998e+03 6.444457628726960393e+05
4.073466308593750000e+03 8.371713922023769701e+05
3.642057617187500000e+03 9.250239444971079938e+05
4.315810058593750000e+03 8.935866253376010573e+05
3.462351562500000000e+03 6.636108944416049635e+05
3.475992919921869998e+03 7.421838768720630324e+05
3.323792480468750000e+03 1.011911344528199988e+06
2.598772705078119998e+03 5.204687747955319937e+05
3.995316894531250000e+03 6.127346874475480290e+05
2.219913085937500000e+03 6.802143276929860003e+05
4.644995117187500000e+03 8.509526505470280536e+05
3.369148925781250000e+03 6.096013538837430533e+05
3.365538085937500000e+03 8.127823526859279955e+05
1.587487670898440001e+03 3.714958720803260221e+05
2.745913574218750000e+03 4.944516956806179951e+05
2.024283935546880002e+03 5.242376444339749869e+05
4.486280273437500000e+03 1.005375916242599953e+06
4.146644042968750000e+03 8.814806164503099862e+05
4.282881347656250000e+03 8.694598289728160016e+05
1.716153320312500000e+03 3.844993251562120277e+05
3.352972900390619998e+03 9.425681636333470233e+05
3.169457519531250000e+03 7.572214047908779467e+05
3.059565429687500000e+03 6.534699730873110238e+05
2.333412841796869998e+03 4.859952830076219980e+05
4.608855468750000000e+03 7.417101335525510367e+05
3.644436767578119998e+03 1.227948775768280029e+06
3.739286132812500000e+03 5.838837984800339909e+05
3.546386474609369998e+03 7.825894244909289991e+05
1.371325683593750000e+03 5.133855903148649959e+05
4.869805664062500000e+03 5.698881769180300180e+05
4.297734375000000000e+03 8.910676290988919791e+05
4.323182128906250000e+03 7.814763073921200121e+05
2.289723144531250000e+03 4.856384373903279775e+05
4.695253417968750000e+03 8.898181211948390119e+05
3.134439697265630002e+03 6.624397244453430176e+05
3.703927246093750000e+03 4.967189567685130169e+05
4.594120605468750000e+03 6.358537513017649762e+05
4.466199218750000000e+03 7.098513978719710140e+05
3.348217529296880002e+03 9.050193302631380502e+05
3.872167724609369998e+03 7.569764008522030199e+05
2.885432373046869998e+03 5.427779611349110492e+05
3.850163818359380002e+03 8.252419177293779794e+05
2.335411865234369998e+03 4.652233105897899950e+05
3.121486083984369998e+03 5.834022579193119891e+05
3.071306884765619998e+03 8.783274242877960205e+05
3.672606689453119998e+03 1.137075584411619930e+06
3.393051025390619998e+03 8.339982805252079852e+05
2.182704589843750000e+03 5.101949957609180128e+05
4.003406005859380002e+03 5.234368433952329797e+05
3.553208496093750000e+03 6.277409045696259709e+05
3.834054199218750000e+03 8.041104193925859872e+05
3.368004150390619998e+03 6.116140167713169940e+05
4.318183593750000000e+03 7.263866052627559984e+05
3.779549316406250000e+03 1.039360801219939953e+06
3.356486083984369998e+03 5.506811351776119554e+05
4.362594726562500000e+03 6.934172500371929491e+05
3.385005371093750000e+03 6.874279332160949707e+05
3.479919921875000000e+03 9.748482549190520076e+05
3.937254882812500000e+03 6.323653995990749681e+05
4.328626953125000000e+03 7.255014965534210205e+05
2.304954101562500000e+03 4.240364550352100050e+05
2.539344482421880002e+03 5.162235424518589862e+05
3.780544921875000000e+03 1.039434265851969947e+06
2.394060791015619998e+03 6.910130803585050162e+05
3.908802001953119998e+03 8.129640649557110155e+05
3.987024902343750000e+03 1.141400007486339891e+06
2.075070800781250000e+03 4.709032048583030119e+05
4.332875976562500000e+03 8.124284310340880184e+05
3.993035888671869998e+03 6.224705177545549814e+05
2.993369628906250000e+03 7.072407840490340022e+05
4.313873046875000000e+03 7.042218506336209830e+05
4.457527343750000000e+03 6.650205503702160204e+05
4.165156738281250000e+03 9.825848238468170166e+05
3.176142333984369998e+03 5.246402988433840219e+05
3.288540039062500000e+03 6.400925265550609911e+05
3.644884033203119998e+03 9.296541047096250113e+05
4.394316894531250000e+03 9.655255565643310547e+05
4.313183593750000000e+03 5.724110108613970224e+05
3.382325683593750000e+03 1.133656494140629889e+06
3.844548095703130002e+03 8.153165779113769531e+05
3.788086425781250000e+03 4.752615581154819811e+05
3.623572021484369998e+03 9.179846194982529851e+05
1.593850708007809999e+03 4.064160300493239774e+05
4.317747558593750000e+03 7.056787164211269701e+05
2.108859619140619998e+03 4.394765764474869939e+05
3.828436279296869998e+03 6.499662705659869825e+05
3.837610107421880002e+03 8.883497422933579655e+05
2.138097412109380002e+03 5.634528335332870483e+05
1.975011718750000000e+03 5.203885484933850239e+05
3.505928222656250000e+03 5.320914765596389771e+05
2.596584960937500000e+03 5.312748982906340389e+05
2.084066894531250000e+03 4.815788159370420035e+05
4.228007812500000000e+03 7.661415705680849496e+05
4.836815917968750000e+03 6.254345659017560538e+05
4.090937011718750000e+03 8.695890316963200457e+05
4.067936767578130002e+03 8.427798625230790349e+05
2.806889648437500000e+03 5.516796084642410278e+05
3.526630126953119998e+03 9.490878756046290509e+05
4.216166015625000000e+03 8.228429259061809862e+05
2.284804443359369998e+03 4.253436198830599897e+05
3.625779785156250000e+03 9.144818307161330013e+05
3.383848876953130002e+03 8.584603582620619563e+05
4.748111328125000000e+03 8.823388003110890277e+05
3.493382080078119998e+03 7.231835838556289673e+05
4.315183105468750000e+03 7.730503526926039485e+05
4.618056640625000000e+03 7.804545642137529794e+05
3.632966064453130002e+03 1.093281160831450019e+06
3.440744384765630002e+03 8.691115725040440448e+05
2.738051269531250000e+03 4.596872997879980248e+05
4.089600585937500000e+03 8.056754719018939650e+05
4.077765380859369998e+03 8.049365005493169883e+05
2.302266113281250000e+03 4.953699122071270249e+05
4.251358398437500000e+03 9.466826094388959464e+05
1.814263671875000000e+03 3.725699115991590079e+05
2.595056884765619998e+03 4.572284885048869764e+05
3.168959960937500000e+03 5.497885338068009587e+05
2.700239013671869998e+03 5.176125478744509746e+05
4.735400878906250000e+03 8.702057447433470516e+05
3.832073974609369998e+03 7.946058260202410165e+05
3.577258544921869998e+03 8.327486507892609807e+05
4.312990722656250000e+03 7.808141510486600455e+05
4.073054687500000000e+03 8.531669452190400334e+05
4.044897705078130002e+03 7.078113837242129957e+05
1.318928466796880002e+03 5.146875468492510263e+05
4.162403320312500000e+03 9.374113241434099618e+05
4.178752441406250000e+03 6.355956504344940186e+05
4.448631347656250000e+03 6.484106600284579908e+05
5.278437988281250000e+03 8.239259505271910457e+05
4.314254882812500000e+03 8.500032755136489868e+05
3.757851562500000000e+03 9.414400612115859985e+05
3.842909667968750000e+03 7.312770593166350154e+05
3.545900634765619998e+03 6.667029879093170166e+05
2.429388427734369998e+03 5.529542746543879621e+05
3.356173339843750000e+03 6.885657212734220084e+05
2.301618896484380002e+03 4.093215379714969895e+05
3.423063964843750000e+03 5.928799264430999756e+05
3.415083740234380002e+03 8.918553941249849740e+05
3.028922119140619998e+03 7.426214970350270160e+05
3.985821533203119998e+03 1.058410070657730103e+06
3.922940185546869998e+03 6.000288392305369489e+05
2.092969482421869998e+03 5.505789182186130201e+05
2.593949218750000000e+03 4.225790714621539810e+05
4.030912597656250000e+03 7.487308182716369629e+05
4.434933105468750000e+03 9.696862375736240065e+05
3.850816894531250000e+03 9.005630241632460384e+05
3.653055175781250000e+03 6.676370730400090106e+05
3.524718750000000000e+03 9.886768449544910109e+05
4.206090332031250000e+03 9.643245377540589543e+05
4.547556640625000000e+03 7.797666404247280443e+05
4.621770507812500000e+03 8.563484632968900260e+05
4.326258300781250000e+03 1.245055435657500057e+06
4.383751464843750000e+03 7.601454311609270517e+05
4.321315917968750000e+03 7.388965477943420410e+05
3.546748046875000000e+03 8.680532797575000441e+05
2.262711914062500000e+03 4.227629767060279846e+05
2.546962646484369998e+03 4.365112795233729994e+05
1.716350952148440001e+03 6.562236784696580144e+05
1.740222656250000000e+03 4.178322876691819984e+05
3.823382324218750000e+03 1.096394087553020101e+06
3.776014892578130002e+03 1.096204517126080114e+06
3.899226562500000000e+03 9.956846764087680494e+05
4.326626464843750000e+03 8.395918264389040414e+05
3.692498291015619998e+03 5.199278411865229718e+05
1.974007934570309999e+03 4.278351430296900216e+05
2.312393798828130002e+03 4.674058680534359883e+05
3.346529296875000000e+03 5.913499006032940233e+05
3.531142578125000000e+03 7.106816822290420532e+05
2.824725585937500000e+03 5.783216242790219840e+05
3.784376708984380002e+03 1.066149929046629928e+06
4.387975585937500000e+03 1.013379540681840037e+06
3.171817626953119998e+03 7.121791180372240487e+05
4.066890136718750000e+03 7.961317095756529598e+05
3.661010986328119998e+03 5.264309840202330379e+05
2.535794921875000000e+03 4.680915684103969834e+05
4.069100341796880002e+03 7.858725503683090210e+05
2.887728759765630002e+03 6.997905809879299486e+05
2.407867675781250000e+03 4.433387693166729878e+05
3.524615722656250000e+03 8.887033593654630240e+05
4.743046386718750000e+03 7.837844126224520151e+05
2.078349365234369998e+03 4.357565004825589713e+05
4.630339843750000000e+03 8.696835123300550040e+05
2.493139404296869998e+03 5.089173751473429729e+05
3.411459716796869998e+03 7.846683639287949773e+05
3.986471679687500000e+03 1.053715278625489911e+06
4.421223632812500000e+03 8.531840016841889592e+05
2.139054199218750000e+03 5.782200773954390315e+05
2.919922607421869998e+03 6.017276631593699567e+05
2.395282470703119998e+03 5.129642956256869948e+05
3.834512695312500000e+03 7.355543334484100342e+05
3.646933837890619998e+03 5.975349403619769728e+05
3.245906005859369998e+03 1.234348239660260035e+06
4.280156250000000000e+03 6.283994668722150382e+05
3.525108886718750000e+03 8.568289073705669725e+05
4.163413574218750000e+03 1.133512976169589907e+06
4.294517578125000000e+03 6.760993336439130362e+05
3.173716796875000000e+03 5.832312059402470477e+05
4.580939941406250000e+03 1.014500089526179945e+06
3.784738769531250000e+03 8.798400890827180119e+05
3.582667968750000000e+03 9.031056557893749559e+05
3.574986572265619998e+03 8.210778863430019701e+05
3.778869384765619998e+03 1.056898746013639960e+06
2.537966796875000000e+03 4.881402553319929866e+05
3.645289794921869998e+03 5.364106608629230177e+05
3.473776855468750000e+03 8.363025480508810142e+05
4.009544921875000000e+03 1.033074275493619964e+06
4.324986328125000000e+03 7.363584848642350407e+05
4.611183105468750000e+03 7.388822325468059862e+05
4.590767578125000000e+03 4.771826826095580123e+06
4.538027832031250000e+03 7.734425904750820482e+05
3.777049316406250000e+03 1.049437760829929961e+06
3.136483154296869998e+03 6.529778940677640494e+05
3.914720947265630002e+03 7.272586170434949454e+05
3.099680175781250000e+03 5.302250728607180063e+05
4.699686035156250000e+03 9.040221362113950308e+05
4.084395751953130002e+03 5.237797392606739886e+05
3.652691406250000000e+03 9.677228556871409528e+05
2.312608398437500000e+03 5.190230566263200017e+05
3.197944824218750000e+03 5.763166977167129517e+05
3.422558349609380002e+03 5.076745375394820003e+05
4.628588867187500000e+03 6.690479472875599749e+05
3.707790527343750000e+03 1.109732608795169974e+06
2.242023925781250000e+03 5.328431184291839600e+05
3.783956787109369998e+03 1.067011524200439919e+06
3.463598876953119998e+03 9.638626121282579843e+05
4.064992919921880002e+03 8.540697804689409677e+05
4.316623535156250000e+03 7.455371779203419574e+05
3.652026123046880002e+03 5.622195901870729867e+05
3.973529785156250000e+03 4.806287403702739975e+05
4.084757568359380002e+03 6.981200829744340153e+05
3.868639892578130002e+03 5.859900891780849779e+05
2.059948486328130002e+03 4.972519408464430016e+05
2.422472656250000000e+03 5.101787616610529949e+05
3.166715087890619998e+03 5.478385534286500188e+05
3.459009033203130002e+03 9.641270482540129451e+05
3.266312011718750000e+03 6.463819153308869572e+05
1.587236083984380002e+03 4.092782876491550123e+05
4.321555664062500000e+03 5.802250039577479474e+05
2.546956787109369998e+03 5.247538461685179500e+05
3.911372314453119998e+03 8.675439615249630297e+05
1.530021484375000000e+03 4.556884419918059721e+05
3.703964843750000000e+03 6.192204083204270573e+05
4.347729492187500000e+03 6.768988554477690486e+05
1.716779418945309999e+03 4.002846572399139986e+05
3.968650146484380002e+03 7.789101012945179828e+05
4.118705078125000000e+03 9.410079234838490374e+05
4.632435058593750000e+03 7.973340076208120445e+05
4.097733398437500000e+03 9.760327045917509822e+05
3.482809814453119998e+03 5.501013371944429819e+05
4.074106689453130002e+03 5.983213043212889461e+05
4.375697753906250000e+03 8.674567908048629761e+05
2.428647705078119998e+03 5.101795231103900005e+05
3.072911621093750000e+03 6.236735467910770094e+05
4.092984619140630002e+03 7.963429660797120305e+05
4.059286865234380002e+03 9.570128575563429622e+05
4.582623535156250000e+03 6.347462384700779803e+05
4.383546875000000000e+03 8.858699759244919987e+05
4.008986816406250000e+03 1.036140175104139955e+06
4.065462890625000000e+03 8.145807132720949594e+05
4.333500488281250000e+03 7.733426274061199510e+05
2.056953613281250000e+03 5.084258139133449877e+05
4.383270507812500000e+03 1.016765919089319999e+06
2.376202392578119998e+03 4.894876856207849924e+05
2.145115722656250000e+03 4.312658987045289832e+05
3.112089355468750000e+03 5.862919276952740038e+05
2.942652099609369998e+03 6.179667581319810124e+05
1.974510009765630002e+03 4.444738466143609839e+05
4.707879394531250000e+03 6.397359855175019475e+05
2.282376464843750000e+03 5.335194072723389836e+05
4.413359375000000000e+03 9.108073807954790536e+05
2.750012939453119998e+03 4.878873932361599873e+05
4.576187500000000000e+03 7.025532410144810565e+05
3.873041992187500000e+03 6.759659277200700017e+05
3.613030517578119998e+03 5.378664301633839495e+05
4.049833496093750000e+03 6.640790334939960157e+05
3.172958496093750000e+03 5.195438270568849985e+05
3.644827636718750000e+03 5.057269633412359981e+05
3.617786132812500000e+03 1.081477234125139890e+06
4.404498046875000000e+03 7.070658334493640577e+05
4.253935546875000000e+03 6.817508106231689453e+05
3.710374511718750000e+03 1.058388262748719892e+06
3.926759033203119998e+03 6.561769559383390006e+05
3.417300048828119998e+03 7.659573607444759691e+05
4.345801757812500000e+03 9.491068204641339835e+05
4.321799804687500000e+03 7.359001532793049701e+05
3.813636474609380002e+03 7.290820749998090323e+05
3.991300781250000000e+03 1.092213791608809959e+06
3.844722656250000000e+03 7.964389086961749708e+05
3.411467285156250000e+03 8.282785776853560237e+05
3.823388916015630002e+03 5.571805012226110557e+05
3.609762695312500000e+03 9.602845921516419621e+05
4.891512207031250000e+03 9.828708851337430533e+05
3.086010009765630002e+03 6.344660860300059430e+05
2.285706787109369998e+03 5.870022685527800350e+05
3.290433105468750000e+03 1.078779145002370002e+06
4.324565917968750000e+03 7.313470517396930372e+05
4.067643310546880002e+03 8.447844235897059552e+05
4.153786621093750000e+03 7.327283208370209904e+05
4.555663574218750000e+03 7.341719678640370257e+05
2.594068603515619998e+03 4.205571798086169874e+05
4.068820800781250000e+03 7.907725682258609449e+05
3.843598388671880002e+03 8.479762364625929622e+05
3.804384765625000000e+03 7.193355234861370409e+05
3.625235595703119998e+03 5.636034786701200064e+05
3.465160400390630002e+03 9.849398952722549438e+05
2.538370849609369998e+03 5.175075287818909856e+05
3.172962890625000000e+03 7.154247806072239764e+05
4.695329101562500000e+03 8.550619184970860370e+05
2.286942138671880002e+03 5.123070734739300096e+05
3.962486816406250000e+03 9.800303136110310443e+05
3.293947998046869998e+03 9.019205360412599985e+05
4.418575683593750000e+03 9.315564488172529964e+05
4.316268554687500000e+03 7.650421595573429950e+05
3.575382812500000000e+03 9.263560544252400286e+05
2.614706542968750000e+03 4.461468421816829941e+05
2.677662109375000000e+03 4.981220033168789814e+05
1.974816040039059999e+03 4.424995607733729994e+05
3.566826904296869998e+03 9.336599373817440355e+05
4.009499023437500000e+03 6.250406833887100220e+05
2.265265625000000000e+03 6.046377397775650024e+05
3.094590332031250000e+03 5.871067394018169725e+05
4.626614257812500000e+03 8.918196364641189575e+05
2.402876953125000000e+03 4.569053294062609784e+05
2.585820556640630002e+03 4.078231884241100051e+05
4.170270996093750000e+03 6.323601608276369516e+05
2.334302246093750000e+03 4.112019218802449759e+05
3.014688476562500000e+03 4.756078348159790039e+05
3.436270996093750000e+03 8.857078176736830501e+05
2.059552001953119998e+03 5.674230303764339769e+05
3.433375488281250000e+03 1.187662136077879928e+06
2.183250244140630002e+03 5.355327402353290236e+05
3.436856689453119998e+03 5.407156517505650409e+05
3.571062744140619998e+03 8.013327131271359976e+05
3.605638916015619998e+03 7.738247771263120230e+05
3.624636230468750000e+03 7.268949488401409471e+05
2.706702148437500000e+03 4.807722278833389864e+05
3.263824951171869998e+03 5.223564990758899949e+05
3.894853027343750000e+03 7.366946190595630324e+05
3.611921386718750000e+03 1.022234648227690021e+06
3.757581542968750000e+03 9.230788983106609667e+05
1.716404785156250000e+03 4.024866468906400260e+05
3.844388671875000000e+03 9.642038632631299552e+05
4.467939453125000000e+03 9.291999154090880184e+05
3.414355712890619998e+03 5.996007219552990282e+05
2.768203125000000000e+03 5.023235284686089726e+05
3.923753662109369998e+03 6.593004820346829947e+05
2.906620361328119998e+03 7.648520408868789673e+05
3.576739501953130002e+03 8.159183665513989981e+05
3.634402343750000000e+03 9.217347879409790039e+05
2.321145019531250000e+03 5.961336908340449445e+05
2.684128417968750000e+03 5.192290134429929894e+05
3.960904052734369998e+03 1.010016614913939964e+06
3.111342773437500000e+03 6.270075984001159668e+05
2.331749267578119998e+03 4.886461622714999830e+05
2.313829345703119998e+03 5.198347007036210271e+05
2.289267333984369998e+03 4.867031567692760145e+05
3.853103271484369998e+03 8.472163709402079694e+05
2.539571289062500000e+03 6.461817455291750375e+05
3.961679687500000000e+03 1.101586806535719894e+06
3.636508300781250000e+03 5.637653932571409969e+05
2.178264404296869998e+03 5.855449154376980150e+05
2.103013183593750000e+03 4.949654607772830059e+05
4.526710449218750000e+03 5.942674698829649715e+05
3.523229248046880002e+03 7.490407586097719613e+05
3.470957763671869998e+03 1.095473403930660104e+06
2.402689453125000000e+03 4.892276659011840238e+05
4.426714843750000000e+03 9.281770757436749991e+05
3.360459472656250000e+03 7.405704571008679923e+05
2.295952880859369998e+03 4.151953581571580144e+05
2.576173339843750000e+03 4.305120029449459980e+05
3.842230468750000000e+03 8.815495733022689819e+05
2.538573974609369998e+03 6.678958439826969989e+05
3.834729736328119998e+03 9.336177835464479867e+05
4.489401855468750000e+03 6.296914941072460497e+05
4.430767089843750000e+03 8.461830537319179857e+05
2.261384277343750000e+03 4.368798819184299791e+05
2.273250976562500000e+03 5.145198452472690260e+05
4.613740722656250000e+03 6.763725416660310002e+05
3.794788574218750000e+03 6.059713726043700008e+05
3.832570312500000000e+03 9.052755427360530011e+05
3.574922119140619998e+03 8.815997071266169660e+05
4.180380859375000000e+03 6.076168950796129648e+05
3.772101562500000000e+03 8.443982774019240169e+05
2.538972167968750000e+03 4.685723475217819796e+05
4.321619628906250000e+03 7.260114239454270573e+05
4.332758300781250000e+03 7.333811570405960083e+05
4.690194824218750000e+03 8.239423369169239886e+05
4.394140136718750000e+03 9.579597959518430289e+05
2.874642089843750000e+03 4.456407524943349999e+05
3.836029785156250000e+03 8.609315354824069655e+05
4.007786621093750000e+03 9.046460982561110286e+05
2.072459716796869998e+03 5.285520163774490356e+05
3.411636962890630002e+03 5.555149374008179875e+05
3.892331787109369998e+03 5.339756067991260206e+05
3.427169433593750000e+03 8.074185208082200261e+05
3.613306884765619998e+03 1.086315422296520090e+06
4.502542480468750000e+03 7.536235262155530509e+05
3.811963623046869998e+03 1.135120182514189975e+06
3.722751953125000000e+03 6.474307661056519719e+05
3.827424072265630002e+03 1.019821036577219958e+06
4.325874023437500000e+03 8.533733893632889958e+05
4.164944335937500000e+03 1.008512173771859962e+06
4.650566894531250000e+03 6.039263633489609929e+05
2.582823730468750000e+03 5.501286275386810303e+05
4.101998046875000000e+03 8.322507238388060359e+05
2.115976562500000000e+03 5.365084309577939566e+05
3.679751464843750000e+03 6.127092245817179792e+05
2.409580566406250000e+03 4.761162393093109713e+05
1.587486083984380002e+03 4.152943161129949731e+05
3.836206054687500000e+03 8.658880833387379535e+05
3.843873535156250000e+03 7.205136379003529437e+05
1.869045166015630002e+03 6.308903808593750000e+05
2.665908691406250000e+03 5.186900291442869930e+05
4.327859863281250000e+03 7.421516523361209547e+05
3.619782958984369998e+03 1.082050696849819971e+06
4.386454589843750000e+03 9.560970472097400343e+05
1.721524536132809999e+03 3.887718783020969713e+05
3.958380126953119998e+03 9.961282663345340407e+05
3.998550781250000000e+03 1.019300570726389997e+06
2.406688476562500000e+03 4.715758387446400011e+05
4.071646728515630002e+03 8.276847690343860304e+05
2.196114746093750000e+03 4.336126246452329797e+05
4.105214843750000000e+03 9.864412906169890193e+05
3.316266113281250000e+03 8.526514135599139845e+05
2.595938964843750000e+03 4.254104446768760099e+05
3.171961181640619998e+03 5.495999989509580191e+05
3.728555908203130002e+03 1.107917679071429884e+06
4.062522216796880002e+03 8.334343816041949904e+05
4.426735839843750000e+03 9.484279731512069702e+05
4.009331787109380002e+03 6.048826218843460083e+05
4.623606445312500000e+03 7.212008916139600333e+05
2.548364746093750000e+03 4.596043627262120135e+05
3.877114990234380002e+03 7.801847065687179565e+05
4.398882812500000000e+03 6.350294976234439528e+05
3.464398193359369998e+03 1.209373432397840079e+06
3.282951904296869998e+03 9.508347012996670092e+05
3.836496337890619998e+03 8.659253029823299730e+05
3.172962158203119998e+03 5.489642801284790039e+05
2.286530761718750000e+03 5.662697087526320247e+05
3.292688232421880002e+03 5.524698101282119751e+05
2.274273925781250000e+03 4.410919455289840116e+05
3.285825195312500000e+03 6.336271516084669856e+05
4.427831542968750000e+03 8.885854870080950204e+05
3.629381347656250000e+03 7.067096579074859619e+05
3.506106201171869998e+03 1.120596480607989943e+06
3.973777587890630002e+03 7.032136307954790536e+05
3.840827392578119998e+03 8.904729067087169969e+05
4.076474609375000000e+03 7.942558639049530029e+05
4.426230468750000000e+03 9.215332170724869939e+05
4.137153320312500000e+03 7.780137231349949725e+05
3.599937255859380002e+03 5.449645390510560246e+05
2.921156005859380002e+03 5.162176945209500263e+05
3.614184814453119998e+03 5.431634981632230338e+05
3.410787597656250000e+03 5.719348309040069580e+05
4.382849609375000000e+03 9.346530500650410540e+05
3.638676269531250000e+03 8.312911149263379630e+05
2.296844238281250000e+03 5.053651226162909879e+05
4.319052734375000000e+03 8.431418859958649846e+05
1.719419799804690001e+03 6.817792583703990094e+05
2.722717285156250000e+03 4.412960444092749967e+05
3.870137695312500000e+03 5.990762356519700261e+05
3.849168945312500000e+03 9.174889464378360426e+05
3.380903320312500000e+03 6.298983646631239681e+05
2.346202392578119998e+03 4.004771211743360036e+05
3.663734863281250000e+03 8.052186632156369742e+05
3.650106445312500000e+03 5.092940489053730271e+05
4.191127441406250000e+03 9.467839735746380175e+05
1.711909545898440001e+03 4.604592266678810120e+05
3.639275634765619998e+03 9.677403994798660278e+05
3.682175048828119998e+03 1.074030137777329888e+06
4.069168457031250000e+03 8.148503881692889845e+05
4.557101562500000000e+03 7.310248063802720280e+05
3.616603271484369998e+03 1.134723741531369975e+06
4.498613769531250000e+03 7.505520223379139788e+05
2.158515136718750000e+03 6.009548834562300472e+05
3.846165039062500000e+03 8.833963011503219604e+05
4.069983154296880002e+03 7.954390343427660409e+05
2.071059082031250000e+03 5.121097667217249982e+05
4.474771972656250000e+03 7.621096658706669696e+05
4.064881591796880002e+03 8.041063380241390551e+05
3.850238769531250000e+03 1.049450187683109893e+06
3.637996337890619998e+03 8.821816980838780291e+05
3.150765625000000000e+03 6.420822850465769880e+05
4.079289062500000000e+03 8.103405369520189706e+05
3.780819824218750000e+03 1.099721682071689982e+06
1.819692504882809999e+03 3.852410072684289771e+05
3.373620117187500000e+03 5.302130115032199537e+05
4.604188964843750000e+03 7.224533843994139461e+05
4.678322753906250000e+03 7.909818145036699716e+05
3.649746337890630002e+03 8.606829984188079834e+05
3.637628662109380002e+03 9.037445422410969622e+05
2.076053466796869998e+03 5.000985125899320119e+05
3.840995117187500000e+03 8.901603469848630484e+05
1.977734985351559999e+03 3.861834683418269851e+05
4.325212890625000000e+03 6.535475190877909772e+05
4.343201660156250000e+03 6.797496608495709952e+05
4.059779052734380002e+03 9.090249192714689998e+05
4.081407226562500000e+03 8.828568904399869498e+05
3.788719238281250000e+03 6.563494089841840323e+05
4.639743164062500000e+03 7.109079849720000057e+05
3.473346435546869998e+03 1.212664964675900061e+06
4.262463867187500000e+03 1.095716945886610076e+06
4.584025878906250000e+03 6.660363237857819768e+05
1.974511962890630002e+03 4.553933956027029781e+05
4.413540527343750000e+03 9.108470979928970337e+05
2.749038574218750000e+03 4.939358898997309734e+05
3.648943359375000000e+03 9.309217655658719596e+05
3.676520263671869998e+03 9.015891532897950383e+05
3.613136718750000000e+03 1.081622335910799913e+06
2.831713623046880002e+03 4.276164243221280049e+05
4.388896972656250000e+03 9.729638810157780536e+05
4.336544433593750000e+03 7.977690693140029907e+05
3.647150878906250000e+03 9.136455765962599544e+05
4.001463867187500000e+03 7.146641231775280321e+05
2.539573730468750000e+03 4.393061945438390248e+05
2.092270019531250000e+03 5.118797481060029822e+05
4.121044921875000000e+03 7.468250019550319994e+05
2.463583007812500000e+03 5.447276978492740309e+05
3.838780273437500000e+03 8.670868482589720516e+05
3.620834472656250000e+03 1.128431977033620002e+06
3.503809570312500000e+03 1.128897131204609992e+06
4.660915527343750000e+03 6.812807222604750423e+05
3.849063232421880002e+03 8.717739039659500122e+05
2.305733154296869998e+03 4.748190342187879723e+05
3.835415283203119998e+03 9.528105100393299945e+05
2.938031494140619998e+03 6.027249790430070134e+05
3.775859375000000000e+03 5.916872531175609911e+05
2.470651123046869998e+03 5.504186483621599618e+05
2.295392822265619998e+03 4.321187524199489853e+05
2.422651855468750000e+03 4.861901835799220135e+05
4.063077880859369998e+03 8.177746582031250000e+05
3.620276611328119998e+03 7.511507651805880014e+05
4.076049316406250000e+03 8.133850550651550293e+05
2.300955810546869998e+03 4.938166469335560105e+05
4.392846191406250000e+03 9.578282175064090407e+05
4.595587402343750000e+03 7.839508349895479623e+05
3.279882568359369998e+03 6.310151367187500000e+05
3.110165527343750000e+03 7.214153157472610474e+05
2.546870849609369998e+03 4.833492465615270194e+05
3.473301269531250000e+03 9.106712336540219840e+05
4.071402832031250000e+03 7.527607736587519757e+05
2.961019775390619998e+03 6.975591080188750057e+05
3.905557861328130002e+03 1.038350814819340012e+06
3.174707519531250000e+03 4.222048647999759996e+05
2.375475830078130002e+03 4.307778401374819805e+05
3.645805664062500000e+03 8.412523342370990431e+05
3.849222167968750000e+03 9.167121462821960449e+05
2.940463623046869998e+03 4.466104125380520127e+05
2.345945312500000000e+03 4.207715734839439974e+05
4.278690429687500000e+03 6.896964430809019832e+05
2.665535400390619998e+03 5.054581717252730159e+05
3.908181152343750000e+03 8.595148742198939435e+05
2.416173828125000000e+03 5.380736662149430485e+05
3.986651123046869998e+03 7.972980672121050302e+05
3.201763916015619998e+03 9.096694709062579786e+05
1.975013793945309999e+03 4.988063635230059735e+05
4.343441894531250000e+03 7.268912329673769418e+05
3.630832275390619998e+03 9.291067749261859572e+05
3.959959228515619998e+03 1.041072539329529973e+06
3.834589111328130002e+03 7.033598290681840153e+05
4.295002929687500000e+03 6.937278604507449782e+05
2.734849365234369998e+03 4.971939184069629991e+05
2.620716552734369998e+03 4.155841237306590192e+05
2.281711181640619998e+03 5.473657238483430119e+05
2.819803222656250000e+03 5.570325973033909686e+05
4.060094238281250000e+03 8.216955740451810416e+05
3.483010742187500000e+03 9.946681720018390333e+05
3.622876464843750000e+03 8.574190610647200374e+05
4.235864257812500000e+03 6.058440582752230112e+05
4.427052734375000000e+03 9.189299740791319637e+05
4.010192626953130002e+03 6.462608144283300499e+05
3.942299560546869998e+03 8.000098015069960384e+05
3.853063720703119998e+03 9.136107326745990431e+05
4.066406250000000000e+03 8.541456208229060285e+05
2.536553466796869998e+03 5.515822038650510367e+05
3.839490722656250000e+03 8.611626505851750262e+05
4.693803710937500000e+03 6.240238744020459708e+05
2.368219970703119998e+03 5.500047854185099714e+05
2.111073486328119998e+03 6.262314074039460393e+05
3.173212646484369998e+03 9.276517975330350455e+05
4.195568359375000000e+03 1.103668548107150011e+06
2.293614013671869998e+03 3.977685240507129929e+05
2.921364501953119998e+03 5.088331893086429918e+05
2.115643798828119998e+03 5.355692288875579834e+05
3.511482177734380002e+03 8.637421363592150155e+05
4.087711425781250000e+03 8.111530338525769766e+05
4.437288574218750000e+03 9.583802378177640494e+05
4.353576171875000000e+03 7.745705101490019588e+05
2.400993164062500000e+03 5.208056399822239764e+05
3.466519775390619998e+03 1.132624456167219905e+06
2.093367919921869998e+03 5.338543231487269513e+05
4.614738769531250000e+03 7.456942192316059954e+05
4.092406494140630002e+03 8.719272903203970054e+05
3.847486328125000000e+03 8.632897136211399920e+05
1.529798706054690001e+03 4.590590736269950285e+05
2.904028076171869998e+03 6.550789459943770198e+05
3.788989501953119998e+03 9.603459954261779785e+05
3.663752685546869998e+03 1.150003654003140051e+06
3.840037841796869998e+03 5.108495376110079815e+05
2.222373291015619998e+03 6.489152877330780029e+05
3.009691406250000000e+03 6.487380832433700562e+05
3.381911621093750000e+03 6.570401958227159921e+05
4.157306152343750000e+03 9.975451103448870126e+05
3.850435058593750000e+03 7.692833714485169621e+05
2.662312011718750000e+03 6.484063959121699445e+05
3.355096191406250000e+03 6.486457346677780151e+05
3.840658447265619998e+03 8.866696804761890089e+05
3.878088134765619998e+03 1.050499647617340088e+06
3.541208496093750000e+03 6.942079999446870061e+05
3.824476074218750000e+03 7.925420546531679574e+05
2.364224365234369998e+03 4.785098705291749793e+05
3.192624755859369998e+03 6.469969227314000018e+05
2.126885986328119998e+03 5.768500777482989943e+05
3.516367431640619998e+03 1.117517301321029896e+06
3.874459228515619998e+03 1.060565155029299902e+06
4.583897460937500000e+03 6.551061754226679914e+05
2.234326660156250000e+03 5.920818666219710140e+05
3.654403808593750000e+03 5.360061789751050528e+05
4.198930175781250000e+03 9.744150207042689435e+05
4.748635253906250000e+03 9.254955557584760245e+05
3.846345703125000000e+03 8.931525382995610125e+05
2.398794677734369998e+03 5.453105416297910269e+05
2.142132812500000000e+03 5.773829095363620436e+05
2.288720458984369998e+03 4.241145797371860244e+05
3.353189697265630002e+03 9.362215138673780020e+05
3.418059570312500000e+03 5.675798280239109881e+05
4.392184082031250000e+03 8.949298828840260394e+05
3.577649414062500000e+03 7.107874323129650438e+05
1.968760498046869998e+03 5.598201719522479689e+05
2.386979248046869998e+03 6.443917913436889648e+05
2.012565307617190001e+03 6.072884362936019897e+05
1.960243164062500000e+03 5.524873539209370501e+05
3.660104492187500000e+03 5.372802969217300415e+05
2.472642822265619998e+03 6.738709064722059993e+05
4.130527343750000000e+03 7.502886826992039569e+05
4.076357666015619998e+03 8.337556523084640503e+05
4.632765625000000000e+03 7.979915952682499774e+05
2.298947998046869998e+03 5.711847119331359863e+05
3.173457763671869998e+03 5.708667306900019757e+05
3.119931640625000000e+03 6.913433057069779607e+05
2.304063232421869998e+03 5.167463231086729793e+05
3.598172607421869998e+03 8.117111457586289616e+05
3.582310058593750000e+03 8.970729058980939444e+05
4.147445800781250000e+03 7.197749711275099544e+05
3.819568359375000000e+03 1.085005607604980003e+06
3.861530029296869998e+03 8.069221167564389762e+05
3.519180664062500000e+03 1.161881776332860114e+06
2.201416259765619998e+03 5.604086199998860247e+05
2.538008789062500000e+03 5.529384365081789438e+05
4.406507812500000000e+03 7.084322999715809710e+05
3.957964111328119998e+03 1.010104029297829955e+06
4.273917480468750000e+03 9.409264179468150251e+05
3.800215820312500000e+03 7.862462087869639508e+05
3.628438720703119998e+03 5.381136270761489868e+05
3.189038085937500000e+03 5.348071094751360361e+05
1.528699462890630002e+03 4.512101756930350093e+05
3.736999023437500000e+03 6.699505997896189801e+05
3.786614990234369998e+03 7.394416236877440242e+05
3.964531250000000000e+03 1.053395104408259969e+06
3.655456054687500000e+03 1.072013819932939950e+06
3.628087646484380002e+03 8.705090452432630118e+05
1.740558959960940001e+03 3.929667331576350261e+05
2.677383544921869998e+03 4.739169299602509709e+05
2.561129882812500000e+03 4.672009772658349830e+05
4.164398925781250000e+03 9.604546694755549543e+05
4.395410156250000000e+03 9.571430349349980243e+05
4.161453125000000000e+03 9.672873675823210506e+05
3.779418701171869998e+03 7.282952237129210262e+05
2.124227783203119998e+03 4.216687130928040133e+05
1.349826416015630002e+03 1.094514221429829951e+06
3.761504150390619998e+03 9.358136206865309505e+05
4.756869140625000000e+03 9.681953806877139723e+05
3.580409423828119998e+03 5.466567840576169547e+05
3.957812500000000000e+03 9.251214100122449454e+05
3.827427734375000000e+03 1.074300604581830092e+06
3.361611572265619998e+03 5.974788976907730103e+05
3.049430419921880002e+03 6.387685184478759766e+05
4.316906738281250000e+03 7.307506237030030461e+05
3.273131347656250000e+03 8.955679774284360465e+05
3.641675781250000000e+03 8.799383465051649837e+05
2.259176269531250000e+03 5.658814914226529654e+05
2.677972656250000000e+03 4.464976571202279883e+05
3.497776855468750000e+03 7.576276532411579974e+05
2.666641601562500000e+03 4.883189827203750028e+05
2.434190673828119998e+03 5.193012597560880240e+05
3.634942382812500000e+03 9.364824168682099553e+05
3.457036132812500000e+03 6.899589908123019850e+05
1.858050292968750000e+03 6.094599070549010066e+05
3.519593017578130002e+03 1.184599525928500108e+06
2.622338623046869998e+03 4.675137806534770061e+05
2.330858642578119998e+03 4.897265979647639906e+05
4.338577636718750000e+03 8.323696317672729492e+05
4.157302246093750000e+03 9.986642581224440364e+05
3.809101806640619998e+03 1.051362948417660082e+06
3.497818115234369998e+03 9.894720417261120165e+05
3.313429443359380002e+03 5.492130608558650129e+05
3.490865966796869998e+03 5.745439218282699585e+05
2.173535644531250000e+03 5.636943652629849967e+05
3.619134277343750000e+03 1.125276774644850055e+06
4.609256835937500000e+03 6.894959077835079515e+05
2.293795166015619998e+03 3.948130041360859759e+05
1.359106811523440001e+03 4.413840679526330205e+05
2.840128906250000000e+03 6.604845052957530133e+05
2.294058837890619998e+03 4.923115052580829943e+05
2.276373535156250000e+03 6.091157928705220111e+05
2.393772705078119998e+03 5.161778554916380090e+05
3.645714355468750000e+03 1.023619267702099984e+06
2.640508789062500000e+03 4.756887311935430043e+05
4.211923339843750000e+03 9.907230116128920345e+05
3.284805908203130002e+03 7.464317286014560377e+05
3.618879638671880002e+03 8.998871617317199707e+05
3.579610351562500000e+03 8.265524634122849675e+05
3.850552734375000000e+03 7.625567889213559683e+05
2.494632080078130002e+03 6.592723388671870343e+05
3.259234619140630002e+03 6.534167934656139696e+05
3.174718017578119998e+03 5.846446386575700017e+05
1.826543457031250000e+03 3.898544460535050021e+05
4.069992431640619998e+03 7.735904334783549421e+05
4.409982421875000000e+03 6.607347480058670044e+05
3.196206298828119998e+03 5.745383784770970233e+05
4.609639160156250000e+03 6.681351218223569449e+05
3.641947265625000000e+03 9.285223473310470581e+05
1.717659912109380002e+03 4.309396633505820064e+05
4.622059082031250000e+03 1.086470879793169908e+06
2.057552978515619998e+03 5.055840545296670171e+05
3.643734863281250000e+03 9.195750130414960440e+05
2.957104980468750000e+03 4.619919632673260057e+05
3.666186523437500000e+03 6.142178080081939697e+05
3.970480468750000000e+03 7.572404714822770329e+05
2.332079833984380002e+03 4.025718683004379855e+05
4.060172119140630002e+03 8.925826086997990496e+05
3.589999023437500000e+03 1.003047891497610020e+06
3.387059326171869998e+03 9.819110325574879535e+05
4.635213867187500000e+03 7.719180470705030020e+05
2.532366210937500000e+03 4.959696906208990258e+05
4.172346191406250000e+03 8.948495347499849740e+05
3.398024169921880002e+03 9.865417410135270329e+05
3.878276855468750000e+03 8.949843417406079825e+05
4.454964843750000000e+03 5.953881405591960065e+05
3.840890380859369998e+03 9.205790905952450121e+05
1.713907226562500000e+03 3.950859075784679735e+05
1.240906005859380002e+03 3.792720972895619925e+05
4.410826171875000000e+03 8.805779639482500497e+05
4.067937744140630002e+03 8.467597450017930241e+05
4.253505371093750000e+03 6.845511167049410287e+05
2.278030517578119998e+03 6.397018725872039795e+05
3.319707519531250000e+03 1.195856549263000023e+06
3.841549072265630002e+03 8.908995620012279833e+05
4.654289550781250000e+03 7.491785504817960318e+05
3.588514892578130002e+03 5.322669754028320312e+05
3.633791259765619998e+03 9.202190773487089900e+05
4.232160644531250000e+03 9.244148459434510441e+05
3.785584716796869998e+03 1.084450297832489945e+06
3.329508789062500000e+03 8.881835026741030160e+05
3.259965087890619998e+03 6.475126371383670485e+05
3.311205322265619998e+03 6.101849286556240404e+05
3.658820312500000000e+03 6.784456331729890080e+05
4.091443359375000000e+03 8.378852661848070566e+05
4.559436035156250000e+03 7.342579811811449472e+05
3.260343750000000000e+03 6.241376653909679735e+05
4.330818847656250000e+03 7.856120737791060237e+05
3.356437011718750000e+03 6.421848675012589665e+05
3.791452636718750000e+03 5.483352620601650560e+05
4.071343750000000000e+03 7.932762136459349422e+05
4.608052734375000000e+03 7.713023695945739746e+05
3.603280029296869998e+03 8.499288971424100455e+05
4.680841796875000000e+03 8.667569274902340258e+05
2.551361328125000000e+03 5.133965551853179932e+05
3.961901855468750000e+03 1.055332231521609938e+06
3.577778076171869998e+03 7.381220624446870061e+05
3.649325195312500000e+03 7.983676294088360155e+05
3.438796875000000000e+03 1.126064539670940023e+06
4.409118652343750000e+03 5.978983039855960524e+05
2.408079589843750000e+03 5.059365141987800016e+05
2.675537353515619998e+03 4.610102418661119882e+05
4.615140136718750000e+03 7.574932726621630136e+05
2.587693359375000000e+03 4.095784814357759897e+05
3.854551513671869998e+03 9.731472380161290057e+05
1.955753295898440001e+03 7.312977707386020338e+05
3.463480712890619998e+03 9.510481507778170053e+05
3.428651611328119998e+03 6.770323222875599749e+05
3.019121826171869998e+03 1.327802317857739981e+06
1.854291870117190001e+03 6.464119468927379930e+05
2.836676025390619998e+03 6.046722182035449659e+05
4.644653808593750000e+03 8.594179569482799852e+05
4.131104492187500000e+03 6.834936158657070482e+05
3.454943359375000000e+03 7.898342189788819524e+05
2.843877929687500000e+03 6.157195079326629639e+05
2.249604736328119998e+03 5.683983556032179622e+05
4.621830078125000000e+03 9.123818143606190570e+05
2.264652832031250000e+03 3.980821193456649780e+05
4.072291992187500000e+03 7.967698041200640146e+05
2.090968261718750000e+03 4.583921049237250118e+05
3.770900878906250000e+03 1.119223435163500020e+06
3.861108886718750000e+03 8.583798273801800096e+05
3.872893554687500000e+03 6.178723993301390437e+05
2.058454101562500000e+03 4.872759189605709980e+05
3.700100341796880002e+03 8.543131396770479623e+05
4.214481445312500000e+03 6.279020881652829703e+05
3.876064453125000000e+03 9.469427814483640250e+05
3.964311035156250000e+03 1.070270283699040068e+06
4.612573242187500000e+03 7.771647984981540358e+05
3.364762451171869998e+03 1.043470312833789969e+06
1.525585083007809999e+03 4.285112491250039893e+05
4.077370605468750000e+03 8.062756158113479614e+05
3.103542968750000000e+03 5.954016029834749643e+05
3.437548095703119998e+03 8.822801382541659987e+05
4.317051757812500000e+03 7.671161038875579834e+05
4.603583496093750000e+03 7.053516587018970167e+05
2.079760742187500000e+03 4.887603187561039813e+05
4.410293457031250000e+03 6.028305463790890062e+05
3.862194580078130002e+03 9.201474401950839674e+05
3.810551269531250000e+03 1.072320958137510112e+06
4.124180175781250000e+03 8.301978564262390137e+05
3.583779296875000000e+03 5.608361890316009521e+05
3.115311035156250000e+03 6.066558851003650343e+05
2.360980712890619998e+03 4.657534925341610215e+05
4.070615966796869998e+03 8.273469901084899902e+05
4.178955566406250000e+03 9.674503786563869799e+05
1.739891113281250000e+03 4.125958919525149977e+05
4.063413330078130002e+03 7.857424948215490440e+05
4.109930664062500000e+03 6.966286169290540274e+05
3.809780761718750000e+03 1.111418640375139890e+06
3.637908447265619998e+03 8.846020714044569759e+05
4.166174804687500000e+03 9.155260518789290218e+05
3.835057373046869998e+03 8.683103450536730234e+05
3.851869873046869998e+03 6.196152654886250384e+05
2.069513427734380002e+03 4.180802155733110267e+05
3.638639892578130002e+03 6.094940199851989746e+05
3.482226562500000000e+03 5.650598571300510084e+05
4.487623046875000000e+03 9.708627681732180063e+05
2.297502197265619998e+03 3.957914969921109732e+05
3.476661132812500000e+03 8.667093521356580313e+05
2.450694091796869998e+03 5.494409474134449847e+05
4.401375000000000000e+03 9.697841295003889827e+05
3.453750488281250000e+03 9.072863781452180119e+05
4.810354003906250000e+03 8.421455447673799936e+05
4.436872070312500000e+03 9.906405314207080519e+05
3.907462158203119998e+03 5.925455588102339534e+05
4.618976074218750000e+03 6.617345614433289738e+05
3.646397949218750000e+03 8.736135046482089674e+05
3.642842041015619998e+03 5.301213939189909725e+05
4.237798828125000000e+03 5.323025503158570500e+05
4.538134765625000000e+03 7.672622412443159847e+05
3.283304687500000000e+03 9.404735078811650164e+05
3.964683837890619998e+03 1.105655260801319964e+06
2.280785644531250000e+03 4.015586228966710041e+05
3.592594970703119998e+03 8.244315528869630070e+05
3.630042968750000000e+03 8.700032601356509840e+05
3.779713134765619998e+03 7.974630275964740431e+05
3.929612060546880002e+03 9.347974208593369694e+05
4.696863281250000000e+03 5.700103133916859515e+05
3.264901367187500000e+03 5.582305703163150465e+05
3.378414550781250000e+03 8.296005755662920419e+05
4.345953613281250000e+03 9.745851589441299438e+05
4.048430664062500000e+03 6.261004381179809570e+05
3.845523193359380002e+03 8.056597555875780527e+05
2.402781738281250000e+03 5.524237576723099919e+05
4.588512207031250000e+03 6.838455882072449895e+05
2.207431884765619998e+03 5.274744741916659987e+05
4.016538085937500000e+03 6.427637517452239990e+05
3.389758789062500000e+03 6.871843912601469783e+05
2.118302978515619998e+03 6.112473027706149733e+05
4.103062988281250000e+03 6.293658374547959538e+05
2.303796875000000000e+03 5.435498270988459699e+05
4.681605957031250000e+03 7.698561031818389893e+05
3.323089843750000000e+03 7.795829788446429884e+05
4.210371093750000000e+03 9.860843231678010197e+05
4.084773193359380002e+03 5.444043560028079664e+05
1.720402709960940001e+03 3.876338770389559795e+05
2.598562988281250000e+03 4.236241149902340258e+05
4.702534179687500000e+03 6.666194721460340079e+05
3.891614746093750000e+03 5.222387485504149809e+05
2.224652832031250000e+03 4.811533789634709829e+05
4.016395019531250000e+03 5.968751597404479980e+05
3.178211425781250000e+03 6.614667140245439950e+05
3.713367919921869998e+03 7.120372447967530461e+05
3.976861328125000000e+03 1.028807235240940005e+06
3.610724121093750000e+03 8.422632952928539598e+05
4.500395019531250000e+03 7.091759009361269418e+05
1.974510864257809999e+03 5.304435783624650212e+05
3.396220214843750000e+03 8.873404868841170100e+05
4.214514648437500000e+03 9.319206043481830275e+05
4.334619140625000000e+03 8.804365171194080031e+05
4.451648437500000000e+03 1.054095028638839955e+06
3.515607421875000000e+03 1.135481779575349996e+06
4.375821289062500000e+03 9.820454740524289664e+05
4.157137207031250000e+03 9.647095874547959538e+05
3.158200927734369998e+03 6.180616042613979662e+05
3.663903320312500000e+03 8.051962461471559945e+05
3.983009033203130002e+03 9.706152666807170026e+05
4.260154785156250000e+03 9.009952837228779681e+05
1.847839233398440001e+03 6.255630376338959904e+05
3.785009277343750000e+03 9.864495751857759897e+05
4.014627197265630002e+03 6.519531660079959547e+05
4.358462890625000000e+03 6.957161569595340407e+05
3.157960449218750000e+03 6.881756764650349505e+05
2.617530029296869998e+03 5.304425427913670428e+05
2.663980224609369998e+03 4.746392712593079777e+05
4.008081298828130002e+03 1.109363336324689910e+06
3.796407470703119998e+03 8.414411127567290096e+05
3.619346923828119998e+03 1.091486211538309930e+06
2.424367919921869998e+03 4.475124863386150100e+05
3.258732910156250000e+03 5.420041458606719971e+05
4.348188964843750000e+03 7.640109134912489681e+05
1.975011352539059999e+03 5.834969822168350220e+05
4.014343505859380002e+03 9.975974980592729989e+05
4.729832031250000000e+03 6.295660681724549504e+05
3.546076171875000000e+03 6.891541693210599478e+05
4.441195800781250000e+03 6.507092014551160391e+05
2.389723388671880002e+03 5.795180134773249738e+05
3.675349121093750000e+03 8.060331094264989952e+05
4.714798339843750000e+03 5.649691532850270160e+05
3.986089355468750000e+03 1.057634245157239959e+06
2.666087646484369998e+03 4.470838817358019878e+05
2.535780517578130002e+03 5.655607080459590070e+05
4.332192382812500000e+03 7.774361181259159930e+05
4.075775878906250000e+03 1.040377122879029950e+06
2.174858398437500000e+03 6.549995725154880201e+05
4.191228515625000000e+03 9.880552586317060050e+05
2.940338134765619998e+03 4.606123084425930283e+05
2.832811279296869998e+03 6.894197019338610116e+05
2.973564453125000000e+03 6.782514940500260564e+05
3.096447998046869998e+03 6.850135905742649920e+05
3.162357177734369998e+03 6.164042640924450243e+05
1.961036621093750000e+03 4.263508346080780029e+05
3.028433349609369998e+03 1.382796625614169985e+06
3.638475830078119998e+03 6.408569607734680176e+05
2.711903076171869998e+03 4.974883251786230248e+05
3.621760986328119998e+03 6.087212402820589487e+05
4.114986816406250000e+03 9.774620972871780396e+05
3.414167968750000000e+03 4.644499521851540194e+05
4.613567382812500000e+03 6.938234375715260394e+05
3.622678710937500000e+03 8.947448811531070387e+05
3.013220947265619998e+03 6.008578443527220516e+05
1.958746459960940001e+03 4.121186459660530090e+05
3.427557861328119998e+03 6.181775882244110107e+05
3.846948730468750000e+03 8.769660747051240178e+05
3.481391357421869998e+03 9.620970852375030518e+05
2.547366699218750000e+03 5.972273757457729662e+05
4.066933837890630002e+03 7.335513561964039691e+05
3.833782226562500000e+03 9.102536548376079882e+05
2.429788085937500000e+03 6.257338459491729736e+05
2.669315429687500000e+03 4.982680797576900222e+05
3.381886474609369998e+03 5.490995135307309683e+05
3.073068359375000000e+03 1.115476495265959995e+06
2.294946533203130002e+03 4.136605504155160161e+05
3.583916503906250000e+03 1.271063986539840000e+06
4.325737304687500000e+03 8.181854144334789598e+05
4.492644042968750000e+03 8.114866704940800555e+05
3.781641845703119998e+03 1.038224109649659949e+06
1.720275268554690001e+03 7.001399339437480085e+05
3.254668701171869998e+03 9.289237834215159528e+05
4.159001953125000000e+03 9.733396714925769484e+05
3.462235595703119998e+03 7.684226291179660475e+05
2.191879150390619998e+03 5.581759287118910579e+05
2.590199218750000000e+03 4.329760834574699984e+05
3.383626708984369998e+03 9.412234441041949904e+05
4.338522949218750000e+03 9.254025371074680006e+05
3.862223388671869998e+03 7.306043645143510075e+05
4.087053955078130002e+03 8.051401425600049552e+05
2.676531005859369998e+03 5.022971518635749817e+05
3.349362304687500000e+03 5.297049115896229632e+05
4.449562988281250000e+03 9.366556009054180468e+05
2.529559814453119998e+03 4.170617313981060288e+05
2.303607666015619998e+03 4.340327923893930274e+05
2.792767333984369998e+03 5.007222005128859892e+05
4.087430175781250000e+03 8.010300827026369516e+05
3.560522949218750000e+03 5.608346661329270573e+05
3.422743652343750000e+03 8.558329316377639771e+05
4.599693359375000000e+03 6.999080269336700439e+05
3.838156005859369998e+03 8.428427277803419856e+05
3.356012207031250000e+03 6.042529337406159611e+05
4.067774169921880002e+03 6.712260578870769823e+05
3.352593505859369998e+03 5.833330574035650352e+05
2.903615234375000000e+03 1.387345097541810013e+06
3.655824951171869998e+03 5.842968086004259530e+05
2.399691162109369998e+03 4.569182131290439866e+05
3.833236816406250000e+03 9.029717625379560050e+05
1.975012695312500000e+03 4.615569015741350013e+05
4.638140136718750000e+03 5.385589835643769475e+05
2.704131835937500000e+03 4.311260052323340205e+05
4.077631835937500000e+03 6.778376311063769972e+05
1.714031005859380002e+03 3.807176022529599722e+05
4.332922363281250000e+03 6.235445877313610399e+05
2.299492187500000000e+03 4.291290891170499963e+05
2.281706542968750000e+03 5.678246492147450335e+05
1.714785888671880002e+03 3.964780501723290072e+05
4.052907958984380002e+03 4.957393674254419748e+05
4.173941894531250000e+03 7.314004141092300415e+05
2.903892089843750000e+03 7.131198430061340332e+05
3.348588134765619998e+03 1.207954456329349894e+06
4.229763183593750000e+03 9.005005244016649667e+05
2.173991455078119998e+03 5.470944651365280151e+05
2.777747802734380002e+03 5.279188560247420100e+05
4.432088867187500000e+03 8.281007640361790545e+05
3.343031005859369998e+03 6.104753149747849675e+05
4.769461425781250000e+03 5.494042760133739794e+05
3.539721923828119998e+03 7.399100673198699951e+05
3.833551025390619998e+03 8.587060931921009906e+05
3.391861816406250000e+03 9.047973525524140568e+05
2.282208496093750000e+03 5.996660847663880559e+05
3.836178710937500000e+03 8.579883815050129779e+05
2.387604736328130002e+03 6.466500673294069711e+05
3.476364013671869998e+03 9.135049825906750048e+05
4.049961181640630002e+03 6.821150879859930137e+05
3.588235107421869998e+03 5.267908145189289935e+05
4.201402343750000000e+03 9.972820143699649489e+05
3.821799804687500000e+03 8.042105042934420053e+05
3.175384277343750000e+03 5.281541134119030321e+05
4.209221679687500000e+03 1.044392458438870031e+06
4.103707031250000000e+03 7.143052064180369489e+05
3.673427490234369998e+03 8.841408767700189492e+05
4.620252929687500000e+03 7.281166790723799495e+05
2.189610595703119998e+03 5.784436998367309570e+05
2.331752197265619998e+03 4.513546074032780016e+05
3.752136230468750000e+03 8.014150105714800302e+05
4.332673339843750000e+03 6.852284411191940308e+05
2.469486572265619998e+03 5.388180590867999708e+05
2.193709472656250000e+03 5.582261843681340106e+05
1.716279785156250000e+03 4.265642536282539950e+05
3.747223388671869998e+03 1.066476925849909894e+06
2.097371337890630002e+03 4.478675653934479924e+05
3.588349365234380002e+03 6.812769454717639601e+05
3.469962890625000000e+03 1.114542531967160059e+06
4.511294921875000000e+03 5.899337266683579655e+05
3.566342285156250000e+03 5.376946471929550171e+05
3.844980468750000000e+03 7.948474795818330022e+05
2.259844482421869998e+03 4.551323403120039729e+05
4.363609375000000000e+03 8.992077052593230037e+05
3.097338867187500000e+03 6.658092900514600333e+05
2.346785400390630002e+03 3.946772834062579786e+05
2.261374267578119998e+03 4.611777302622799762e+05
3.826373779296869998e+03 8.692667863368990365e+05
3.832168945312500000e+03 9.567598127126690233e+05
4.348001953125000000e+03 7.416975848674769513e+05
4.068063720703130002e+03 8.007564482688900316e+05
4.128996093750000000e+03 8.373963547945020255e+05
1.955895996093750000e+03 6.303094254732129630e+05
3.820348144531250000e+03 8.116055784225460375e+05
2.288502929687500000e+03 3.960228862166400068e+05
3.259209228515619998e+03 6.220337504148479784e+05
4.338126953125000000e+03 8.079853436946870061e+05
3.120387451171869998e+03 5.411755062341690063e+05
3.649006591796869998e+03 8.015276441574100172e+05
3.343874023437500000e+03 1.277811767816540087e+06
4.316882812500000000e+03 7.215154006481169490e+05
3.646037841796869998e+03 1.190945261955260066e+06
3.992553955078119998e+03 6.355096371173859807e+05
4.075047119140630002e+03 9.614391930103299674e+05
4.164647460937500000e+03 9.304665406942369882e+05
3.888752685546869998e+03 8.191936951875690138e+05
3.928017089843750000e+03 7.424644557237629779e+05
4.258702148437500000e+03 8.894846673011779785e+05
3.933680908203119998e+03 7.767709769010540331e+05
3.053326416015619998e+03 5.561177616119380109e+05
4.088350341796880002e+03 9.559353762865070021e+05
3.845579589843750000e+03 9.377155383825299796e+05
4.312868652343750000e+03 8.334516817331309430e+05
3.260995849609380002e+03 6.322350394725799561e+05
2.207352050781250000e+03 5.280425763130190317e+05
4.168416992187500000e+03 9.336375203132630559e+05
3.464429931640619998e+03 1.110599442720409948e+06
2.847143798828119998e+03 6.551954172849659808e+05
3.420170898437500000e+03 6.298959889411929762e+05
3.653647705078119998e+03 5.325238579511640128e+05
3.292558593750000000e+03 5.631725592613220215e+05
4.333241699218750000e+03 7.762705523967739427e+05
3.674494628906250000e+03 8.484032572507859441e+05
3.600632812500000000e+03 7.210543278455729596e+05
4.032638183593750000e+03 1.003817016243929975e+06
3.591270996093750000e+03 5.897882593870159471e+05
3.942003906250000000e+03 8.779050940275189932e+05
3.443097167968750000e+03 5.430267418622970581e+05
3.801428222656250000e+03 7.449978890419009840e+05
2.712377685546869998e+03 5.163895384073259775e+05
3.819441650390630002e+03 1.004547398447989952e+06
4.005493652343750000e+03 9.192253555059429491e+05
3.854546875000000000e+03 9.737878301143649733e+05
3.622404052734369998e+03 1.168827047109599924e+06
4.163350097656250000e+03 9.374487265348440269e+05
4.489226074218750000e+03 5.352547198534009513e+05
4.233810058593750000e+03 7.591844211816790048e+05
3.638652587890619998e+03 6.202601826190949650e+05
1.871026611328130002e+03 4.527000274658200215e+05
4.629549804687500000e+03 8.603474124670029851e+05
3.889274169921869998e+03 1.017257815361020039e+06
4.123680175781250000e+03 1.043232131481169956e+06
2.590441894531250000e+03 4.753019149303439772e+05
3.545847900390619998e+03 6.686346325874329777e+05
3.385079345703119998e+03 5.527857811450960580e+05
3.535865722656250000e+03 5.859233253002170241e+05
2.404191162109369998e+03 5.382310730218889657e+05
3.849847900390630002e+03 8.157149072885509813e+05
3.891022949218750000e+03 8.749168622493740404e+05
4.212323730468750000e+03 8.852179316282270011e+05
2.683303710937500000e+03 4.469317746162419789e+05
4.332738281250000000e+03 8.633710973262790358e+05
3.922430664062500000e+03 7.011915259361269418e+05
4.303433593750000000e+03 8.603769567012790358e+05
4.419571289062500000e+03 7.175617120265959529e+05
3.390869873046880002e+03 6.141288707256319467e+05
3.372471679687500000e+03 5.538921365737919696e+05
4.349922363281250000e+03 9.676884381771089975e+05
4.338873535156250000e+03 7.610589876174930250e+05
3.823068847656250000e+03 1.094863026142119896e+06
4.151015136718750000e+03 7.526182912588119507e+05
3.396633300781250000e+03 8.977217825651169987e+05
3.443533203125000000e+03 7.439461752176280133e+05
4.384254882812500000e+03 9.215182926654820330e+05
3.060388671875000000e+03 6.917544883489609929e+05
4.397303710937500000e+03 7.312962478399280226e+05
3.992410156250000000e+03 6.754992506504060002e+05
3.361596923828130002e+03 7.530329461097719613e+05
4.070878906250000000e+03 7.914048148393629817e+05
3.576897949218750000e+03 5.053116079568860005e+05
2.173440673828119998e+03 4.725564332008360070e+05
3.717520996093750000e+03 1.178554592847819906e+06
3.835661376953130002e+03 8.761753247976299608e+05
2.180348144531250000e+03 5.236865378618239774e+05
3.747144775390619998e+03 5.804872471094130306e+05
2.092169433593750000e+03 4.891128697991369991e+05
3.348981933593750000e+03 8.048196637630460318e+05
2.079763427734369998e+03 4.795437664389610291e+05
4.387731445312500000e+03 9.097699213027959922e+05
3.847074462890619998e+03 8.271167278289799578e+05
1.440524169921880002e+03 3.905258007049559965e+05
1.975011108398440001e+03 4.107265642881389940e+05
3.080779052734369998e+03 6.214655264616010245e+05
2.693152343750000000e+03 4.985525572299960186e+05
2.407288330078130002e+03 4.811792682409289991e+05
2.494989257812500000e+03 4.703107363581659738e+05
3.229553222656250000e+03 1.015394274711610051e+06
4.075401367187500000e+03 8.249618871212010272e+05
3.004757568359369998e+03 6.417291553020479623e+05
4.149305175781250000e+03 7.161902503967289813e+05
3.677548339843750000e+03 6.275638828277590219e+05
3.270237304687500000e+03 5.875182875394820003e+05
3.409760986328119998e+03 5.836554855108259944e+05
2.247117431640619998e+03 5.113528860807419987e+05
3.009661132812500000e+03 6.270649203062059823e+05
3.563520263671869998e+03 5.358624782562260516e+05
3.987981445312500000e+03 1.019085415601729997e+06
3.473773437500000000e+03 1.279195290803910000e+06
3.403061035156250000e+03 1.008730435609819950e+06
3.093633544921869998e+03 6.227568227052689763e+05
4.050647216796880002e+03 6.653267748355870135e+05
3.304641845703119998e+03 5.787177606821060181e+05
4.617179687500000000e+03 6.898362451791759813e+05
4.074439208984369998e+03 7.816431561708450317e+05
3.612435302734369998e+03 1.110354195117949974e+06
2.202235839843750000e+03 5.514820580482480582e+05
3.834284179687500000e+03 8.749715647697449895e+05
3.401093994140619998e+03 9.754016762971880380e+05
3.649815429687500000e+03 9.072337467670439510e+05
3.420032714843750000e+03 5.686298971176149789e+05
3.684878906250000000e+03 5.786397273540500319e+05
3.785775390625000000e+03 1.059801390886310022e+06
3.379181640625000000e+03 9.184949733018879779e+05
2.690202880859369998e+03 4.389126470685009845e+05
2.196618408203119998e+03 4.653312536478040274e+05
3.852228271484380002e+03 8.667507749795910204e+05
4.132867675781250000e+03 6.509058990478520282e+05
4.317909667968750000e+03 9.285700445175169734e+05
4.783257812500000000e+03 6.496393955945969792e+05
1.974509887695309999e+03 3.951282441616060096e+05
3.963474365234369998e+03 1.014717011213300051e+06
2.690180664062500000e+03 4.743686826229100116e+05
3.193941894531250000e+03 8.341266913414000301e+05
4.112644531250000000e+03 6.135337828397749690e+05
4.553033203125000000e+03 6.985581904649729840e+05
3.172959960937500000e+03 5.455974557399749756e+05
4.097462402343750000e+03 6.694320832490919856e+05
4.050912353515630002e+03 7.276249655485149706e+05
4.324184082031250000e+03 8.516607984304430429e+05
4.322937988281250000e+03 7.402016719579700148e+05
3.412316894531250000e+03 7.319890449047089787e+05
3.386341796875000000e+03 6.763585919141770573e+05
3.819534423828119998e+03 9.386791068315509474e+05
2.334859619140619998e+03 4.692809522747989977e+05
3.788171386718750000e+03 7.435217128992079524e+05
4.620179199218750000e+03 6.673838454484939575e+05
3.969520019531250000e+03 1.067942441701889969e+06
3.647561767578119998e+03 7.786816664934159489e+05
1.588734741210940001e+03 4.114185389876369736e+05
3.336763671875000000e+03 5.538680138587950496e+05
2.132802001953119998e+03 6.374984818696980365e+05
4.262293457031250000e+03 9.265012780427930411e+05
1.525804687500000000e+03 4.410801582932469901e+05
2.231717041015619998e+03 5.281922467947009718e+05
4.519884765625000000e+03 7.068457441329959547e+05
4.062826904296880002e+03 8.403066141605379526e+05
2.013561279296880002e+03 6.476537184715269832e+05
3.684312744140619998e+03 1.170192904472349910e+06
3.838505371093750000e+03 8.276201372146609938e+05
3.973302978515619998e+03 7.921001703739169752e+05
3.629771972656250000e+03 4.847526586055760272e+05
4.644338867187500000e+03 8.048807624578479445e+05
3.842039794921880002e+03 8.793763359785079956e+05
4.253382324218750000e+03 6.397925764322279720e+05
4.621333496093750000e+03 7.096925290822980460e+05
3.642480224609369998e+03 9.368070988655090332e+05
3.864981933593750000e+03 8.473590360879900400e+05
2.653101562500000000e+03 5.443823653459550114e+05
4.568812988281250000e+03 7.652884427309039747e+05
2.677650390625000000e+03 5.484566066265109694e+05
3.858476806640619998e+03 9.702793152332310565e+05
4.078458984375000000e+03 7.583231306076049805e+05
4.375157226562500000e+03 7.825529358386989916e+05
4.121921875000000000e+03 9.592284314632420428e+05
3.431233154296869998e+03 7.149855766296390211e+05
3.103478759765619998e+03 6.486592580080030020e+05
2.538967529296880002e+03 5.498381803035739576e+05
2.290367187500000000e+03 5.725866315364839975e+05
4.073620605468750000e+03 6.785168439149860060e+05
2.319527343750000000e+03 4.978794360160829965e+05
4.316444824218750000e+03 7.793728797435760498e+05
3.841734375000000000e+03 9.264279961585999699e+05
2.301723632812500000e+03 4.854381762146949768e+05
4.375066406250000000e+03 8.501085382699969923e+05
2.287720458984380002e+03 5.520443731546399649e+05
3.133853515625000000e+03 5.585580544471739559e+05
2.590566162109380002e+03 4.173191012740139849e+05
3.954435546875000000e+03 9.723457669019700261e+05
4.706731933593750000e+03 9.125000522136690561e+05
4.324733398437500000e+03 7.827153986692429753e+05
4.323553222656250000e+03 7.860683342218400212e+05
3.631732421875000000e+03 1.084237701177600073e+06
4.096120117187500000e+03 6.177313789129259530e+05
4.021891357421880002e+03 6.510748798847199650e+05
2.669991943359369998e+03 5.121796373128889827e+05
2.552169677734369998e+03 5.575305851697919425e+05
4.289736816406250000e+03 6.823675236701969989e+05
3.392597167968750000e+03 8.503357547521590022e+05
2.323631347656250000e+03 4.695559877753260080e+05
3.771085693359369998e+03 8.648766958713530330e+05
3.783233154296869998e+03 1.121042994499210035e+06
2.318181152343750000e+03 4.205698807835580083e+05
3.637400634765619998e+03 9.174854133129119873e+05
4.331792968750000000e+03 7.625578244924549945e+05
3.364280029296869998e+03 7.806355454921720084e+05
3.892321289062500000e+03 7.143920116424560547e+05
3.439257324218750000e+03 6.317499048709870549e+05
4.369192871093750000e+03 6.011793587207789533e+05
2.090464843750000000e+03 5.099811503291130066e+05
3.755537109375000000e+03 6.373358972072600154e+05
3.778253906250000000e+03 9.442501138448719867e+05
2.199955566406250000e+03 5.083453439474109909e+05
3.709217285156250000e+03 8.079038381576540414e+05
2.969156250000000000e+03 5.945191136598590529e+05
1.715781738281250000e+03 4.077027575969700119e+05
3.364771484375000000e+03 6.425057727098469622e+05
4.466702148437500000e+03 5.877110865116120549e+05
4.374851074218750000e+03 9.109588787555689923e+05
3.910325439453119998e+03 8.141706880331039429e+05
2.831891845703119998e+03 5.545729331970210187e+05
4.302395507812500000e+03 8.331845043897629948e+05
2.462544433593750000e+03 4.537200649976729765e+05
4.030230712890630002e+03 1.035212912559509976e+06
3.927087646484380002e+03 7.574745714664460393e+05
2.318850830078130002e+03 4.344537824988369830e+05
3.829446533203130002e+03 5.598943066596989520e+05
4.467240234375000000e+03 8.711564599275590153e+05
3.838111328125000000e+03 8.427846139669419499e+05
1.587613281250000000e+03 3.639342232942580013e+05
3.131476074218750000e+03 1.058256075143809896e+06
3.561904785156250000e+03 5.387669506073000375e+05
3.772100341796869998e+03 8.501805409193040105e+05
4.069710693359380002e+03 8.076373308897019597e+05
2.668081054687500000e+03 4.311881090402600239e+05
2.095575927734369998e+03 4.471756820678709773e+05
2.116307373046869998e+03 5.767589474916460458e+05
2.538765625000000000e+03 6.150334116220469587e+05
3.706385742187500000e+03 1.128474374532700051e+06
3.518886962890630002e+03 9.819182206392290536e+05
3.931307861328130002e+03 1.063706103086469928e+06
3.083791748046869998e+03 1.311224408388139913e+06
3.353107177734369998e+03 5.641817537546160165e+05
2.287944580078119998e+03 4.611440132856370183e+05
3.960910156250000000e+03 8.426929354667660082e+05
3.394562255859369998e+03 5.660469391345980112e+05
2.396823730468750000e+03 5.375815262794500450e+05
4.058883300781250000e+03 8.963382595777510433e+05
3.834890136718750000e+03 8.212412019968030509e+05
3.920748535156250000e+03 4.811828318238260108e+05
4.344558105468750000e+03 8.260609935522079468e+05
2.695631591796880002e+03 4.934478617906569852e+05
4.396322753906250000e+03 5.800752725601199782e+05
2.110804443359369998e+03 5.590927137136460515e+05
3.708913085937500000e+03 5.263773170709609985e+05
3.283312255859369998e+03 6.263552495241169818e+05
3.471970458984380002e+03 1.192505441188809928e+06
3.172019531250000000e+03 8.701993485689159716e+05
4.063631103515630002e+03 9.931300443410869921e+05
3.664466796875000000e+03 5.379755915403369581e+05
3.972941650390619998e+03 1.007607145547869965e+06
4.320167480468750000e+03 7.616778327226639958e+05
1.718775878906250000e+03 6.518187854290009709e+05
3.354144531250000000e+03 5.994185223579410231e+05
2.819621337890619998e+03 4.803704262971879798e+05
3.963683593750000000e+03 7.131531031131739728e+05
4.325303710937500000e+03 8.598576482534409733e+05
4.089700195312500000e+03 8.746111860275269719e+05
3.777036376953119998e+03 1.048479918479920016e+06
3.394814208984369998e+03 1.224938796997070080e+06
4.342937988281250000e+03 8.145149240493769757e+05
3.347932617187500000e+03 5.935214322805410484e+05
3.527163330078119998e+03 5.533402380943299504e+05
4.604723632812500000e+03 6.966914212703700177e+05
4.205867675781250000e+03 8.543144798278809758e+05
3.491138671875000000e+03 5.657164092063900316e+05
2.353794189453119998e+03 5.110632916688920232e+05
2.505200439453119998e+03 5.149140932559969951e+05
3.090737060546869998e+03 4.503438290953640244e+05
2.494896972656250000e+03 4.653723719120029709e+05
3.655731201171869998e+03 5.554218578338619554e+05
4.000790527343750000e+03 1.054867686510090018e+06
3.250316406250000000e+03 6.758708988428120501e+05
3.172962402343750000e+03 5.400873646736149676e+05
4.412034667968750000e+03 5.083116878867149935e+05
4.216779296875000000e+03 8.356035375595090445e+05
4.081890625000000000e+03 7.745933536291120108e+05
3.690088623046869998e+03 1.124517274618149968e+06
2.255401855468750000e+03 4.877567589879040024e+05
2.870655273437500000e+03 7.345656067132949829e+05
3.641949951171869998e+03 9.382137699127199594e+05
2.819350341796869998e+03 5.473871662616729736e+05
3.507682128906250000e+03 6.388634864091869676e+05
4.727651367187500000e+03 8.735444259643550031e+05
3.619088623046869998e+03 9.179980819225310115e+05
1.712035766601559999e+03 4.013463612794880173e+05
3.846665283203130002e+03 8.680766105651860125e+05
3.992973144531250000e+03 1.069316949129099958e+06
2.270802246093750000e+03 5.545778064727779711e+05
3.982340820312500000e+03 9.429296997785570566e+05
4.302928710937500000e+03 6.877574884891510010e+05
1.716530517578130002e+03 3.896319505572320195e+05
3.637530273437500000e+03 8.608583145141600398e+05
3.347357421875000000e+03 4.935617136955260066e+05
4.329752929687500000e+03 7.710524314641950186e+05
4.321050781250000000e+03 7.286821618080140324e+05
9.262880859375000000e+02 5.476693898439409677e+05
3.460386474609369998e+03 9.793422679901119554e+05
2.071159179687500000e+03 4.897049118876460125e+05
4.426239746093750000e+03 9.789199377298350446e+05
3.821658935546869998e+03 1.080575799942020094e+06
3.254155273437500000e+03 5.932007098197940504e+05
4.060388427734380002e+03 7.138042945861819899e+05
3.799655029296880002e+03 8.315104732513430063e+05
2.427860351562500000e+03 5.049944186210629996e+05
2.569955078125000000e+03 5.358629046678539598e+05
3.559470703125000000e+03 6.946420869827270508e+05
4.606110839843750000e+03 7.534793990850449773e+05
4.351140136718750000e+03 8.829293195009230403e+05
2.095474853515630002e+03 4.609227665662770160e+05
3.793251708984369998e+03 8.609350686073299730e+05
3.868791992187500000e+03 6.902758755683900090e+05
2.490499755859369998e+03 5.214020071029660176e+05
4.321309082031250000e+03 7.886458706855770433e+05
2.302502197265630002e+03 4.875339284539219807e+05
3.584342529296880002e+03 4.832613143920900184e+05
4.455332519531250000e+03 9.139222568273539655e+05
3.397135498046869998e+03 8.956175020933150081e+05
4.317320800781250000e+03 8.092785892486569937e+05
3.822300537109369998e+03 1.127381176948549924e+06
3.614215820312500000e+03 5.834678034782409668e+05
4.585946289062500000e+03 5.938834557533259504e+05
3.422308837890619998e+03 9.942059417963030282e+05
4.395732910156250000e+03 7.746205221414569532e+05
4.376051269531250000e+03 1.014984858632090036e+06
4.060643066406250000e+03 8.228467636108399602e+05
1.371325683593750000e+03 5.161194980144500150e+05
2.426866943359369998e+03 5.382190116643910296e+05
3.368594238281250000e+03 6.518109881877900334e+05
3.632877929687500000e+03 9.335229983329769457e+05
3.642879882812500000e+03 9.397839393615720328e+05
4.406654296875000000e+03 5.545916343927379930e+05
2.679968750000000000e+03 4.543902622461320134e+05
3.901396484375000000e+03 5.085976577997209970e+05
4.385507812500000000e+03 7.128415789604190504e+05
3.875467041015630002e+03 8.662792246341709979e+05
3.838140625000000000e+03 6.824403791427609976e+05
4.148000000000000000e+03 7.300969346761699999e+05
4.059229736328130002e+03 8.604131407737729605e+05
4.064993164062500000e+03 8.392907798290250357e+05
4.610459960937500000e+03 7.272845063209530199e+05
3.389269775390630002e+03 7.960463054180149920e+05
3.789083740234369998e+03 1.072121641159059945e+06
3.623264892578119998e+03 9.477225664854049683e+05
4.608079101562500000e+03 7.932654924392700195e+05
3.611295410156250000e+03 5.590090761184690055e+05
4.335746582031250000e+03 7.871902232170109637e+05
3.103868408203119998e+03 6.012142635583879892e+05
3.833321044921869998e+03 8.875111733674999559e+05
4.129108886718750000e+03 7.960538589954379713e+05
4.302055175781250000e+03 6.852303904294969980e+05
3.458559570312500000e+03 9.572411705255509587e+05
3.846367919921869998e+03 9.252249062061309814e+05
4.376945800781250000e+03 9.080157856941219652e+05
3.576210449218750000e+03 8.235415099859239999e+05
3.833613281250000000e+03 8.287238123416899471e+05
4.383676757812500000e+03 9.653123507499690168e+05
2.595695068359380002e+03 3.977215883135800250e+05
2.881107177734369998e+03 7.286752783060070360e+05
3.839629394531250000e+03 1.115853808641429991e+06
2.071460449218750000e+03 4.673789736628530081e+05
3.903740478515619998e+03 9.316515995264049852e+05
3.183708496093750000e+03 5.604106911420819815e+05
4.550560058593750000e+03 6.932691633701319806e+05
4.080903564453130002e+03 7.230992152690889779e+05
3.453808593750000000e+03 6.779371677637100220e+05
4.342869628906250000e+03 7.918960410356520442e+05
1.711160034179690001e+03 3.966357920169829740e+05
3.635410888671869998e+03 9.442020511627199594e+05
2.822713623046869998e+03 4.546763844490050105e+05
2.789889160156250000e+03 4.608591094017029973e+05
2.212560058593750000e+03 7.016244555711749708e+05
3.189975830078119998e+03 6.213119573593139648e+05
2.258770751953119998e+03 5.519988689422609750e+05
3.303809326171869998e+03 9.185747122764589731e+05
3.435494628906250000e+03 8.772563391923910240e+05
3.960624023437500000e+03 1.051199815511699999e+06
3.452404052734380002e+03 9.607632087469099788e+05
3.604393310546869998e+03 6.018792220354080200e+05
3.172958496093750000e+03 5.573867017030719435e+05
4.732329589843750000e+03 9.003770477771760197e+05
3.838563720703119998e+03 8.368395221233370248e+05
3.345848632812500000e+03 6.225587240457539447e+05
3.390470703125000000e+03 8.296163527965550311e+05
4.046419433593750000e+03 1.024194436073299963e+06
4.161651367187500000e+03 9.324739038944239728e+05
4.409474121093750000e+03 7.396071932315829908e+05
3.786361816406250000e+03 5.809910219907759456e+05
4.408520019531250000e+03 6.849428062438969500e+05
3.987113281250000000e+03 9.874475611448290292e+05
3.811929931640630002e+03 7.406598817110060481e+05
3.465033691406250000e+03 1.137429384231569944e+06
2.317822753906250000e+03 3.877998729944230290e+05
3.524286132812500000e+03 7.400379908084870549e+05
1.974510131835940001e+03 5.062204434275630047e+05
3.696517822265619998e+03 6.733260133266450139e+05
2.336629638671869998e+03 4.917916790246960009e+05
4.279625000000000000e+03 6.777143981456760084e+05
3.638580322265619998e+03 8.010199706554410513e+05
2.459344726562500000e+03 5.564666272401809692e+05
3.998791259765630002e+03 6.515768272876739502e+05
2.326566894531250000e+03 4.730956002473830013e+05
2.574844482421869998e+03 5.211594398021699744e+05
2.398011962890619998e+03 5.754698442220690195e+05
3.692673095703119998e+03 5.746371232271189801e+05
4.295620605468750000e+03 5.375662972927090013e+05
3.805267578125000000e+03 8.006773793697359506e+05
2.786581787109369998e+03 1.402585292816160014e+06
3.808721923828119998e+03 8.086124733686449472e+05
3.927407714843750000e+03 7.971028925180439837e+05
4.091388427734380002e+03 7.568680313825609628e+05
4.080781250000000000e+03 6.863704932928089984e+05
4.437337402343750000e+03 9.474425967931749765e+05
4.319470703125000000e+03 8.941027661561969435e+05
4.177452636718750000e+03 7.696241961717610247e+05
4.335046875000000000e+03 6.999498152732850285e+05
4.072874023437500000e+03 8.007467017173769418e+05
4.231273437500000000e+03 7.584907103776929434e+05
3.172961425781250000e+03 9.083943783044810407e+05
1.816553955078130002e+03 3.584149034619330196e+05
4.527801269531250000e+03 6.409002720117570134e+05
3.380911621093750000e+03 8.119495707750320435e+05
3.801792236328119998e+03 4.976705856919289799e+05
4.332577148437500000e+03 7.804749101400380023e+05
3.960337402343750000e+03 1.031547356367110042e+06
3.995292968750000000e+03 7.275317032337189885e+05
4.327782226562500000e+03 9.556678334474560106e+05
3.689057861328119998e+03 5.321458745002750074e+05
2.645613281250000000e+03 5.067529706358910189e+05
3.636281005859369998e+03 5.576712400913239690e+05
4.167392089843750000e+03 9.673063124418259831e+05
3.706317138671880002e+03 8.601937215328220045e+05
2.057652832031250000e+03 4.887816697955129785e+05
2.408083251953119998e+03 4.407077791094779968e+05
2.699907958984369998e+03 5.195577158927919809e+05
3.638951904296880002e+03 8.950329526662830031e+05
2.102854003906250000e+03 6.557736314535139827e+05
4.357971191406250000e+03 9.392241827249530470e+05
2.405114990234380002e+03 6.640332247018809430e+05
3.581730224609369998e+03 5.782404233217240544e+05
4.381063964843750000e+03 7.494104574918750441e+05
3.897405273437500000e+03 6.449182269573210506e+05
3.483052490234380002e+03 5.710614789724349976e+05
4.376853515625000000e+03 9.340627745389939519e+05
3.942258789062500000e+03 6.181275762319569476e+05
4.502372070312500000e+03 9.112907488346099854e+05
3.779551513671869998e+03 1.060194907903670100e+06
3.757147949218750000e+03 4.802118925452230033e+05
2.401643066406250000e+03 4.797597134709359962e+05
3.764136474609369998e+03 8.988874701261520386e+05
2.387528808593750000e+03 6.165999261140819872e+05
4.632113281250000000e+03 9.880949758291239850e+05
4.506896972656250000e+03 6.668115401268010028e+05
3.982819824218750000e+03 9.725115801095960196e+05
3.851258544921869998e+03 6.154881491661069449e+05
3.705563476562500000e+03 6.071533247232439462e+05
2.748950195312500000e+03 4.913697447180749732e+05
4.657769531250000000e+03 6.002737213373179547e+05
3.189698730468750000e+03 4.631322184205059893e+05
3.375073242187500000e+03 1.177442633152009919e+06
2.303720947265619998e+03 4.907621995210649911e+05
4.351301269531250000e+03 7.744451451301570050e+05
3.818343505859369998e+03 1.084542524576189928e+06
3.491143554687500000e+03 1.171294264793399954e+06
3.008218750000000000e+03 6.573410596847529523e+05
4.066759277343750000e+03 8.464473071098329965e+05
2.071159912109369998e+03 4.679387912154200021e+05
2.039040771484369998e+03 5.635677210092539899e+05
4.074631591796880002e+03 9.142974990606310312e+05
4.489317871093750000e+03 6.699532800912860548e+05
2.489760742187500000e+03 3.922497524619100150e+05
2.317333007812500000e+03 5.238239642381669837e+05
5.019879882812500000e+03 5.892052328586579533e+05
2.259604980468750000e+03 5.806643906831740169e+05
4.064697753906250000e+03 9.586618522405619733e+05
3.965530273437500000e+03 1.102854345560069894e+06
3.236018798828119998e+03 8.560283499956129817e+05
2.196431396484380002e+03 6.287257936000820482e+05
3.644614990234380002e+03 8.950986200571060181e+05
3.438607177734369998e+03 7.369920716285710223e+05
4.627257324218750000e+03 7.461214836835860042e+05
3.745193847656250000e+03 5.834089586734770564e+05
2.301289550781250000e+03 4.820886214971540030e+05
3.839988037109380002e+03 8.424072396755219670e+05
4.054026611328130002e+03 6.204470118284230120e+05
2.402792236328119998e+03 4.562082377672200091e+05
1.814689086914059999e+03 3.646725854873660137e+05
3.532138916015619998e+03 7.090497440099719679e+05
2.263035156250000000e+03 4.659386465549470158e+05
4.202113281250000000e+03 9.478268545866010245e+05
4.615063964843750000e+03 7.590178160667419434e+05
3.317747070312500000e+03 1.206026466608050046e+06
3.856533691406250000e+03 1.071589479446409969e+06
3.588859130859380002e+03 8.055406649112700252e+05
2.281373046875000000e+03 5.473456825017930241e+05
3.621381835937500000e+03 6.774887654781340389e+05
5.021634277343750000e+03 6.857016971111299936e+05
4.672983398437500000e+03 6.951777818202970084e+05
2.065184570312500000e+03 7.070280046463010367e+05
4.403726562500000000e+03 5.911366947889330331e+05
3.847554931640619998e+03 8.846711500883100089e+05
4.206521484375000000e+03 8.924365322589880088e+05
3.598241699218750000e+03 8.003447782993320143e+05
4.155051757812500000e+03 9.151311337947850116e+05
3.357849609375000000e+03 5.582143057584760245e+05
3.005729492187500000e+03 1.332104933023449965e+06
3.573585205078130002e+03 6.130959190130230272e+05
2.685550048828130002e+03 4.912614361643790035e+05
3.767520263671880002e+03 8.272458696365359938e+05
3.614224365234369998e+03 1.131631404399869964e+06
3.798711425781250000e+03 7.928089883327479474e+05
3.566526855468750000e+03 4.999484461545940139e+05
4.100630859375000000e+03 6.681186136007310124e+05
1.715425659179690001e+03 7.019782553911210271e+05
2.859696777343750000e+03 4.511675649881360005e+05
3.276561035156250000e+03 5.725108520984649658e+05
3.588011474609380002e+03 7.921638884544370230e+05
2.401728027343750000e+03 5.548156832456589909e+05
4.143410644531250000e+03 9.211368370056150015e+05
3.689756103515619998e+03 1.101624818086619955e+06
3.664363037109369998e+03 6.270750932693480281e+05
4.482088378906250000e+03 9.057893687486649724e+05
3.498909423828119998e+03 6.002999151945109479e+05
4.439212890625000000e+03 1.007920497179029975e+06
4.269618164062500000e+03 7.628936541080479510e+05
3.174215820312500000e+03 5.870422294139859732e+05
3.370904541015619998e+03 5.880772522687909659e+05
3.868588867187500000e+03 6.141818066835399950e+05
3.104042968750000000e+03 5.362029374837880023e+05
3.659412597656250000e+03 8.795538450479509775e+05
3.657935302734369998e+03 1.132334983587269904e+06
3.317077148437500000e+03 6.051863487958910409e+05
4.204180175781250000e+03 4.697581982612609863e+05
3.595270751953119998e+03 8.301552152633670485e+05
3.498130615234380002e+03 7.599807753562929574e+05
2.306219970703119998e+03 4.368083361387249897e+05
3.634877685546880002e+03 8.369139004945750348e+05
4.536801757812500000e+03 6.885772953033449594e+05
3.835785156250000000e+03 8.649806793928149855e+05
3.186219970703119998e+03 4.734561312794690020e+05
4.389287597656250000e+03 7.484844741821290227e+05
3.852333984375000000e+03 8.021295546293259831e+05
1.723016235351559999e+03 4.258416077494620113e+05
4.705784667968750000e+03 8.676952767372130184e+05
3.359348632812500000e+03 9.052176116704939632e+05
3.300161132812500000e+03 5.544195468425749568e+05
4.635369628906250000e+03 9.116232889890669612e+05
3.577784179687500000e+03 5.622646679878239520e+05
3.220076660156250000e+03 8.699417350292210467e+05
1.372215942382809999e+03 4.493403607010840205e+05
4.208938476562500000e+03 7.320737180709840031e+05
2.325080810546880002e+03 4.297265831828120281e+05
4.202178710937500000e+03 9.352784740924839862e+05
3.662206298828130002e+03 5.567448912858959520e+05
3.833501953125000000e+03 8.234866247177120531e+05
1.974009643554690001e+03 4.871750726103779743e+05
3.622344726562500000e+03 1.169470441341399914e+06
3.453350585937500000e+03 1.163579991102220025e+06
3.655806396484380002e+03 1.102970816850659903e+06
2.550165283203130002e+03 5.133796814680100069e+05
4.068103271484380002e+03 9.110521410703660222e+05
4.187191894531250000e+03 7.762428965568540152e+05
3.552803222656250000e+03 5.131387588977810228e+05
3.843323730468750000e+03 8.005020023584370501e+05
3.172963378906250000e+03 9.643908143043520395e+05
3.708324218750000000e+03 6.368212183713909471e+05
2.950343261718750000e+03 6.605144150257109432e+05
4.589733886718750000e+03 6.114141515493389452e+05
4.167068847656250000e+03 6.983421825170520460e+05
1.528364379882809999e+03 4.096616317033770029e+05
2.299835937500000000e+03 3.988905348777769832e+05
2.179623779296869998e+03 5.181553089618679951e+05
3.568997558593750000e+03 5.862001273632049561e+05
4.511421875000000000e+03 7.466933016777039738e+05
1.587109741210940001e+03 4.075035929083820083e+05
4.260347167968750000e+03 8.899550602436070330e+05
3.468874755859369998e+03 9.722132747173310490e+05
3.827874511718750000e+03 6.564256148338320199e+05
4.097311035156250000e+03 9.896840901374820387e+05
4.441567382812500000e+03 1.024055425882339943e+06
3.173712158203119998e+03 7.327619464397430420e+05
3.269983154296880002e+03 5.637440726757049561e+05
2.407686767578119998e+03 5.148999607563019963e+05
4.319802734375000000e+03 7.169763706922529964e+05
2.288833496093750000e+03 4.435030291676520137e+05
3.042689697265619998e+03 5.923227891922000563e+05
4.313677246093750000e+03 8.456893908977509709e+05
3.534601074218750000e+03 8.060028342008589534e+05
3.813447509765619998e+03 1.021497748017310048e+06
2.550962402343750000e+03 4.752454458475110005e+05
3.417311523437500000e+03 6.803111840486529982e+05
3.842690673828119998e+03 5.964600175619130023e+05
2.575353271484380002e+03 4.883195614218710107e+05
2.119754638671869998e+03 4.804516881704329862e+05
3.348253417968750000e+03 6.143885554075239925e+05
1.505308349609380002e+03 7.618021012544629630e+05
2.304284423828119998e+03 4.911630264520649798e+05
3.963005126953119998e+03 1.027018377542500035e+06
4.384194335937500000e+03 8.018053599596020067e+05
3.081237060546869998e+03 1.253475116014479892e+06
4.464995117187500000e+03 1.100637248754499946e+06
2.184052978515619998e+03 5.033412511944770231e+05
3.224336669921869998e+03 5.932978098392490065e+05
3.199612060546880002e+03 1.005309822440149961e+06
2.595553466796880002e+03 4.668005158305169898e+05
3.379472656250000000e+03 8.712791446447370108e+05
3.347023437500000000e+03 6.270795401334760245e+05
2.176284667968750000e+03 4.513370331525800284e+05
3.457342529296869998e+03 1.089192847967149923e+06
3.099939697265619998e+03 5.859436712265009992e+05
2.613325195312500000e+03 4.828133994340900099e+05
4.074912109375000000e+03 1.064933924913410097e+06
2.361830078125000000e+03 4.032961893677709741e+05
3.772510742187500000e+03 1.073403069019319955e+06
3.260162353515619998e+03 5.353497487306599505e+05
4.703140625000000000e+03 6.735786317586899968e+05
2.421176757812500000e+03 6.430417112112049945e+05
4.343746093750000000e+03 8.333121842145919800e+05
3.886370117187500000e+03 8.003935110569000244e+05
2.537965087890619998e+03 5.187496658563609817e+05
2.679757080078119998e+03 4.855936032533650286e+05
3.347760986328119998e+03 6.031083230972290039e+05
2.659196777343750000e+03 4.752741981744769728e+05
3.575767822265619998e+03 8.531780928373340284e+05
3.494271240234369998e+03 6.969485474824910052e+05
3.837382568359369998e+03 8.823319777250289917e+05
1.728651367187500000e+03 4.260786316990850028e+05
4.062298583984380002e+03 8.489911570549010066e+05
2.668987304687500000e+03 4.788403699994090130e+05
3.835643798828130002e+03 7.855539599657059880e+05
3.921469970703130002e+03 9.987859681844710140e+05
4.333822265625000000e+03 7.639819784164429875e+05
3.717779785156250000e+03 9.750821721553800162e+05
4.665669433593750000e+03 8.716436656713490374e+05
2.969827880859380002e+03 7.039358502626420232e+05
3.519753173828119998e+03 6.003116719722750131e+05
4.121534667968750000e+03 7.050517085790629499e+05
3.969097900390619998e+03 9.829094449281690177e+05
4.671159667968750000e+03 6.735630981922149658e+05
3.287345458984380002e+03 6.369019929170609685e+05
2.778313964843750000e+03 4.598772052526469924e+05
3.636515625000000000e+03 9.295911785364149837e+05
2.406086425781250000e+03 4.688639521598819993e+05
4.608461914062500000e+03 7.345857698917390080e+05
2.934960937500000000e+03 4.826387534141539945e+05
3.850547363281250000e+03 8.349627017974850023e+05
4.260279296875000000e+03 6.825352861881259596e+05
2.596175048828130002e+03 4.219254128932949970e+05
3.914493408203119998e+03 8.567932106256489642e+05
3.576205566406250000e+03 8.431317739486689679e+05
3.799303710937500000e+03 1.132061105489729904e+06
3.881752929687500000e+03 6.542989172935490496e+05
4.071816406250000000e+03 8.397668988704680232e+05
4.504050292968750000e+03 6.292300558090209961e+05
3.943249267578130002e+03 6.816057088375090389e+05
4.313117187500000000e+03 6.441508078575129621e+05
4.333322265625000000e+03 6.806814311742780264e+05
4.337357910156250000e+03 7.512403116226199782e+05
4.259805175781250000e+03 8.427955788373949472e+05
2.332193847656250000e+03 4.355313551425929763e+05
4.512389160156250000e+03 7.970525759458539542e+05
3.844665527343750000e+03 8.598216469287869986e+05
1.821121459960940001e+03 3.519576607942580013e+05
2.072961181640619998e+03 4.809775146245959913e+05
2.005854370117190001e+03 5.381371406316759530e+05
2.322954101562500000e+03 4.375938777327539865e+05
3.964379150390619998e+03 1.076827763557429891e+06
4.375850097656250000e+03 8.879303969144820003e+05
3.842956298828119998e+03 8.543234344720840454e+05
4.697016113281250000e+03 7.153739767074589618e+05
2.305494140625000000e+03 4.338348460197449895e+05
3.656764648437500000e+03 1.064388361692429986e+06
4.068700927734380002e+03 8.714324700832370436e+05
3.717020019531250000e+03 6.430696107149119489e+05
2.673700683593750000e+03 4.544489243030549842e+05
4.238604003906250000e+03 5.793165035247800406e+05
4.213906738281250000e+03 8.399076756238939706e+05
2.306942138671880002e+03 4.032927476167679997e+05
4.145168457031250000e+03 9.340687443017959595e+05
2.886739257812500000e+03 6.380936306715010433e+05
4.984756835937500000e+03 9.181043193340300350e+05
3.955903076171880002e+03 9.680910925865169847e+05
3.902222900390619998e+03 7.707595475912089460e+05
4.526913574218750000e+03 5.715905339717869647e+05
2.195611328125000000e+03 4.967638213634489803e+05
3.709195800781250000e+03 1.074620656967160059e+06
3.970577392578130002e+03 5.534703545570370043e+05
3.837712158203130002e+03 9.011716963052749634e+05
4.082525390625000000e+03 7.310363804101940477e+05
4.743003906250000000e+03 5.619605146646499634e+05
3.999351806640619998e+03 6.651785054206850473e+05
3.290162109375000000e+03 5.457405472993849544e+05
4.434075683593750000e+03 9.029648181200029794e+05
3.839060791015619998e+03 8.338196749687190168e+05
4.343873535156250000e+03 7.961736197471619816e+05
4.151965332031250000e+03 9.465415281057360116e+05
4.636611328125000000e+03 8.231551810503009474e+05
3.373596435546869998e+03 5.921552703380590538e+05
2.071460205078119998e+03 4.595071408748630201e+05
2.182746337890619998e+03 5.567237534523010254e+05
3.581622802734369998e+03 7.776881273984910222e+05
3.374639892578119998e+03 9.057522709369659424e+05
2.862375732421869998e+03 6.039542628526689950e+05
2.332440185546869998e+03 3.872021657228469849e+05
4.118079589843750000e+03 9.831609668731689453e+05
4.114368164062500000e+03 7.016577156782150269e+05
4.069286132812500000e+03 8.208203946352009661e+05
4.068759033203130002e+03 6.980328513383870013e+05
4.320926757812500000e+03 8.199335193634029711e+05
4.630896484375000000e+03 8.731265425682070199e+05
3.839295166015619998e+03 1.139723235130310059e+06
4.561131835937500000e+03 5.851390324831010075e+05
3.184459228515619998e+03 5.372881550788880559e+05
4.377796386718750000e+03 9.330573568344119703e+05
4.076937744140630002e+03 8.392293156385419425e+05
3.660599853515619998e+03 7.280692864656449528e+05
4.434665039062500000e+03 8.147037025690079900e+05
3.638868652343750000e+03 5.840088589191440260e+05
4.060237304687500000e+03 8.272931404113769531e+05
3.922683105468750000e+03 6.302539919614789542e+05
3.714599853515619998e+03 8.035490180253980216e+05
3.447230957031250000e+03 9.068460776805880014e+05
3.479817382812500000e+03 7.343826761245729867e+05
4.347336425781250000e+03 9.751221330165859545e+05
3.397646240234369998e+03 5.360209206342699472e+05
4.609052734375000000e+03 7.404791440963749774e+05
3.270567871093750000e+03 1.213150830268860096e+06
4.062293457031250000e+03 6.211582055091860238e+05
4.017110351562500000e+03 7.297508711814880371e+05
3.265482910156250000e+03 5.781628773212430533e+05
3.403058593750000000e+03 9.959706767797470093e+05
4.682189453125000000e+03 5.716297638416290283e+05
4.065148437500000000e+03 9.121732990741729736e+05
4.088482666015630002e+03 9.263572118282320444e+05
3.639731689453119998e+03 8.582403298616410466e+05
1.711158325195309999e+03 3.657823826670650160e+05
1.826246093750000000e+03 3.668837429881099961e+05
2.736642822265630002e+03 4.473099712729449966e+05
3.397881835937500000e+03 9.667597745656969491e+05
2.587819335937500000e+03 4.008479165434840252e+05
4.059116699218750000e+03 8.644912197589880088e+05
3.428564208984369998e+03 8.004254919290540274e+05
4.082887207031250000e+03 8.589238067865370540e+05
3.814102539062500000e+03 1.061107794284820091e+06
2.334301269531250000e+03 4.421357098221780034e+05
2.326075683593750000e+03 4.471617932319639949e+05
4.224166015625000000e+03 6.452402895689009456e+05
4.421739746093750000e+03 9.315714950561519945e+05
3.957960937500000000e+03 9.865799353122710017e+05
4.019298095703119998e+03 7.609517755508420523e+05
3.483697998046880002e+03 5.882063331604000414e+05
2.326639648437500000e+03 4.410360551476479741e+05
4.234918457031250000e+03 6.745135087966920109e+05
3.848610595703119998e+03 6.060079830884929979e+05
3.638051269531250000e+03 9.469772598743439885e+05
3.456218261718750000e+03 8.874592729806900024e+05
2.067456054687500000e+03 4.792362018227580120e+05
4.423994140625000000e+03 8.697406514883040218e+05
3.822337890625000000e+03 1.014058570742610027e+06
3.932276855468750000e+03 1.023744145393369952e+06
3.882360839843750000e+03 7.474889857769010123e+05
3.800799316406250000e+03 7.956520574092869647e+05
4.315365722656250000e+03 7.659688738584519597e+05
3.959131103515630002e+03 6.478749651908869855e+05
3.807714599609369998e+03 7.130048946142200148e+05
3.599064697265619998e+03 7.641052113771439763e+05
2.298952148437500000e+03 5.210089774131770246e+05
4.234195312500000000e+03 7.844619197845460149e+05
3.699206542968750000e+03 6.426257771253590472e+05
2.544356201171880002e+03 4.483278158307080157e+05
3.854769775390630002e+03 9.357464303970340407e+05
2.742566894531250000e+03 4.975272504687309847e+05
4.008986572265630002e+03 1.004044841885569971e+06
2.377352294921869998e+03 4.404884817004199722e+05
4.793812988281250000e+03 6.284212747812269954e+05
3.975900878906250000e+03 8.124012016057970468e+05
3.150760986328119998e+03 6.410777201652530348e+05
3.455257080078119998e+03 1.012163049221039983e+06
2.413876953125000000e+03 4.821456997394560021e+05
4.320180175781250000e+03 7.354971333742140559e+05
3.021756835937500000e+03 6.273674288988109911e+05
1.825535888671880002e+03 3.637089561223980272e+05
3.461608154296869998e+03 5.432571868896490196e+05
3.467075927734369998e+03 1.112327018976209918e+06
2.343766113281250000e+03 5.660145927667620126e+05
2.539373535156250000e+03 5.149815881252289983e+05
4.644235839843750000e+03 8.928274298906329786e+05
4.009468750000000000e+03 1.046863331079480005e+06
3.833635253906250000e+03 1.095122649908069987e+06
3.717109619140630002e+03 7.118014391660690308e+05
3.902214355468750000e+03 7.677588280439380324e+05
3.545420166015619998e+03 8.283670276403429452e+05
2.678417968750000000e+03 4.314888206124309800e+05
2.410884765625000000e+03 4.923441866636279738e+05
4.364772460937500000e+03 1.010477200388910016e+06
1.974509521484380002e+03 5.736290252208709717e+05
3.471450683593750000e+03 1.169324730396270053e+06
2.391439697265619998e+03 4.143720182180409902e+05
2.317241210937500000e+03 5.279489485025410540e+05
1.647378906250000000e+03 4.149283331036570016e+05
1.587487548828130002e+03 4.020654740333560039e+05
2.671624511718750000e+03 4.731129003763200017e+05
4.331375488281250000e+03 7.994882391691210214e+05
4.617392089843750000e+03 8.796976066827770555e+05
3.884736328125000000e+03 6.937591103315349901e+05
3.868558105468750000e+03 5.410424658060070360e+05
3.775975341796869998e+03 9.803504269123079721e+05
3.965770263671869998e+03 1.081248921155930031e+06
3.639281738281250000e+03 7.362313532829290489e+05
4.229937988281250000e+03 1.000051375150679960e+06
2.564144287109380002e+03 4.851644199490550091e+05
4.391478027343750000e+03 8.751437132358549861e+05
4.455780761718750000e+03 6.623001050949100172e+05
4.698803222656250000e+03 5.695292601585390512e+05
3.845378173828119998e+03 9.451261460781099740e+05
3.606037597656250000e+03 1.122017405986790080e+06
4.367414550781250000e+03 9.676451269388200017e+05
3.784461425781250000e+03 1.086833086013789987e+06
3.560898925781250000e+03 9.974684780836110003e+05
3.789964843750000000e+03 9.925999537706370465e+05
2.339932617187500000e+03 6.868354038000110304e+05
4.502843750000000000e+03 7.915496729612350464e+05
3.360692138671869998e+03 5.506146758794779889e+05
1.974509765625000000e+03 6.072727199792859610e+05
4.092586669921880002e+03 7.795700646638870239e+05
4.334990234375000000e+03 7.885718578100210289e+05
3.381810058593750000e+03 5.738349211215970572e+05
3.200310791015619998e+03 1.038462900161740021e+06
3.348416748046869998e+03 6.718971688747409498e+05
3.784228027343750000e+03 1.002397309184069978e+06
3.055227294921869998e+03 7.398713856935499934e+05
3.405145507812500000e+03 9.437267849445339525e+05
2.309497558593750000e+03 4.173555290102959843e+05
3.032489990234369998e+03 5.970278760194779607e+05
4.078302246093750000e+03 9.121232261657719500e+05
3.212782226562500000e+03 6.362709646224980243e+05
3.373921875000000000e+03 5.249339137077330379e+05
4.063808105468750000e+03 8.071609681844710140e+05
4.164459472656250000e+03 9.815141651630400447e+05
4.194792968750000000e+03 9.463280177116390551e+05
3.583621582031250000e+03 8.085814671516419621e+05
3.959037109375000000e+03 7.650436824560170062e+05
3.100072998046869998e+03 4.806915447115899879e+05
3.371183349609369998e+03 5.791456952095030574e+05
2.314381347656250000e+03 4.468820367455480155e+05
3.676429443359380002e+03 8.615461773872380145e+05
4.353495117187500000e+03 7.673658592700960580e+05
3.779728515625000000e+03 1.045425714731220040e+06
3.014655517578119998e+03 5.604181838035580004e+05
3.656711181640619998e+03 5.257881989479069598e+05
2.331417724609369998e+03 4.586077169179919874e+05
4.075282226562500000e+03 7.944591404199600220e+05
3.602395996093750000e+03 1.158574893236160045e+06
4.003574462890630002e+03 8.188741910457609920e+05
3.784739257812500000e+03 1.027754364013670012e+06
2.539573974609369998e+03 4.275839256644250127e+05
1.931749755859380002e+03 4.425249322652820265e+05
2.408271972656250000e+03 5.034211424589160015e+05
3.088329101562500000e+03 5.687296165227890015e+05
3.339444091796869998e+03 6.184135766029360238e+05
3.168448730468750000e+03 7.333838373422620352e+05
3.839809570312500000e+03 7.960175530910489615e+05
3.474997558593750000e+03 5.487264642715449445e+05
2.290354248046869998e+03 4.839892599582669791e+05
2.680301269531250000e+03 5.134411456584929838e+05
3.839822265625000000e+03 1.147619403839109931e+06
2.092571533203130002e+03 5.356757099628449650e+05
4.331678222656250000e+03 8.465233911275860155e+05
2.838543457031250000e+03 6.229966487884520320e+05
3.576965576171869998e+03 8.718462721109390259e+05
4.716826171875000000e+03 8.346903465986249503e+05
2.292159912109369998e+03 4.493431019186970079e+05
2.325199462890619998e+03 3.920773603320120019e+05
4.069476562500000000e+03 9.884358614683150081e+05
3.175574218750000000e+03 6.334530538320540218e+05
2.072044921875000000e+03 7.035352669954299927e+05
1.709782348632809999e+03 3.666645978689190233e+05
2.383365722656250000e+03 6.265174686908719596e+05
3.605658447265619998e+03 9.040968191623690072e+05
4.501977050781250000e+03 7.582230457067489624e+05
4.383710937500000000e+03 5.572655398845670279e+05
4.065708496093750000e+03 6.248489199876789935e+05
3.060728271484369998e+03 5.730666491985319881e+05
3.790147460937500000e+03 9.944415646791460458e+05
3.476115478515619998e+03 6.244763580560679547e+05
2.325148925781250000e+03 5.537054901123050367e+05
2.187414550781250000e+03 5.090867214798930218e+05
4.068056640625000000e+03 8.291078873872760450e+05
3.363217529296869998e+03 6.246718373298649676e+05
3.787008544921869998e+03 6.809244858026499860e+05
2.407580322265630002e+03 4.669486024975780165e+05
1.955897827148440001e+03 4.244411501288409927e+05
4.329054199218750000e+03 7.384246928691860521e+05
3.854688232421869998e+03 8.823851573467260459e+05
2.609498535156250000e+03 5.113138389587400015e+05
3.684771728515630002e+03 5.687716485261919443e+05
3.800662841796869998e+03 6.760749672651289729e+05
2.376459472656250000e+03 5.138349672555919969e+05
3.723717529296869998e+03 6.778935519456859911e+05
3.885720703125000000e+03 7.577449773550030077e+05
3.263549560546869998e+03 7.121442741155619733e+05
3.179204101562500000e+03 5.527600746154789813e+05
2.293278564453119998e+03 4.526619549989699735e+05
2.829850830078119998e+03 6.741729886531829834e+05
2.297395996093750000e+03 4.945970715880389907e+05
3.455468505859369998e+03 9.283820579051970271e+05
3.352729248046869998e+03 5.750838198661799543e+05
3.183699462890630002e+03 5.636253474950790405e+05
2.292835205078119998e+03 4.481344076991080074e+05
4.438347656250000000e+03 5.733213387727739755e+05
2.602055664062500000e+03 4.238050658106799820e+05
3.293824951171869998e+03 6.281651232242579572e+05
3.647405517578119998e+03 5.794650166034699650e+05
3.284669189453119998e+03 7.389638599157329882e+05
2.058056884765619998e+03 4.385715482234950177e+05
3.153196044921869998e+03 8.588104422092440072e+05
2.670982177734380002e+03 4.906850799322130042e+05
3.848292480468750000e+03 7.877515636682510376e+05
3.981640869140619998e+03 1.035618369102480006e+06
3.847846923828130002e+03 8.900972989797589835e+05
3.483023681640619998e+03 1.235040975809100084e+06
3.464355957031250000e+03 1.097778097867969889e+06
4.608586914062500000e+03 7.360543315410610521e+05
4.325577148437500000e+03 7.524959720373150194e+05
4.059053222656250000e+03 8.392123200893399771e+05
4.040283447265630002e+03 8.204749402999880258e+05
3.163536621093750000e+03 5.770540852546689566e+05
3.064204833984369998e+03 8.541004211902619572e+05
3.621950439453119998e+03 8.312803328037259635e+05
3.939985107421869998e+03 1.057869137048719916e+06
2.195610839843750000e+03 4.568119148015980027e+05
4.367611328125000000e+03 9.765278294086459791e+05
4.574922851562500000e+03 7.751633441448210506e+05
4.324115722656250000e+03 8.050796530246740440e+05
3.168708251953119998e+03 5.666210110187530518e+05
4.103398925781250000e+03 6.540193130970000057e+05
3.421309814453119998e+03 5.942236104011540301e+05
4.057988281250000000e+03 5.526136326789859449e+05
3.350698486328119998e+03 5.894675978422169574e+05
4.070338134765630002e+03 8.454971401691440260e+05
4.046285156250000000e+03 8.042311547994610155e+05
3.850521728515619998e+03 6.818934757709499681e+05
2.459040527343750000e+03 4.970877419114109944e+05
3.102940185546869998e+03 8.233151463270189706e+05
4.706715820312500000e+03 6.611269857883449877e+05
3.780953857421869998e+03 9.724962292909619864e+05
3.897171630859380002e+03 6.673476004600529559e+05
3.762073974609369998e+03 8.150715739727020264e+05
2.285369628906250000e+03 5.439667358398439828e+05
4.070767578125000000e+03 7.838074388504029484e+05
4.624449707031250000e+03 8.616751364469530527e+05
2.195611572265619998e+03 4.067483569979669992e+05
4.519450195312500000e+03 6.536958494186400203e+05
4.239188964843750000e+03 9.967734880447390024e+05
4.515394042968750000e+03 6.914143946170810377e+05
4.174194335937500000e+03 8.301460778713229811e+05
4.326030761718750000e+03 1.213639985322949942e+06
2.703392333984369998e+03 5.235679345130919828e+05
2.583902832031250000e+03 5.683572373390200082e+05
2.494646972656250000e+03 4.030477741360670188e+05
3.446116455078119998e+03 6.424399834871289786e+05
2.997520996093750000e+03 6.123759534358979436e+05
2.551554199218750000e+03 4.666942175030710059e+05
1.602132934570309999e+03 7.509934802055360051e+05
3.746105957031250000e+03 6.499900887012480525e+05
3.689802978515630002e+03 6.601452034711840097e+05
2.032045410156250000e+03 4.857273137569429819e+05
4.197278320312500000e+03 9.061746011972429696e+05
4.075906982421880002e+03 8.301421792507170467e+05
3.724647949218750000e+03 6.439937665462490404e+05
2.416876708984369998e+03 4.499967604875559919e+05
4.389274902343750000e+03 9.037290695905690081e+05
3.071196044921880002e+03 7.189173964262009831e+05
4.027509765625000000e+03 1.027089892864229972e+06
2.060053222656250000e+03 4.951758644580839900e+05
2.327524414062500000e+03 4.675867579579349840e+05
2.305725097656250000e+03 4.818947260379790096e+05
1.597101440429690001e+03 3.888116868734359741e+05
2.459673095703119998e+03 4.858163119554520235e+05
4.724965820312500000e+03 8.425054361820219783e+05
2.531770263671869998e+03 4.777084907889370224e+05
3.371853759765619998e+03 5.391373195648189867e+05
3.842656005859380002e+03 8.895192675590519793e+05
2.559268554687500000e+03 5.425314952135089552e+05
3.406070312500000000e+03 6.465579624176030047e+05
4.328491699218750000e+03 6.871501564979549730e+05
3.508674316406250000e+03 9.679917386770249577e+05
2.666544677734369998e+03 4.460578135252000066e+05
2.335706298828119998e+03 4.260859111547470093e+05
2.935065917968750000e+03 6.252351880073549692e+05
3.348947998046869998e+03 6.423526909351350041e+05
4.422919921875000000e+03 9.125685217380520189e+05
4.153861328125000000e+03 7.309958713054660475e+05
3.930078125000000000e+03 8.315296617746349657e+05
3.333007080078119998e+03 1.217599156379699940e+06
2.067053466796869998e+03 4.933534420728679979e+05
4.387110351562500000e+03 9.144189045429229736e+05
1.825825683593750000e+03 4.076168661117550218e+05
4.035723876953130002e+03 9.771732947826390155e+05
3.338728027343750000e+03 6.825913897752759513e+05
3.641106201171869998e+03 9.461232182979580248e+05
4.581246582031250000e+03 6.797124412059780443e+05
2.409489013671869998e+03 4.450596752762789838e+05
3.634319091796869998e+03 1.185778980493549956e+06
3.964999023437500000e+03 1.041471173286439967e+06
3.824722167968750000e+03 6.739237815141680185e+05
4.313453613281250000e+03 7.544893854856489925e+05
3.648087890625000000e+03 8.706333746910099871e+05
4.387583496093750000e+03 8.342810523509980412e+05
2.115978759765630002e+03 5.838026584386830218e+05
4.313002441406250000e+03 8.171687272787089460e+05
3.754208984375000000e+03 1.133985683917999966e+06
3.253357421875000000e+03 8.809470536708829459e+05
2.295945068359380002e+03 5.122813060283659725e+05
2.074952636718750000e+03 6.516279357671739999e+05
3.718465820312500000e+03 7.123144123554229736e+05
2.734850097656250000e+03 4.656808198094369727e+05
4.078836914062500000e+03 5.897240539789199829e+05
3.694617919921880002e+03 5.842905951738359872e+05
3.173214599609369998e+03 9.159199343919750536e+05
4.423358886718750000e+03 8.420464345216749934e+05
4.452124511718750000e+03 7.478459532260899432e+05
3.055103515625000000e+03 5.631545890569690382e+05
3.950483886718750000e+03 4.801625201702120248e+05
3.812100341796869998e+03 6.951383082866669865e+05
4.383739257812500000e+03 9.869264252185820369e+05
4.010553466796880002e+03 6.558167599439619808e+05
4.814976074218750000e+03 6.266164571046830388e+05
3.631923828125000000e+03 1.095961949825289892e+06
4.080927978515630002e+03 7.060592583417890128e+05
2.259514892578119998e+03 5.235341870784760104e+05
3.634450195312500000e+03 7.930357784032820491e+05
4.395963867187500000e+03 7.899520913362499559e+05
3.849659912109369998e+03 8.460710293054579524e+05
2.828877685546880002e+03 5.457385979890819872e+05
3.859292236328119998e+03 7.372294001579280011e+05
2.506114746093750000e+03 5.087010017037389916e+05
2.405578613281250000e+03 4.883172770738599938e+05
4.720492675781250000e+03 8.419830210208890494e+05
2.097972656250000000e+03 5.087623440623279894e+05
3.447891113281250000e+03 6.288751595020289533e+05
2.901286865234369998e+03 5.746766576766970102e+05
3.332042236328119998e+03 1.172019286394119961e+06
2.260153076171869998e+03 4.029457399249079754e+05
3.840984130859369998e+03 8.611354820728299674e+05
2.593316162109369998e+03 7.347877671718599740e+05
3.546071777343750000e+03 7.607388134002690203e+05
4.311228027343750000e+03 7.511248149871829664e+05
3.840771484375000000e+03 8.100238958597179735e+05
2.303171630859369998e+03 4.711293857693669852e+05
4.179012207031250000e+03 9.766683015823359601e+05
2.591447021484369998e+03 4.145625328421589802e+05
3.862111816406250000e+03 9.175407859086990356e+05
3.424898193359369998e+03 6.525620818138120230e+05
3.622820312500000000e+03 1.056787757158279885e+06
2.322077148437500000e+03 4.053659609556199866e+05
2.344003906250000000e+03 6.035800561904909555e+05
2.590698242187500000e+03 3.970693917274479754e+05
3.963366210937500000e+03 6.991018652915949933e+05
4.421263183593750000e+03 6.684648598432539729e+05
3.484472167968750000e+03 7.618842159509659978e+05
1.728394653320309999e+03 4.268536957502369769e+05
3.172960449218750000e+03 4.224425283670430072e+05
4.083368652343750000e+03 1.009899108052249998e+06
3.495691894531250000e+03 6.064943360090260394e+05
4.009942871093750000e+03 9.443862000703810481e+05
3.859919677734369998e+03 8.157942198514939519e+05
3.172204589843750000e+03 6.926307642459870549e+05
1.526032226562500000e+03 4.636477196216579759e+05
3.881681884765630002e+03 6.262361588478089543e+05
1.816693725585940001e+03 3.586056617498400155e+05
4.431030273437500000e+03 9.124253083467480028e+05
2.539169433593750000e+03 4.715227809548379737e+05
2.045837402343750000e+03 4.368715364336969797e+05
3.572286132812500000e+03 7.519763590097429696e+05
4.330065917968750000e+03 7.928925650119780330e+05
3.669444824218750000e+03 1.072085944414139958e+06
3.455064208984369998e+03 7.516167721748349722e+05
3.561154785156250000e+03 5.286255419254299486e+05
2.326069091796869998e+03 4.075712096095089801e+05
2.408875732421869998e+03 5.263226145505909808e+05
2.543565185546869998e+03 4.754592303633689880e+05
3.041471679687500000e+03 8.167578492164609488e+05
3.115369140625000000e+03 4.835044603943820111e+05
2.645096923828119998e+03 4.254790969491000287e+05
4.316871093750000000e+03 7.703285063505170401e+05
3.909942138671869998e+03 1.043430839300159947e+06
3.826356445312500000e+03 7.927470368146899855e+05
3.847061035156250000e+03 1.082768895864489954e+06
4.209720703125000000e+03 6.025832276344300481e+05
4.028019287109380002e+03 9.665572899579999503e+05
2.395446777343750000e+03 6.331039445400240365e+05
4.081402832031250000e+03 8.309225125312809832e+05
3.455435058593750000e+03 6.971934295892720111e+05
3.839741699218750000e+03 7.787236984968190081e+05
3.453303955078119998e+03 8.992805607318880502e+05
4.071916748046880002e+03 8.693191131353379460e+05
3.780408691406250000e+03 1.074827040195469977e+06
4.063174560546880002e+03 7.994580857753750170e+05
2.383279296875000000e+03 4.858808524012570269e+05
3.637987548828119998e+03 8.041322273015979445e+05
2.277927246093750000e+03 4.389730452299119788e+05
4.206426269531250000e+03 9.231520583629610483e+05
4.408879394531250000e+03 8.381085231304169865e+05
2.195915771484369998e+03 5.495119144916529767e+05
2.074536621093750000e+03 5.779546056985859759e+05
2.691295410156250000e+03 4.922099888324739877e+05
3.530820556640619998e+03 5.809611122608189471e+05
4.696794921875000000e+03 7.358714009523390559e+05
4.327045898437500000e+03 8.999946783781050472e+05
3.836779785156250000e+03 8.997223840951919556e+05
3.498545410156250000e+03 1.247447970390320057e+06
4.326374023437500000e+03 7.573362922668460524e+05
4.378696289062500000e+03 9.932534600496289786e+05
3.792508789062500000e+03 9.835256706476210384e+05
2.309833251953119998e+03 3.893519199490550091e+05
4.617722656250000000e+03 7.723740029335019644e+05
2.180255615234369998e+03 5.717532404661179753e+05
4.288176269531250000e+03 1.017387870907780016e+06
3.788911865234369998e+03 1.077263068914409960e+06
3.103706054687500000e+03 6.356627798080439679e+05
2.395084472656250000e+03 5.086200139522550162e+05
3.635820068359369998e+03 9.680763509273530217e+05
2.406672363281250000e+03 4.633549880385400029e+05
2.291525634765619998e+03 6.424302978515629657e+05
4.281801757812500000e+03 1.049202137947079958e+06
4.421510742187500000e+03 9.207470967769620474e+05
3.776018066406250000e+03 1.068361543416979956e+06
3.991042968750000000e+03 1.006752616643909947e+06
4.607074218750000000e+03 7.179602241516109789e+05
3.340685791015630002e+03 1.048617466688160086e+06
3.374386962890619998e+03 6.496942808628079947e+05
3.103229980468750000e+03 8.252944272756580031e+05
1.740223754882809999e+03 5.776656204462050227e+05
4.669364746093750000e+03 6.496972048282619799e+05
3.252706298828119998e+03 1.310478431701659923e+06
3.494449218750000000e+03 7.158699543476100080e+05
2.400797363281250000e+03 5.494406428337099496e+05
4.071489501953130002e+03 6.923749172687530518e+05
3.986274658203130002e+03 7.426732146739959717e+05
2.263145996093750000e+03 4.462128141522409860e+05
4.318622070312500000e+03 7.043080466985700186e+05
3.637102294921869998e+03 5.573754931688309880e+05
4.644730468750000000e+03 8.229838854074480478e+05
2.192984863281250000e+03 5.525992565155030461e+05
2.306398193359369998e+03 4.179993801116939867e+05
1.814125366210940001e+03 3.541391217708589975e+05
2.416695068359369998e+03 4.853362638354300288e+05
1.974009277343750000e+03 5.103846575617790222e+05
4.091132324218750000e+03 6.671037539243700448e+05
4.268770507812500000e+03 7.902354114055630052e+05
2.226860351562500000e+03 5.336692605018620379e+05
4.380163085937500000e+03 9.540270015001300490e+05
3.518403076171880002e+03 8.399956382513049757e+05
4.083648193359380002e+03 6.049242274761199951e+05
2.262701416015619998e+03 4.628602591753010056e+05
4.161476562500000000e+03 6.661521250009540236e+05
4.453165039062500000e+03 7.939054144620900042e+05
3.467591308593750000e+03 9.788116291761399480e+05
2.141967773437500000e+03 5.907488429546359694e+05
4.640968261718750000e+03 6.809345978498460026e+05
2.642439453125000000e+03 4.434872823953630286e+05
4.584858886718750000e+03 5.944653857946400531e+05
3.785590332031250000e+03 9.833552887439730112e+05
3.854595214843750000e+03 9.317734314203260001e+05
3.454662597656250000e+03 4.576520370841029799e+05
4.092293945312500000e+03 8.390394406318659894e+05
4.493237792968750000e+03 1.010951004624370020e+06
2.302283203125000000e+03 5.099743277430540184e+05
2.244398437500000000e+03 5.022261238694189815e+05
3.604560546875000000e+03 5.816012170314789983e+05
4.891047851562500000e+03 7.468164737224580022e+05
3.795823730468750000e+03 1.066521272659299895e+06
4.386497070312500000e+03 7.720781950950620230e+05
2.066350830078119998e+03 5.022080622911449755e+05
3.672850585937500000e+03 5.945174080133440439e+05
3.333275146484369998e+03 5.835988336801530095e+05
3.278893798828119998e+03 6.276740797758100089e+05
3.960718994140619998e+03 9.530485695600509644e+05
4.089874023437500000e+03 8.768460702896120492e+05
3.345857910156250000e+03 5.127036972045900184e+05
3.717131591796869998e+03 1.174229316949839937e+06
4.653959472656250000e+03 7.742743368148800218e+05
4.133887207031250000e+03 5.991030995845790021e+05
2.421078857421869998e+03 4.550191889405249967e+05
4.422394042968750000e+03 9.301155430078509962e+05
4.330240234375000000e+03 7.734279097318650456e+05
2.665977050781250000e+03 5.005384475588800269e+05
2.300617187500000000e+03 4.806513401865959750e+05
3.822469970703119998e+03 1.047359674215320032e+06
2.559173828125000000e+03 4.308459441661839955e+05
4.391923339843750000e+03 8.911874507665639976e+05
1.616991088867190001e+03 7.269345442056660540e+05
1.919506835937500000e+03 4.166045267581940279e+05
3.244047607421880002e+03 4.644960046410560026e+05
4.152969238281250000e+03 7.342334320545200026e+05
2.856022949218750000e+03 4.765595246553419856e+05
3.661833984375000000e+03 7.534787899255750235e+05
3.877949218750000000e+03 7.512264227867129957e+05
4.537089355468750000e+03 6.718232778310780413e+05
4.379583984375000000e+03 8.875173867940900382e+05
4.157762207031250000e+03 9.892742476463320199e+05
4.536075683593750000e+03 8.626942602396010188e+05
3.537091308593750000e+03 6.305911617279050406e+05
3.183703613281250000e+03 5.824480096101759700e+05
4.081996093750000000e+03 8.346947325468059862e+05
3.446026855468750000e+03 5.826448290348049486e+05
3.601635009765630002e+03 7.620275511741640512e+05
3.093277099609369998e+03 5.914173954725270160e+05
2.539373535156250000e+03 6.664015758037569467e+05
3.714387207031250000e+03 7.949079691171649611e+05
4.103329101562500000e+03 6.280683887004849967e+05
2.303067138671869998e+03 4.180260003805159940e+05
3.838774414062500000e+03 8.374669563770289533e+05
1.525583984375000000e+03 4.511942157149320119e+05
4.081979248046880002e+03 8.387150022983549861e+05
3.254614501953119998e+03 5.327744052410130389e+05
2.347635253906250000e+03 4.562066234946249751e+05
2.436959716796869998e+03 5.026426366567609948e+05
3.834721191406250000e+03 8.223578522205350455e+05
4.161957031250000000e+03 9.219744921922680223e+05
3.678752197265619998e+03 6.189452509880070575e+05
3.355936767578119998e+03 5.933223589658739511e+05
4.492269531250000000e+03 7.283469413518910296e+05
3.500181884765630002e+03 5.884289200305939885e+05
2.286553466796869998e+03 4.244857406020169728e+05
3.341407714843750000e+03 1.019258599638939952e+06
3.531308105468750000e+03 5.725440512895579450e+05
3.692608886718750000e+03 6.881508836746220477e+05
4.313311035156250000e+03 5.899723473787310068e+05
4.638499023437500000e+03 8.828666369915009709e+05
3.115237060546869998e+03 5.949566729068759596e+05
3.837185302734369998e+03 9.323880733251570491e+05
3.867777832031250000e+03 8.989196337461470393e+05
3.665941894531250000e+03 1.151730864763259888e+06
1.975011230468750000e+03 5.595626802444460336e+05
4.435706542968750000e+03 7.186204311847690260e+05
2.279539550781250000e+03 5.331163264513020404e+05
4.559620117187500000e+03 7.116740030050280038e+05
3.662372070312500000e+03 5.648521337509159930e+05
1.724526977539059999e+03 4.225899145007129991e+05
2.665203857421869998e+03 5.162246389389039832e+05
3.472667724609380002e+03 5.423223707675930345e+05
3.024067138671869998e+03 6.868839538097380428e+05
4.475375000000000000e+03 7.828205395936969435e+05
4.378111328125000000e+03 5.150087566375730094e+05
2.122635986328119998e+03 5.914490717649459839e+05
4.426136230468750000e+03 9.014722555875780527e+05
4.609856445312500000e+03 7.860348304510120070e+05
4.611525390625000000e+03 7.165401515960689867e+05
2.404792968750000000e+03 5.088327628970150254e+05
4.612339355468750000e+03 7.119254031181340106e+05
4.393705078125000000e+03 7.517612038850779645e+05
3.600688232421869998e+03 7.948640487194060115e+05
4.345927246093750000e+03 1.029965856552119949e+06
3.875852050781250000e+03 8.714090174436570378e+05
4.331638671875000000e+03 8.239259505271910457e+05
4.698731445312500000e+03 7.941595557928089984e+05
3.781999023437500000e+03 6.739944440126420232e+05
3.808751953125000000e+03 1.095922963619230082e+06
3.486105224609369998e+03 9.734675949811940081e+05
3.614126220703119998e+03 1.094973040342330001e+06
4.258612304687500000e+03 9.615216122865680372e+05
2.919227050781250000e+03 5.719370847940440290e+05
4.076369628906250000e+03 7.465854195356370183e+05
4.324932128906250000e+03 7.461572413444520207e+05
4.356541503906250000e+03 8.055166031122209970e+05
3.552353271484369998e+03 5.195441925525669940e+05
4.087283691406250000e+03 8.824257882833479671e+05
3.462814208984369998e+03 1.152312977552409982e+06
4.443741699218750000e+03 6.871624006032940233e+05
2.306165527343750000e+03 5.571738004684450570e+05
2.198996337890619998e+03 6.008951858282090398e+05
2.337228515625000000e+03 5.572522602081299992e+05
4.263083496093750000e+03 7.926535917520519579e+05
3.613896972656250000e+03 1.024614268779749982e+06
3.843718261718750000e+03 8.423274397850040114e+05
4.103402343750000000e+03 6.544321404695509700e+05
3.092550292968750000e+03 6.301836340427399846e+05
4.079339599609369998e+03 8.306888389587400015e+05
2.329414550781250000e+03 4.958001919984819833e+05
4.411549804687500000e+03 9.172297490835189819e+05
2.734136474609369998e+03 5.189862024784089881e+05
2.195613281250000000e+03 5.285230813026430551e+05
3.740216552734369998e+03 9.364086476564409677e+05
3.685014648437500000e+03 5.662120822668080218e+05
4.673013183593750000e+03 8.529281547069549561e+05
4.253323242187500000e+03 6.253281457424160326e+05
4.319195800781250000e+03 6.770263525247570360e+05
4.670084472656250000e+03 7.267849955558780348e+05
2.294803222656250000e+03 4.086515539288520231e+05
2.294946777343750000e+03 4.419451647400860093e+05
3.273310302734369998e+03 6.092791694402690046e+05
3.102876953125000000e+03 8.012806909084320068e+05
4.386163574218750000e+03 9.117270288467409555e+05
3.650569335937500000e+03 5.768901604413989699e+05
2.579682617187500000e+03 4.535440483689309913e+05
2.195614257812500000e+03 4.010377610921859741e+05
3.640728515625000000e+03 9.049476321935650194e+05
3.475978027343750000e+03 8.107331402301789494e+05
3.804263183593750000e+03 5.330884269475940382e+05
2.286034423828119998e+03 5.300208216905590380e+05
4.151803710937500000e+03 9.508836777210240252e+05
4.050261230468750000e+03 6.241172585487370379e+05
3.656414062500000000e+03 1.168239086389539996e+06
2.195614013671880002e+03 4.947106493711469811e+05
3.779417968750000000e+03 1.048279383182529942e+06
4.712098144531250000e+03 6.177188911437989445e+05
2.989324951171869998e+03 4.454080231189730112e+05
3.788135009765619998e+03 7.985754137039179914e+05
2.292722167968750000e+03 5.179242547750470112e+05
3.793597656250000000e+03 8.823127892017359845e+05
3.980552490234380002e+03 1.015820930004119989e+06
3.454270507812500000e+03 8.087112790346150286e+05
2.073958251953130002e+03 4.961766525506969774e+05
2.401786132812500000e+03 5.281296252012250479e+05
3.201313232421869998e+03 1.217162145376210101e+06
3.109094726562500000e+03 6.735862462520600529e+05
2.590814941406250000e+03 5.090720711946489755e+05
3.443881835937500000e+03 9.018502390384670580e+05
3.602923828125000000e+03 5.407304543256759644e+05
3.408851318359380002e+03 5.684673124551769579e+05
4.073436279296869998e+03 7.704719634056090144e+05
3.714402099609380002e+03 7.188371092081069946e+05
1.521807250976559999e+03 4.718543769121170044e+05
2.584937011718750000e+03 4.268819302916530287e+05
2.319505126953119998e+03 4.553608055710790213e+05
4.799879394531250000e+03 8.324826308488850482e+05
4.067239501953130002e+03 7.746370303630830022e+05
3.732202148437500000e+03 1.153948692560200114e+06
3.821850585937500000e+03 5.725572091341019841e+05
4.348618652343750000e+03 8.135572644472119864e+05
4.066223144531250000e+03 6.754265779256819515e+05
2.415559570312500000e+03 5.279037488698960515e+05
3.420156250000000000e+03 6.266594028472900391e+05
3.430801025390619998e+03 7.373285713195799617e+05
4.321299316406250000e+03 7.472109044790270273e+05
3.576675292968750000e+03 8.263308511972429696e+05
4.204694824218750000e+03 7.329694261550899828e+05
2.401989257812500000e+03 4.753330734372140141e+05
4.327362304687500000e+03 7.484503003358839778e+05
3.582019287109369998e+03 7.909477015733720036e+05
4.410767089843750000e+03 8.675234937667850172e+05
4.030237792968750000e+03 1.059186383485790109e+06
3.529413330078130002e+03 6.191631473302840022e+05
4.334111816406250000e+03 5.797591187953950139e+05
3.729394531250000000e+03 5.338697348833079450e+05
2.594910156250000000e+03 4.504700469374660170e+05
4.387569824218750000e+03 8.629003388881679857e+05
3.569776367187500000e+03 1.104714840412139893e+06
3.311678466796869998e+03 5.757986075878139818e+05
3.357258300781250000e+03 5.464843919277189998e+05
3.387484130859369998e+03 1.019328713893890032e+06
2.742443115234380002e+03 4.770572688579559908e+05
4.008919921875000000e+03 1.020087543845179956e+06
3.602440429687500000e+03 8.887567826509480365e+05
4.151204101562500000e+03 9.942583904266359750e+05
4.621822265625000000e+03 8.902585434913639911e+05
2.551447998046869998e+03 5.978037624359129695e+05
3.827779052734380002e+03 1.018694396138189943e+06
2.589824218750000000e+03 4.407031799554830068e+05
2.734249267578130002e+03 4.940822709202769911e+05
2.080965820312500000e+03 5.118612296581270057e+05
3.649849121093750000e+03 9.389336136579510057e+05
4.659947753906250000e+03 8.399014012813570444e+05
3.840888671875000000e+03 8.000089486837390577e+05
4.186044921875000000e+03 7.003048943281170214e+05
4.648125000000000000e+03 7.778951807022090070e+05
3.726067871093750000e+03 1.012660427927969955e+06
3.963284667968750000e+03 7.393963022232060321e+05
3.969049560546880002e+03 9.311174275875090389e+05
1.371325073242190001e+03 5.112158861160280067e+05
3.218077148437500000e+03 6.787662947177890455e+05
3.173462890625000000e+03 8.643676822185519850e+05
3.287057617187500000e+03 9.466601923704149667e+05
3.866309326171869998e+03 9.298328930139540462e+05
4.107306152343750000e+03 7.671902995109560434e+05
4.547813964843750000e+03 8.506615941524510272e+05
3.623834960937500000e+03 7.852044242620470468e+05
2.535167968750000000e+03 4.629644254446030245e+05
3.963064453125000000e+03 9.507538658380509587e+05
3.841256835937500000e+03 7.814466413259509718e+05
1.646625000000000000e+03 3.944882003068919876e+05
4.312688964843750000e+03 7.256551265716550406e+05
4.633790527343750000e+03 7.822916673421859741e+05
2.403680908203130002e+03 4.965158934593200102e+05
3.300794189453119998e+03 5.954606914520260179e+05
4.125720703125000000e+03 6.101312007904050406e+05
2.327633300781250000e+03 4.037547950744630070e+05
3.173464355468750000e+03 6.000037418603899423e+05
3.906253906250000000e+03 7.814418898820880568e+05
3.400620117187500000e+03 9.907496318817139836e+05
4.500680664062500000e+03 7.059722094535829965e+05
2.824247070312500000e+03 5.218661257028579712e+05
3.800550048828119998e+03 1.050589925050739897e+06
3.552447998046869998e+03 5.095442306995390099e+05
3.799338867187500000e+03 8.296009410619740374e+05
2.558552001953119998e+03 4.547509455680850078e+05
3.937537109375000000e+03 5.953922219276430551e+05
4.279229492187500000e+03 6.279399169683459913e+05
1.826249145507809999e+03 3.788027703762049787e+05
1.716027832031250000e+03 4.056332905888559762e+05
3.367018798828119998e+03 8.091033340692520142e+05
2.097172851562500000e+03 4.914750379323959933e+05
3.900758789062500000e+03 9.329918112754819449e+05
3.574504394531250000e+03 8.335874633789060172e+05
2.410087158203130002e+03 5.417084598541259766e+05
3.577352783203119998e+03 7.382498031854629517e+05
3.070470458984380002e+03 8.771251262426379835e+05
3.948244384765619998e+03 7.363980802297589835e+05
1.711157836914059999e+03 4.686738944053649902e+05
4.637398925781250000e+03 5.893207904100420419e+05
4.567750000000000000e+03 9.352513664960860042e+05
4.088072021484369998e+03 6.204844751358029898e+05
4.263850585937500000e+03 8.377965116500860313e+05
4.558812988281250000e+03 7.318842694759370061e+05
4.031214355468750000e+03 7.033029335737229558e+05
2.728838867187500000e+03 5.107065678834919818e+05
4.399515136718750000e+03 6.506812410354609601e+05
3.848224853515619998e+03 7.729093322753909742e+05
3.745690917968750000e+03 6.365434416532519972e+05
4.066995361328130002e+03 8.533093057870860212e+05
2.415562988281250000e+03 5.234766824245449970e+05
2.831305664062500000e+03 5.990666109323500423e+05
4.639057128906250000e+03 7.907395517826080322e+05
3.798596435546869998e+03 7.800367417335510254e+05
3.408841308593750000e+03 6.115855081081390381e+05
4.601195312500000000e+03 7.099529447555539664e+05
4.185623046875000000e+03 9.796289384365079459e+05
3.399962158203130002e+03 9.015501670837400015e+05
4.387990722656250000e+03 9.096683744192119921e+05
3.383537353515619998e+03 8.489255505800249521e+05
4.050958740234380002e+03 5.750651186704640277e+05
3.538544921875000000e+03 9.527937581539150560e+05
2.381063476562500000e+03 6.262760587930680485e+05
3.884938720703130002e+03 1.071902709245679900e+06
4.367723144531250000e+03 8.486212754249570426e+05
4.348875976562500000e+03 7.628217732906340389e+05
4.452906250000000000e+03 8.117257046699520433e+05
3.609912109375000000e+03 9.744741091728210449e+05
3.631702636718750000e+03 8.408447456359859789e+05
3.864927001953119998e+03 8.169752582311630249e+05
4.334874511718750000e+03 8.106746609210970346e+05
4.706011718750000000e+03 8.711000517606730573e+05
4.046458740234369998e+03 7.921107088327410165e+05
3.084831787109369998e+03 7.387110587358470075e+05
2.400826416015619998e+03 5.087360892891879776e+05
4.356867675781250000e+03 5.344598885774610098e+05
2.197435302734369998e+03 5.461511207818989642e+05
2.929449218750000000e+03 6.311445831060409546e+05
2.178988769531250000e+03 5.726292117834090022e+05
3.798304199218750000e+03 1.081844435453420039e+06
3.783998779296869998e+03 1.018097298026090022e+06
2.662843261718750000e+03 6.335009946823120117e+05
1.724399902343750000e+03 3.887789140939710196e+05
2.307398437500000000e+03 4.647087231278420077e+05
3.563875244140619998e+03 5.267437874078749446e+05
3.965136230468750000e+03 9.954603838920589769e+05
2.430754150390630002e+03 4.646106789112089900e+05
3.119888671875000000e+03 4.378910866379740182e+05
2.056649169921869998e+03 4.842036840915679932e+05
3.084009765625000000e+03 1.300597377777100075e+06
3.835503173828119998e+03 9.476120040416719858e+05
2.406690185546869998e+03 4.635805597901340225e+05
4.825884277343750000e+03 5.851311743259429932e+05
3.154586181640619998e+03 5.794385790824890137e+05
4.324550292968750000e+03 8.086607187986370409e+05
4.384221191406250000e+03 8.489294492006299552e+05
3.707133300781250000e+03 1.129301247596740024e+06
3.579125488281250000e+03 1.169593247890470084e+06
4.496708007812500000e+03 6.228117688894269522e+05
4.715991210937500000e+03 7.186407161951069720e+05
3.176459960937500000e+03 4.180404070019720239e+05
3.784473388671869998e+03 1.216723428726200014e+06
2.854848388671880002e+03 5.100735598206520081e+05
2.308728515625000000e+03 4.583630175590519793e+05
4.158052246093750000e+03 9.356945909261699999e+05
3.312209472656250000e+03 6.831836755275729811e+05
2.535572753906250000e+03 5.500271415710450383e+05
3.257784667968750000e+03 7.509111218452450121e+05
2.664734619140630002e+03 4.619574239254000131e+05
3.745449462890630002e+03 8.337255598306660540e+05
2.288834960937500000e+03 4.675243191123009892e+05
3.032386718750000000e+03 6.489491569995880127e+05
3.956332031250000000e+03 9.882115689516069833e+05
1.719915283203130002e+03 6.821592520475389902e+05
3.546498535156250000e+03 7.615515539646149846e+05
3.634051025390619998e+03 9.169188340902329655e+05
3.662668701171869998e+03 1.132018342494959943e+06
4.313995117187500000e+03 7.773956090211869450e+05
4.157657226562500000e+03 8.371506198644640390e+05
2.300813232421869998e+03 4.297967278957369854e+05
3.678225830078130002e+03 8.073110041618349496e+05
3.969307128906250000e+03 7.380171042680740356e+05
3.948667236328119998e+03 7.599014018774030264e+05
3.374984619140619998e+03 1.193553317308430094e+06
2.415070800781250000e+03 5.067936015725139878e+05
3.446729003906250000e+03 8.580058034658429679e+05
3.882689941406250000e+03 7.125348062515259953e+05
3.101553222656250000e+03 5.143643268346789991e+05
1.974009521484369998e+03 4.608537487983700121e+05
4.079406494140630002e+03 8.428545454740519635e+05
3.069966308593750000e+03 6.287707495689389762e+05
2.080251708984369998e+03 4.632531974911689758e+05
3.096818603515619998e+03 5.216621791124339798e+05
3.774642089843750000e+03 9.501390411853790283e+05
2.403278808593750000e+03 5.330996354818339460e+05
3.823929687500000000e+03 1.065429171562189935e+06
3.854592285156250000e+03 6.873278483152389526e+05
4.701700683593750000e+03 5.541591311693190364e+05
3.304414794921869998e+03 1.011929497480390011e+06
3.835261230468750000e+03 7.694247573614120483e+05
3.817721679687500000e+03 1.103314260959629901e+06
3.132845947265630002e+03 1.061555282831189921e+06
3.205571044921869998e+03 6.651051626205439679e+05
4.247497558593750000e+03 9.904956732988359872e+05
3.291082519531250000e+03 6.632369314432139508e+05
2.935560791015630002e+03 7.202276984453200130e+05
4.406454589843750000e+03 7.328305987119670026e+05
2.276194091796869998e+03 4.714595197439190233e+05
2.939777099609369998e+03 7.865212442874909611e+05
3.069945800781250000e+03 7.328307814598080004e+05
2.590072998046869998e+03 4.579078840613369830e+05
3.204814208984369998e+03 8.757417860031130258e+05
2.284925781250000000e+03 4.203500046730039758e+05
3.632172119140619998e+03 7.788079452514649602e+05
1.719275146484380002e+03 6.414878672361370409e+05
3.422556884765619998e+03 5.966597609519959660e+05
2.195863769531250000e+03 6.308618112802510150e+05
4.376692871093750000e+03 9.222716401815420249e+05
3.369095947265619998e+03 5.731859835386279738e+05
3.757809570312500000e+03 6.931096854209899902e+05
3.708478271484369998e+03 5.448138329982759897e+05
3.853082519531250000e+03 9.270970969200129621e+05
4.068056152343750000e+03 8.885932233333589975e+05
4.166117675781250000e+03 6.597349345684050350e+05
2.618059814453119998e+03 4.415055648088459857e+05
1.956185424804690001e+03 6.178824504613879835e+05
3.149697753906250000e+03 8.223283079862600425e+05
3.810313476562500000e+03 1.070194991588589968e+06
3.842384033203130002e+03 8.338413001298910240e+05
2.288036621093750000e+03 5.561443818807599600e+05
4.057232666015630002e+03 7.740950002670290414e+05
4.009919189453130002e+03 9.819456937313079834e+05
4.634171386718750000e+03 6.109458297491070116e+05
4.536149902343750000e+03 6.132694076299669687e+05
4.092223144531250000e+03 6.413517200946810190e+05
3.649822021484369998e+03 8.985700980424879817e+05
3.861170654296869998e+03 9.201077839136120165e+05
3.726875732421869998e+03 5.934150121212010272e+05
3.640967285156250000e+03 8.203913636207580566e+05
3.615042968750000000e+03 1.101923549890520051e+06
1.602536254882809999e+03 7.469298382997510489e+05
4.623250000000000000e+03 7.100783097743990365e+05
3.655011962890619998e+03 5.575146861076359637e+05
2.610334960937500000e+03 4.866951158642770024e+05
2.407877685546869998e+03 4.741904121041300241e+05
3.581567626953130002e+03 1.027947589397429954e+06
4.145943847656250000e+03 6.526290893554689828e+05
4.331060546875000000e+03 7.793371220827100333e+05
4.620669433593750000e+03 8.861394071578979492e+05
3.328163330078119998e+03 1.247769972085949965e+06
4.811722167968750000e+03 6.230918604135509813e+05
3.822386718750000000e+03 6.093383188247679500e+05
4.555860351562500000e+03 8.125553189516069833e+05
3.363158691406250000e+03 6.615937846899030264e+05
3.413627197265630002e+03 5.462841612100600032e+05
2.741368652343750000e+03 6.715397750139239943e+05
3.240920898437500000e+03 6.288697379827500554e+05
4.058531005859369998e+03 9.256743440628049430e+05
2.437156250000000000e+03 5.276890810728069628e+05
3.486234130859369998e+03 1.089381443738939939e+06
3.965719482421869998e+03 1.027282630920410040e+06
4.297575195312500000e+03 8.236224063634870108e+05
3.986225341796869998e+03 1.110549491643910063e+06
3.800197998046869998e+03 1.011871140003200038e+06
3.159635009765619998e+03 5.991074246168140089e+05
2.087253906250000000e+03 5.061058300733569777e+05
2.664654296875000000e+03 7.326518104076390155e+05
4.760242187500000000e+03 5.654065907001500018e+05
2.587187255859380002e+03 4.769933071136469953e+05
3.537660888671869998e+03 4.899299049377440242e+05
4.273456054687500000e+03 1.043942898750309949e+06
4.142387207031250000e+03 6.153181936740879901e+05
3.459007080078130002e+03 9.729634546041489812e+05
2.535798095703130002e+03 4.312086986303330050e+05
3.451253173828130002e+03 9.663937915563579882e+05
4.067525146484380002e+03 8.296332265138629591e+05
3.844282714843750000e+03 7.030696254968639696e+05
5.040220214843750000e+03 6.292026436328890268e+05
3.825920898437500000e+03 8.755963796377179679e+05
3.202430664062500000e+03 7.742974239587780321e+05
4.069044189453130002e+03 8.550633195638660109e+05
3.350833740234369998e+03 5.770947161912920419e+05
4.095531005859369998e+03 6.468234341144559439e+05
3.846386230468750000e+03 8.592599409818650456e+05
3.684616943359380002e+03 5.027461937665939913e+05
2.349079589843750000e+03 4.251598364710810129e+05
3.813033935546869998e+03 1.067405284881589934e+06
4.065761718750000000e+03 7.899858996868130052e+05
4.230935546875000000e+03 4.840625418424609816e+05
3.295175537109380002e+03 6.058709222078319872e+05
3.383745361328119998e+03 9.354635367393490160e+05
2.319076904296869998e+03 4.872237444520000136e+05
4.067343017578130002e+03 8.117928949594500009e+05
4.072691406250000000e+03 8.063418923616410466e+05
3.821255859375000000e+03 6.048857895135879517e+05
3.491324707031250000e+03 1.136874561786649982e+06
3.281159179687500000e+03 1.055582474231719971e+06
3.899323730468750000e+03 9.828837993144990178e+05
3.852413818359369998e+03 1.143041814088820014e+06
2.302614746093750000e+03 4.743143455982209998e+05
1.974509765625000000e+03 6.032917410135270329e+05
4.666104492187500000e+03 8.653330781459809514e+05
4.448856933593750000e+03 6.364191122055050218e+05
2.401564697265619998e+03 5.527029354572299635e+05
3.466291992187500000e+03 1.199681948900219984e+06
2.326409179687500000e+03 4.478362545967099722e+05
4.142962890625000000e+03 8.899847263097759569e+05
3.082239501953119998e+03 7.802339875698089600e+05
3.843991210937500000e+03 8.985351932048799936e+05
3.494059570312500000e+03 7.173622732162480243e+05
3.669306152343750000e+03 5.753234632015229436e+05
4.499555664062500000e+03 4.695038437247279799e+05
2.403817626953119998e+03 5.388045357465740526e+05
4.607412109375000000e+03 7.710908085107799852e+05
3.615092285156250000e+03 1.132967778444289928e+06
4.331234863281250000e+03 8.404661530256270198e+05
3.855449707031250000e+03 8.087572096586229745e+05
2.055946533203119998e+03 4.523942903280259925e+05
4.582274902343750000e+03 7.757631225585939828e+05
4.353473632812500000e+03 6.517109032869340153e+05
3.313349365234369998e+03 5.562091355323790340e+05
3.848545654296869998e+03 8.164603966474529589e+05
2.575634033203130002e+03 4.748547309637070284e+05
2.196615234375000000e+03 5.944198815822600154e+05
3.640397460937500000e+03 7.919358191490169847e+05
2.678080810546869998e+03 4.437154126167300274e+05
3.856081298828119998e+03 1.026704782247539959e+06
2.282194824218750000e+03 5.744367706775669940e+05
3.601357910156250000e+03 7.916774137020109920e+05
2.300396972656250000e+03 4.022992998957629898e+05
4.323165527343750000e+03 7.094966843128199689e+05
3.800877197265619998e+03 8.144119760990140494e+05
3.641156494140619998e+03 9.834318600893019466e+05
2.305438232421880002e+03 4.800892992019649828e+05
3.368190673828119998e+03 5.919804415702819824e+05
2.059453857421869998e+03 4.798255331516269944e+05
4.067934570312500000e+03 7.965352777242660522e+05
4.586980957031250000e+03 7.597078719139100285e+05
3.813970214843750000e+03 6.825485658645629883e+05
4.429756835937500000e+03 8.862438780069350032e+05
2.402484130859380002e+03 4.759387606978419935e+05
3.586836669921880002e+03 6.603316062688829843e+05
3.828893798828119998e+03 6.609705536365510197e+05
4.157502441406250000e+03 1.012366264820100041e+06
4.610257324218750000e+03 7.204077659845349845e+05
3.957096435546869998e+03 6.804634739160540048e+05
2.907073730468750000e+03 7.684941444396970328e+05
4.236941894531250000e+03 1.002845894217489986e+06
3.915551513671869998e+03 5.104119783639910165e+05
4.610701660156250000e+03 7.439146816730500432e+05
4.325763183593750000e+03 7.831528970003130380e+05
3.676404296875000000e+03 9.958776581287389854e+05
4.674646484375000000e+03 6.537447649240490282e+05
2.303958496093750000e+03 4.812774038314819918e+05
3.861723144531250000e+03 9.203655802011489868e+05
3.597074218750000000e+03 7.202220941782000009e+05
4.046076416015630002e+03 6.508522930145260179e+05
3.654469482421869998e+03 5.407112048864370445e+05
4.005535644531250000e+03 7.430370656251909677e+05
1.740225463867190001e+03 3.796067085862159729e+05
4.393405761718750000e+03 9.176373376846309984e+05
3.484866943359369998e+03 9.133709065914150560e+05
3.621177734375000000e+03 1.120199674129490042e+06
3.347866455078130002e+03 5.581045352220539935e+05
4.627184570312500000e+03 7.318790307044980582e+05
4.379266601562500000e+03 9.284158053398129996e+05
1.528025268554690001e+03 4.721840235590930097e+05
4.028585937500000000e+03 8.501720126867289655e+05
3.842880371093750000e+03 8.524626350402829703e+05
3.610701660156250000e+03 1.066641033411029959e+06
3.614831787109380002e+03 1.091054317474369891e+06
1.739892333984380002e+03 4.832141349911689758e+05
3.578437744140630002e+03 7.874536846876139753e+05
4.433579101562500000e+03 6.754288318157199537e+05
3.122095214843750000e+03 5.726250085830689641e+05
2.258504882812500000e+03 5.427821643352509709e+05
3.416685546875000000e+03 6.658411490917210467e+05
4.076406250000000000e+03 8.546418421268459642e+05
3.710429687500000000e+03 6.166542022228239803e+05
3.641257324218750000e+03 8.188609722852710402e+05
4.117580566406250000e+03 9.600408065319060115e+05
4.724458496093750000e+03 5.644780489206309430e+05
3.737905029296880002e+03 5.162328625917439931e+05
2.996738281250000000e+03 6.026608345508580096e+05
3.460938476562500000e+03 9.327584422826770460e+05
4.102809082031250000e+03 6.697587145566940308e+05
2.142168945312500000e+03 6.063131110668180045e+05
2.032620605468750000e+03 6.094404748678209726e+05
4.539601074218750000e+03 5.821963049173359759e+05
4.213396484375000000e+03 8.513427562713619554e+05
2.641805908203119998e+03 4.308458223342900164e+05
3.421556884765619998e+03 6.713578190803530160e+05
1.974508789062500000e+03 3.962575953602790250e+05
4.704114257812500000e+03 6.968482798337939894e+05
3.550262695312500000e+03 5.465450032949449960e+05
3.820350097656250000e+03 1.027903242588039953e+06
4.380626464843750000e+03 8.688244147300720215e+05
3.259988769531250000e+03 6.046803200244900072e+05
2.485210937500000000e+03 6.036241593360899715e+05
3.671090332031250000e+03 5.981341096162799513e+05
2.069662841796869998e+03 5.095523934364320012e+05
4.783996582031250000e+03 5.582187526226040209e+05
3.451122314453130002e+03 9.482323720455169678e+05
2.493453857421869998e+03 4.559745032787320088e+05
4.077416015625000000e+03 8.042702019214630127e+05
4.073942871093750000e+03 7.869835354089740431e+05
3.627560058593750000e+03 8.542528328895570012e+05
4.003829833984380002e+03 1.010637774825099972e+06
2.294543457031250000e+03 5.830784896612169687e+05
2.072960937500000000e+03 4.761371943950650166e+05
2.269609619140619998e+03 5.935362957715990487e+05
3.840887207031250000e+03 9.814150549173359759e+05
3.820659423828119998e+03 7.601866712570190430e+05
3.792780517578119998e+03 1.074931693792340113e+06
2.401224365234380002e+03 6.331446973085399950e+05
3.917427001953130002e+03 8.612255767583850538e+05
3.638645996093750000e+03 1.094964390277859988e+06
2.315392578125000000e+03 4.572051576972010080e+05
4.227236816406250000e+03 8.127118729352949886e+05
4.157044921875000000e+03 6.446101140975949820e+05
3.868242431640619998e+03 6.190634888410570566e+05
3.479282470703119998e+03 6.158030236959459726e+05
2.285370361328119998e+03 5.348791730403900146e+05
3.636712890625000000e+03 8.777010256052019540e+05
3.639343750000000000e+03 5.629417487382889958e+05
2.708622070312500000e+03 4.816774388551710290e+05
3.835720947265619998e+03 8.240808597803120501e+05
1.975010375976559999e+03 4.103563780784609844e+05
3.462522460937500000e+03 5.246898844242099440e+05
2.197114746093750000e+03 5.762468271255489672e+05
2.196114501953119998e+03 5.468788226842880249e+05
3.637366210937500000e+03 9.032520368099210318e+05
3.675979980468750000e+03 8.686465401649479754e+05
3.835312988281250000e+03 6.945053915977480356e+05
4.297931640625000000e+03 9.519292390346529428e+05
3.457689208984369998e+03 8.643262593746179482e+05
3.512074707031250000e+03 1.072651244401929900e+06
4.009407470703130002e+03 1.053774732589720050e+06
3.981788330078130002e+03 7.137223017215729924e+05
3.751353027343750000e+03 7.884031815528869629e+05
3.403120361328130002e+03 6.687461696863169782e+05
3.845070800781250000e+03 8.306333445310590323e+05
4.331736816406250000e+03 7.394796961545939557e+05
4.378899902343750000e+03 7.917277911901470507e+05
3.647566650390630002e+03 8.728892140388489934e+05
4.260826660156250000e+03 7.012889305353160016e+05
3.860687500000000000e+03 7.490888822078700177e+05
2.843206298828119998e+03 6.353000253438949585e+05
3.794193847656250000e+03 7.858264979124070378e+05
2.182112792968750000e+03 5.163228963613510132e+05
3.540868896484369998e+03 1.001572750926019973e+06
3.633955078125000000e+03 9.156036587953569833e+05
3.918190673828119998e+03 8.686491595506670419e+05
4.150453613281250000e+03 1.002999585151670035e+06
2.663395019531250000e+03 4.808608910441399785e+05
2.728035644531250000e+03 4.977739295959469746e+05
4.617782226562500000e+03 6.958630253076549852e+05
4.053050537109369998e+03 6.649609745740890503e+05
1.956038574218750000e+03 7.086727961301800096e+05
2.295700439453119998e+03 5.457597967386250384e+05
3.612747314453119998e+03 1.103148813247679966e+06
2.325856933593750000e+03 4.120686035156250000e+05
3.101749511718750000e+03 5.514383813142779982e+05
4.620526367187500000e+03 7.079923040866849478e+05
3.757848388671880002e+03 8.358159514665600145e+05
3.422565429687500000e+03 7.045154654979710467e+05
3.823206542968750000e+03 1.017592000246049953e+06
3.718252929687500000e+03 7.030576250553129939e+05
4.060070800781250000e+03 7.060684566497800406e+05
4.017607666015630002e+03 6.215030506849290105e+05
4.479672851562500000e+03 7.171020402908329852e+05
3.526169433593750000e+03 8.871410480737689650e+05
4.197182128906250000e+03 9.841205757856370183e+05
3.451840820312500000e+03 9.624803683757779654e+05
3.183955322265619998e+03 4.739097418785099871e+05
2.663184814453130002e+03 4.442497368454930256e+05
3.590375000000000000e+03 1.013282867074009962e+06
2.588699707031250000e+03 4.202209846973419772e+05
2.844045654296869998e+03 6.524860587120059645e+05
1.725028076171880002e+03 3.726836112141609774e+05
2.615554931640619998e+03 4.794614080786699778e+05
4.323113769531250000e+03 6.821096055507659912e+05
4.475207031250000000e+03 6.720285645723340567e+05
3.099718017578119998e+03 6.693226172924039420e+05
4.334786621093750000e+03 7.694343211650849553e+05
2.609431884765619998e+03 6.131981968879699707e+05
2.623571533203119998e+03 7.219885957241059514e+05
2.284927734375000000e+03 4.841714595556259737e+05
2.311068359375000000e+03 4.517381951212880085e+05
2.822218994140619998e+03 5.452335438728330191e+05
3.576685546875000000e+03 8.427827255725859432e+05
4.325747070312500000e+03 8.034148201942440355e+05
4.332120117187500000e+03 8.023101704120639479e+05
4.234775390625000000e+03 9.960099066495889565e+05
4.078217285156250000e+03 7.904930858612060547e+05
4.063633789062500000e+03 8.311246316432950553e+05
2.263039550781250000e+03 4.735764098167420016e+05
4.578197753906250000e+03 7.611044309139250545e+05
4.673291503906250000e+03 8.516046948432920035e+05
4.185817871093750000e+03 9.810643618106839713e+05
4.180400390625000000e+03 5.866222748756409856e+05
4.107071777343750000e+03 8.269172281026840210e+05
1.350258056640630002e+03 1.067646755695339991e+06
3.620823242187500000e+03 1.130706091165540041e+06
2.298839843750000000e+03 5.719033982753750170e+05
3.937188964843750000e+03 6.226176297664640006e+05
3.316956298828130002e+03 5.939558848142620409e+05
3.408687500000000000e+03 6.036855016946790274e+05
1.526252807617190001e+03 4.266798416376109817e+05
2.325075927734369998e+03 4.027699060440059984e+05
1.535467895507809999e+03 4.619339712858200073e+05
4.404010253906250000e+03 5.773681069612499559e+05
4.400535156250000000e+03 5.999543999433519784e+05
4.319743164062500000e+03 7.624386729002000066e+05
2.334410400390630002e+03 4.485745863318439806e+05
3.494350341796869998e+03 1.246489397048949962e+06
3.735631591796880002e+03 8.110697008371349657e+05
3.903793457031250000e+03 6.886901725530619733e+05
4.433968750000000000e+03 8.382065368890760001e+05
3.639171630859380002e+03 8.799263460636140080e+05
2.064914794921869998e+03 4.939614136815069942e+05
3.836681640625000000e+03 8.574757738113399828e+05
4.333037597656250000e+03 7.871810858249659650e+05
2.553261718750000000e+03 5.278449040651320247e+05
4.257782226562500000e+03 8.875549719333649846e+05
2.310831054687500000e+03 4.636303281188010005e+05
4.647414062500000000e+03 7.045207651853560237e+05
4.608534667968750000e+03 6.007983903884890024e+05
4.205771972656250000e+03 9.768380134105680045e+05
4.154861816406250000e+03 1.023964539289469947e+06
4.005239257812500000e+03 8.866409890651700553e+05
4.196141113281250000e+03 5.701255663633350050e+05
4.448683105468750000e+03 8.855625940561289899e+05
3.991958740234369998e+03 7.025115745067599928e+05
3.783863037109369998e+03 1.034027610063549946e+06
2.410685791015619998e+03 5.492884138822560199e+05
3.263375488281250000e+03 6.386848808526990470e+05
2.272026855468750000e+03 4.993980401158329914e+05
4.335611328125000000e+03 8.514491764307019766e+05
3.084401855468750000e+03 7.168564271926879883e+05
2.076758300781250000e+03 4.503736169934269856e+05
3.254157958984380002e+03 8.342817224264149554e+05
2.941416992187500000e+03 6.652657979726790218e+05
3.378849365234369998e+03 5.619940184354779776e+05
4.048095947265630002e+03 7.889775580167770386e+05
3.840998779296869998e+03 8.913646552562710131e+05
3.440832031250000000e+03 5.812566764354710467e+05
3.646821533203119998e+03 7.697286670207979623e+05
3.797569580078119998e+03 1.116847591400149977e+06
3.778914550781250000e+03 7.110762348175049992e+05
1.819977294921880002e+03 3.983016908764839754e+05
3.377209716796869998e+03 9.339980208873749943e+05
3.842915527343750000e+03 7.664277536869050236e+05
3.384191162109380002e+03 9.486696876287460327e+05
2.766265869140619998e+03 6.599584960937500000e+05
4.302549804687500000e+03 6.821431093215940055e+05
2.115976074218750000e+03 5.888419910669330275e+05
2.204790039062500000e+03 5.242332584857940092e+05
3.465327880859369998e+03 7.163873744010929950e+05
4.316868652343750000e+03 7.322956348657610361e+05
3.848331054687500000e+03 9.059802184104919434e+05
2.412070068359369998e+03 5.899842869043350220e+05
4.707283691406250000e+03 8.700047221183780348e+05
3.094002929687500000e+03 1.035917344570160029e+06
3.594591796875000000e+03 1.082366119623180013e+06
3.577734863281250000e+03 7.234405273199080257e+05
3.422815185546880002e+03 5.625444549322129460e+05
3.839021972656250000e+03 9.057085332870479906e+05
2.310172363281250000e+03 4.622391297221180284e+05
3.841783203125000000e+03 8.068770998716360191e+05
3.169208007812500000e+03 6.295572353601460345e+05
3.427550781250000000e+03 6.221672172546390211e+05
2.463505615234369998e+03 5.446605075597759569e+05
3.663472412109380002e+03 5.575601903200149536e+05
4.075679931640630002e+03 7.485677462816239567e+05
1.349867187500000000e+03 1.095777983665470034e+06
3.960533447265619998e+03 1.049535957336429972e+06
2.433117675781250000e+03 5.515728228092190111e+05
3.196310791015619998e+03 5.438739608526229858e+05
2.632351562500000000e+03 4.483449636697769747e+05
3.986669921875000000e+03 1.005320299983020057e+06
1.974509521484380002e+03 5.246647261381150456e+05
2.284467529296869998e+03 4.146228396296499996e+05
4.206022949218750000e+03 9.349189481735229492e+05
3.664712890625000000e+03 5.142796536684039747e+05
4.209878417968750000e+03 9.417538392543790396e+05
3.820211425781250000e+03 7.843271737098690355e+05
2.689641113281250000e+03 4.715746204257010249e+05
1.817977050781250000e+03 3.729901707172389724e+05
3.925141357421880002e+03 9.632175122499469435e+05
3.042763671875000000e+03 5.794558792114260141e+05
3.783849853515619998e+03 6.834981236457830528e+05
3.987917480468750000e+03 5.402043842077259906e+05
2.596928710937500000e+03 4.501355270147320116e+05
4.386908691406250000e+03 8.217038586139680119e+05
3.788996093750000000e+03 1.057934560775760096e+06
4.329743164062500000e+03 7.696882188320159912e+05
3.780722167968750000e+03 1.036389808654790046e+06
3.616056396484369998e+03 1.128564773797990056e+06
4.427602539062500000e+03 9.410741391181950457e+05
2.218063720703119998e+03 6.108964269161219709e+05
3.844003662109369998e+03 8.448210340738300001e+05
4.695567382812500000e+03 1.005142486333849956e+06
4.073820068359369998e+03 8.820729631185530452e+05
4.488830078125000000e+03 5.737352626323699951e+05
2.810247314453119998e+03 5.591034349203109741e+05
3.820146972656250000e+03 1.031369481801989954e+06
4.253483886718750000e+03 9.290305081605910091e+05
4.381147949218750000e+03 7.948809833526610164e+05
4.638268066406250000e+03 8.756013138294219971e+05
4.250891601562500000e+03 9.245997258424760075e+05
4.062002441406250000e+03 8.225936578512189444e+05
3.700520507812500000e+03 8.939350645542149432e+05
3.947634765625000000e+03 6.971642508506770246e+05
2.413976562500000000e+03 4.970228968858720036e+05
3.790626220703130002e+03 6.936939911842349684e+05
3.723662597656250000e+03 7.075255051851270255e+05
3.844614990234369998e+03 8.577958261966709979e+05
4.327364746093750000e+03 7.975330200195310172e+05
4.506445312500000000e+03 5.858203773498539813e+05
4.255684082031250000e+03 7.089513647556309588e+05
2.608989013671869998e+03 6.455579662323000375e+05
1.996700439453130002e+03 5.760612771511080209e+05
4.383007324218750000e+03 9.462219630479810294e+05
3.486557617187500000e+03 9.464429661035540048e+05
4.891633789062500000e+03 6.770837962627409725e+05
3.523610839843750000e+03 8.583426686525340192e+05
2.580692382812500000e+03 4.350506674051290029e+05
2.296190673828119998e+03 5.284259812831879826e+05
2.401783203125000000e+03 4.670852369666100130e+05
2.696406250000000000e+03 4.704491983056070167e+05
2.532368408203119998e+03 5.320685721635819646e+05
3.616222412109380002e+03 1.126462198972699931e+06
3.664721191406250000e+03 4.926435276269909809e+05
3.772969238281250000e+03 6.177475825548169669e+05
4.529088867187500000e+03 5.771611754894260084e+05
2.405377685546869998e+03 5.074149746894839918e+05
2.288200927734369998e+03 5.720436267852779711e+05
1.975511962890630002e+03 4.006292892098429729e+05
3.379110107421869998e+03 6.077295286655429518e+05
2.617890869140619998e+03 5.625104029178620549e+05
3.065057861328130002e+03 5.998683257102969801e+05
2.083365478515619998e+03 5.658886185884480365e+05
2.178783447265630002e+03 5.507363250255590538e+05
4.192889648437500000e+03 9.219774770736700157e+05
3.906506347656250000e+03 8.299183740615850547e+05
2.310402587890619998e+03 4.330489998459820054e+05
4.106799804687500000e+03 8.371790676116939867e+05
4.230302246093750000e+03 9.872579907178879948e+05
2.065546386718750000e+03 5.037879782915120013e+05
4.471335937500000000e+03 7.172761989831919782e+05
3.784358886718750000e+03 6.442278665304180468e+05
4.333811523437500000e+03 7.706830371618269710e+05
3.810470458984369998e+03 1.043673528432850027e+06
2.741834716796869998e+03 5.033583685755730257e+05
2.306720947265619998e+03 4.011067179441450280e+05
4.209574218750000000e+03 9.704436055421830388e+05
2.111647705078119998e+03 4.693338273167610168e+05
2.819620117187500000e+03 5.073405354022979736e+05
3.637924560546869998e+03 8.408673454523090040e+05
4.331874023437500000e+03 7.826305427551269531e+05
4.182847167968750000e+03 6.514984893798830453e+05
2.668100097656250000e+03 4.850006169676780119e+05
3.169442382812500000e+03 7.787542173862459604e+05
4.724713867187500000e+03 8.566151533126829891e+05
4.209674804687500000e+03 9.404937928915020311e+05
4.249122070312500000e+03 7.236715815067290096e+05
3.831796142578119998e+03 8.498063951730730478e+05
1.729528076171880002e+03 3.896042033433910110e+05
4.058296386718750000e+03 8.081306282281880267e+05
3.795506835937500000e+03 1.089334416627879953e+06
4.426262695312500000e+03 8.116193454265600303e+05
3.631123291015619998e+03 7.117621483802800067e+05
4.071532226562500000e+03 8.622115622758870013e+05
3.362430419921869998e+03 5.402308826446529711e+05
4.391955078125000000e+03 9.624735457897189772e+05
2.843458740234380002e+03 6.863834074735640315e+05
4.458313964843750000e+03 7.333978480100630550e+05
2.158253173828119998e+03 5.609268928766249446e+05
3.394662109375000000e+03 1.154560532331469934e+06
4.086876464843750000e+03 7.810210825204850407e+05
3.938971923828119998e+03 7.008829866647720337e+05
3.839664794921869998e+03 7.367981152534489520e+05
4.255808105468750000e+03 4.669612730145449750e+05
3.849055175781250000e+03 9.651989252567290096e+05
2.757793701171880002e+03 4.978616485595700215e+05
2.737648925781250000e+03 5.032295618057249812e+05
2.296113037109380002e+03 5.873464436531070387e+05
3.461834472656250000e+03 5.463305791616439819e+05
3.202924072265619998e+03 4.312502128481860273e+05
3.900447021484369998e+03 1.007725687980649993e+06
3.555245605468750000e+03 5.636369215250019915e+05
4.107958984375000000e+03 1.011587271690370049e+06
4.084159912109380002e+03 7.085962247848509578e+05
4.408038574218750000e+03 6.626587172746659489e+05
2.198994873046880002e+03 5.373051506280900212e+05
3.723220458984369998e+03 8.380554044246670092e+05
3.369451904296869998e+03 1.190200138092040084e+06
3.770069335937500000e+03 5.695833535194400465e+05
4.601311523437500000e+03 6.432444394826890202e+05
3.808523193359369998e+03 8.142322131395339966e+05
4.078566406250000000e+03 5.694130325317380484e+05
4.064818603515630002e+03 7.811030753850940382e+05
4.459406738281250000e+03 6.642675074338909471e+05
4.088547119140619998e+03 6.367865571975710336e+05
3.492584716796869998e+03 9.889712517261509784e+05
4.077115234375000000e+03 8.388711907863620436e+05
4.613059082031250000e+03 6.824858224391939584e+05
3.857636718750000000e+03 6.977489221096039983e+05
3.807608154296869998e+03 5.870056798458100529e+05
3.637999023437500000e+03 8.524375376701359637e+05
3.395424072265619998e+03 9.019608623981480487e+05
4.388783691406250000e+03 8.104919739961619489e+05
4.033695312500000000e+03 6.658927448987959651e+05
3.641673828125000000e+03 8.571788085699080257e+05
3.634158447265630002e+03 8.336530089378360426e+05
3.392247314453119998e+03 8.373441498279570369e+05
3.392971191406250000e+03 8.687072733640669612e+05
3.704411865234380002e+03 5.602039424180979840e+05
3.800515869140630002e+03 7.121521931886669481e+05
4.375479492187500000e+03 9.696650997400280321e+05
4.618999511718750000e+03 8.703630906343460083e+05
4.136658691406250000e+03 6.116608611345289974e+05
2.683980712890619998e+03 4.954436814188960125e+05
2.410478515625000000e+03 5.343606564998630201e+05
4.376354003906250000e+03 6.793361024856569711e+05
4.075917724609380002e+03 1.023746094703670009e+06
2.349441162109369998e+03 4.066309415102010244e+05
4.474558105468750000e+03 9.483724178075790405e+05
3.363284667968750000e+03 5.827196947336200392e+05
3.838053710937500000e+03 9.198825776577000506e+05
3.179447265625000000e+03 5.929076431989669800e+05
4.001267822265630002e+03 8.084547010660170345e+05
3.850398193359369998e+03 8.363693119287489681e+05
4.612382812500000000e+03 6.418589062690739520e+05
2.281877685546869998e+03 6.113652360439300537e+05
2.325633789062500000e+03 4.636308154463769752e+05
3.622417236328119998e+03 5.575486162900920026e+05
4.325930664062500000e+03 7.383977680206299992e+05
3.257125244140619998e+03 6.485125724077230552e+05
3.852443359375000000e+03 7.184248909950259840e+05
3.936559814453119998e+03 6.579362084865570068e+05
3.449636718750000000e+03 8.390706905126570491e+05
3.708123291015619998e+03 6.706557627916339552e+05
2.319849365234369998e+03 5.891314027309420053e+05
3.793185302734380002e+03 1.100803914785390021e+06
4.333061035156250000e+03 7.820171800851819571e+05
2.376251464843750000e+03 5.376086338758469792e+05
1.505933349609380002e+03 7.746320961713789729e+05
4.329609375000000000e+03 7.491238479614260141e+05
3.303759765625000000e+03 8.762704755067819497e+05
1.587485595703130002e+03 4.199090950489040115e+05
3.363562744140619998e+03 5.747377563714979915e+05
2.540420166015619998e+03 4.254094395637509879e+05
2.837971435546869998e+03 6.310230557918549748e+05
3.614356445312500000e+03 1.124208430767060025e+06
3.476150878906250000e+03 8.042192152738570003e+05
3.565083496093750000e+03 7.544592320919040358e+05
2.346450195312500000e+03 3.978667814731600229e+05
4.604188964843750000e+03 6.672562874555590097e+05
2.083761718750000000e+03 5.067441682815550012e+05
3.263524414062500000e+03 6.358417508602140006e+05
3.621661376953130002e+03 1.147154006004330004e+06
3.718289306640619998e+03 7.352930040359500563e+05
2.858218017578119998e+03 6.350725651979449904e+05
4.275392089843750000e+03 9.575205919742590049e+05
2.950491943359369998e+03 6.752198901176450308e+05
3.538152099609380002e+03 5.568117769956589909e+05
2.663283935546869998e+03 4.756702432036399841e+05
2.684457763671880002e+03 5.612496864795689471e+05
3.986424560546869998e+03 8.490085790157320444e+05
3.991957763671869998e+03 7.952635354995729867e+05
3.783372802734369998e+03 6.954896105527880136e+05
2.676203369140619998e+03 5.051667193770409795e+05
4.075287841796880002e+03 7.358614107370380079e+05
4.023076660156250000e+03 7.946123440265660174e+05
3.827769775390619998e+03 8.700571707487109816e+05
4.066073486328130002e+03 9.440871636867519701e+05
4.455585449218750000e+03 9.270900306701660156e+05
3.958526855468750000e+03 9.853843380212780321e+05
2.406880371093750000e+03 4.472084853053090046e+05
3.917664550781250000e+03 6.736896206140520517e+05
3.259987792968750000e+03 5.940148514509199886e+05
2.543567626953119998e+03 5.207092100381850032e+05
4.000547119140630002e+03 1.088890583038330078e+06
3.569809326171869998e+03 1.205049618482589955e+06
4.106229492187500000e+03 9.134087963104250375e+05
4.699605468750000000e+03 6.801679706573489821e+05
2.353700439453119998e+03 4.335152200460429885e+05
3.567866699218750000e+03 8.207611234188079834e+05
4.001124023437500000e+03 7.424919897317889845e+05
3.799974609375000000e+03 8.009029511213300284e+05
4.163400878906250000e+03 9.866548619270330528e+05
2.960241455078119998e+03 4.312525581121449941e+05
4.060175292968750000e+03 7.942814486026760424e+05
2.015059570312500000e+03 5.995589336156849749e+05
2.191341796875000000e+03 5.335567487478259718e+05
4.328549804687500000e+03 7.388949030637739925e+05
4.062392578125000000e+03 6.737459069490430411e+05
1.883507812500000000e+03 5.907980021238330519e+05
2.942331054687500000e+03 6.482808481454850407e+05
3.601215576171869998e+03 7.630285829305649968e+05
3.174213623046869998e+03 5.456520364284520037e+05
3.396647216796869998e+03 6.369462788105009822e+05
2.266597167968750000e+03 4.519577666521070059e+05
4.132102050781250000e+03 7.438570551872249926e+05
2.476946289062500000e+03 4.866950854063029983e+05
3.361009277343750000e+03 9.671858206987379817e+05
3.172708740234380002e+03 7.223336845636370126e+05
4.092747558593750000e+03 8.051897281408309937e+05
2.262699707031250000e+03 4.450026579499240033e+05
3.873779785156250000e+03 6.603726636171339778e+05
3.173466064453119998e+03 6.054105194807050284e+05
2.665136230468750000e+03 7.222468184232709464e+05
2.696071044921869998e+03 4.888672871589660062e+05
2.061619140625000000e+03 4.461031045317649841e+05
2.535969482421869998e+03 4.739205240011219867e+05
3.774640380859369998e+03 1.092824900388719980e+06
2.287698486328119998e+03 5.649917531013489934e+05
3.733946044921869998e+03 9.258606859445569571e+05
3.437042480468750000e+03 8.749798493385319598e+05
2.563144531250000000e+03 4.832615275979039725e+05
3.358777587890619998e+03 5.820258620977400569e+05
4.339360839843750000e+03 6.715475113391879713e+05
3.959431152343750000e+03 1.015720906019210001e+06
3.537195068359380002e+03 7.405035713911060011e+05
2.597322265625000000e+03 4.526678029298780020e+05
3.621315185546869998e+03 6.696635638475420419e+05
3.039228515625000000e+03 9.767851383686070330e+05
4.734408691406250000e+03 8.629768493175510084e+05
4.230607421875000000e+03 6.471780258417129517e+05
2.300557617187500000e+03 4.083499590754510136e+05
3.352833740234369998e+03 5.968503669500349788e+05
4.318429199218750000e+03 8.627990356683729915e+05
3.655212646484369998e+03 5.285060857534409733e+05
4.416420898437500000e+03 6.964961856603620108e+05
3.338618896484369998e+03 6.468440846204760019e+05
3.514595947265619998e+03 7.739562946557999821e+05
4.089351074218750000e+03 8.265289498567580013e+05
3.173464111328119998e+03 5.461616592407230055e+05
3.789873779296869998e+03 9.925416572093960131e+05
4.708338867187500000e+03 6.389538247585300123e+05
4.078573242187500000e+03 8.267312517166140024e+05
4.078765136718750000e+03 8.338497065305709839e+05
4.395627441406250000e+03 6.781836946010589600e+05
3.747351562500000000e+03 7.679204380512239877e+05
4.094777343750000000e+03 8.471000214815139771e+05
3.690779052734380002e+03 7.670942959785460262e+05
4.107926757812500000e+03 7.917247453927990282e+05
3.508401855468750000e+03 9.602986637353899423e+05
4.581883300781250000e+03 8.562972939014430158e+05
4.510782714843750000e+03 6.468966550827029860e+05
3.716057861328119998e+03 8.604618126153950579e+05
4.221265625000000000e+03 5.674430717229839647e+05
2.680084228515619998e+03 4.324658819437029888e+05
3.454957519531250000e+03 9.440715082883830182e+05
4.368922363281250000e+03 5.352144544124599779e+05
4.318344726562500000e+03 9.133576878309249878e+05
3.638311767578119998e+03 9.207039682865140494e+05
4.420099609375000000e+03 8.432873532772059552e+05
3.897542236328130002e+03 6.870551885366439819e+05
4.070164794921880002e+03 8.260920606851580087e+05
2.413067138671880002e+03 4.567615677714350168e+05
4.425383789062500000e+03 9.537708499431610107e+05
4.449957031250000000e+03 6.787937678098679753e+05
4.068522460937500000e+03 8.173327739238740178e+05
3.645363525390619998e+03 9.261094057559970533e+05
2.575651123046869998e+03 5.060709252357480000e+05
4.128610351562500000e+03 8.531429443359379657e+05
3.958681152343750000e+03 6.154154155254360521e+05
2.195616210937500000e+03 4.719821481108670123e+05
3.833053710937500000e+03 8.402687244415279711e+05
4.492145996093750000e+03 6.418043255805970402e+05
1.955895874023440001e+03 7.442310791015629657e+05
4.156650390625000000e+03 1.006501094698910019e+06
4.120623535156250000e+03 1.003761704564090003e+06
4.456711425781250000e+03 6.622616671323779738e+05
3.358941162109369998e+03 6.606073118448259775e+05
3.655667968750000000e+03 5.821040781736370409e+05
3.840150390625000000e+03 8.532751319408420241e+05
1.716652954101559999e+03 4.574530856013299781e+05
4.589129882812500000e+03 6.066298130750659620e+05
3.554983642578119998e+03 4.627072383165360079e+05
3.767476806640619998e+03 9.122937908172609750e+05
2.196619140625000000e+03 5.723686742782590445e+05
3.701555908203119998e+03 1.191430518388750032e+06
4.331766601562500000e+03 7.901310014724730281e+05
4.325500976562500000e+03 7.653428406715389574e+05
4.075118164062500000e+03 8.768873103857040405e+05
3.250039794921869998e+03 7.061973547935490496e+05
3.626101562500000000e+03 5.536295279264450073e+05
3.082799804687500000e+03 5.756490589380259626e+05
3.785821533203119998e+03 5.774024635553359985e+05
4.630871093750000000e+03 7.582592906951910118e+05
4.078700439453130002e+03 7.739632390737530077e+05
3.836665527343750000e+03 9.439214113950730534e+05
3.747802001953119998e+03 6.434056839942929801e+05
2.182886230468750000e+03 6.003569934368130052e+05
4.322749023437500000e+03 7.406649377346039983e+05
3.617742675781250000e+03 1.120258518934250111e+06
4.372318359375000000e+03 8.850066142082209699e+05
1.975012084960940001e+03 6.060043890476230299e+05
1.718159057617190001e+03 4.205672309398649959e+05
2.584819335937500000e+03 4.328472766876220121e+05
4.482050781250000000e+03 9.228446155786509626e+05
4.566885742187500000e+03 6.401986421346659772e+05
3.608683349609369998e+03 8.139888539314270020e+05
2.078528808593750000e+03 4.544229436516760034e+05
3.465402832031250000e+03 9.760007846355440561e+05
2.276295410156250000e+03 4.507935715317730210e+05
2.075623535156250000e+03 4.733283600807189941e+05
1.965311645507809999e+03 6.459456962347029475e+05
2.280672607421869998e+03 4.196254399418830290e+05
3.467883544921869998e+03 5.331015847921370296e+05
4.004491699218750000e+03 1.031111807346340036e+06
3.309104736328130002e+03 5.591203695535659790e+05
3.919115722656250000e+03 6.314607977867129957e+05
2.301173583984369998e+03 4.419422103166580200e+05
2.409577636718750000e+03 5.217998491525650024e+05
3.389386474609369998e+03 6.806477446556090144e+05
1.521477905273440001e+03 4.455801411271099932e+05
3.849219238281250000e+03 8.801576439142229501e+05
4.484036621093750000e+03 7.596598092317580013e+05
3.632313720703119998e+03 1.014878316640850040e+06
2.286500000000000000e+03 5.182308447360990103e+05
3.959376708984369998e+03 1.021718507409099955e+06
3.866681640625000000e+03 1.083094552516940050e+06
2.334747558593750000e+03 4.403869652748110238e+05
4.321066406250000000e+03 7.726946644783020020e+05
4.452761718750000000e+03 6.457165304422379704e+05
3.393023681640630002e+03 8.686634138822560199e+05
4.344368164062500000e+03 7.587210335731509840e+05
3.433541259765619998e+03 8.026388728618619498e+05
3.786434326171880002e+03 1.054520831108090002e+06
3.524430419921869998e+03 9.040351113080979558e+05
4.331803222656250000e+03 7.460995539426800096e+05
4.099790527343750000e+03 7.760499757528309710e+05
4.088043212890630002e+03 8.183050533533099806e+05
4.312066894531250000e+03 7.676582558155059814e+05
3.265159912109369998e+03 5.757853279113769531e+05
3.332677978515619998e+03 5.869674246311190072e+05
2.098376220703130002e+03 5.253185979127880419e+05
4.474308105468750000e+03 1.019087913155560032e+06
2.858718750000000000e+03 4.254988337159159710e+05
3.849390869140619998e+03 8.384452664852140006e+05
3.115779296875000000e+03 5.769012471437449567e+05
2.373864501953119998e+03 5.056904746890069800e+05
4.849318359375000000e+03 6.598252120018010028e+05
3.797259765625000000e+03 7.691317516565320548e+05
2.282534179687500000e+03 4.826960753202440101e+05
3.828107910156250000e+03 8.722535561323170550e+05
3.461204833984369998e+03 9.629126888513560407e+05
3.599208984375000000e+03 8.366584799289699877e+05
4.617997070312500000e+03 7.319922125339510385e+05
1.711406127929690001e+03 4.588156535029410152e+05
4.063890136718750000e+03 6.375266250371929491e+05
4.060239501953130002e+03 8.452040126323699951e+05
4.703544433593750000e+03 6.837963072061539860e+05
4.062115722656250000e+03 8.160525643825529842e+05
4.387522949218750000e+03 9.241571714878079947e+05
4.080876708984380002e+03 8.136572884321210440e+05
2.688765869140619998e+03 4.514280415773389977e+05
4.319711914062500000e+03 9.011718790531159611e+05
2.264686035156250000e+03 6.107687470912929857e+05
3.557539062500000000e+03 1.080793148040770087e+06
3.783367187500000000e+03 1.063337805271150079e+06
3.657489013671880002e+03 7.205184502601620043e+05
2.413991210937500000e+03 4.968920494318010169e+05
3.969927001953119998e+03 7.565920212268830510e+05
2.958238769531250000e+03 4.857980676293370198e+05
4.168641113281250000e+03 9.146611672639850294e+05
3.541708984375000000e+03 6.813249472379679792e+05
2.088857421875000000e+03 4.665652889013289823e+05
3.974953369140619998e+03 8.929618713855739916e+05
4.400154296875000000e+03 8.717711627483370248e+05
2.543366699218750000e+03 4.469544048905369709e+05
1.521810668945309999e+03 4.651202103495600168e+05
4.377055175781250000e+03 9.079123504161840538e+05
3.455041503906250000e+03 7.648587416410449659e+05
2.347222656250000000e+03 5.542815722227100050e+05
4.427335937500000000e+03 9.509439235925669782e+05
3.823983398437500000e+03 8.426396949291230412e+05
4.322053222656250000e+03 7.425766019821170485e+05
3.508981201171869998e+03 5.864015763998030452e+05
3.127929687500000000e+03 5.914535795450210571e+05
4.398973144531250000e+03 6.461077935695650522e+05
4.073655761718750000e+03 8.215432841777800350e+05
4.430038085937500000e+03 7.103295880556110060e+05
3.915321289062500000e+03 5.572920383214950562e+05
1.724274291992190001e+03 6.660176835060119629e+05
4.073049804687500000e+03 7.058337475061420118e+05
3.740778564453119998e+03 7.100178202390669612e+05
3.587857421875000000e+03 8.185068069696429884e+05
2.285697509765630002e+03 5.574630903005599976e+05
3.845656982421869998e+03 8.948616570234299870e+05
2.259179931640630002e+03 5.294764767885210458e+05
4.582601562500000000e+03 7.089469788074489916e+05
3.342778320312500000e+03 5.962349331378940260e+05
2.773411865234369998e+03 5.509643943309780443e+05
2.819709960937500000e+03 5.478163191080089891e+05
3.710861816406250000e+03 9.608979548215869581e+05
4.063173583984369998e+03 8.369955278635029681e+05
4.000466064453130002e+03 6.050224239826200064e+05
3.451053955078119998e+03 9.117868483066560002e+05
4.283817382812500000e+03 5.745204691886899527e+05
3.778732421875000000e+03 1.004015419483180041e+06
2.192302734375000000e+03 5.685543613433840219e+05
3.173715820312500000e+03 5.524674953222270124e+05
2.115808837890619998e+03 5.524967349767689593e+05
3.576379150390619998e+03 7.972898435592650203e+05
2.744245849609380002e+03 4.367810153365139849e+05
4.332311523437500000e+03 7.705573675632480299e+05
3.582286132812500000e+03 1.163068418979639886e+06
3.588899902343750000e+03 7.704360839128489606e+05
3.205135253906250000e+03 6.452819560766220093e+05
3.273219970703119998e+03 6.938963539600369986e+05
2.409582763671869998e+03 5.370988892316820566e+05
3.630741455078119998e+03 8.807113698720929679e+05
1.820119140625000000e+03 4.043986157178879948e+05
3.511252929687500000e+03 8.279548703432079637e+05
4.110272460937500000e+03 9.347965680360790575e+05
2.552156738281250000e+03 4.325114470720289974e+05
3.440560791015619998e+03 8.043775967359540518e+05
4.000642578125000000e+03 8.979963916540150531e+05
3.107731933593750000e+03 6.045358273983000545e+05
4.426239257812500000e+03 9.987000157833100529e+05
2.680095947265630002e+03 4.492457886934279813e+05
3.966520019531250000e+03 9.818548680543899536e+05
3.368006347656250000e+03 5.856605339050289476e+05
4.636504882812500000e+03 8.385172082185749896e+05
4.167250976562500000e+03 6.753766877651209943e+05
2.449739990234369998e+03 5.431312127113339957e+05
4.273875000000000000e+03 1.034672709941860056e+06
2.927232666015619998e+03 7.333069005012509879e+05
4.009885986328119998e+03 5.661319168806079542e+05
2.823885498046869998e+03 5.609695949554439867e+05
2.285703369140619998e+03 5.463992314338679425e+05
2.544158447265619998e+03 4.518783627152440022e+05
4.032593017578130002e+03 1.007634862303729984e+06
1.878399658203130002e+03 4.210975956320759724e+05
3.120076171875000000e+03 5.279550400972369825e+05
3.581535156250000000e+03 5.977606339454649715e+05
3.401876708984369998e+03 6.088017711639399640e+05
2.986773193359369998e+03 6.651342195272450335e+05
4.009564697265630002e+03 7.397314617633819580e+05
4.588624511718750000e+03 7.316713073253630428e+05
3.844283691406250000e+03 9.284689240455629770e+05
4.479391601562500000e+03 6.803346366882319562e+05
3.844812500000000000e+03 9.007022780179979745e+05
3.640686523437500000e+03 9.703442516326899640e+05
4.110495605468750000e+03 9.622913461923600407e+05
3.933143066406250000e+03 1.064142383098599967e+06
3.588963378906250000e+03 7.938532094955450157e+05
3.379698242187500000e+03 8.541857644319540123e+05
3.819226806640619998e+03 1.037811099529269966e+06
4.615986328125000000e+03 7.555881873369220411e+05
4.637540039062500000e+03 5.396929339170459425e+05
3.369724609375000000e+03 1.220619003534320043e+06
4.075987548828130002e+03 7.537925679683689959e+05
4.197496093750000000e+03 1.083704321146009956e+06
4.415062988281250000e+03 6.136950273513790453e+05
3.964441406250000000e+03 9.796438019275669940e+05
4.092383789062500000e+03 4.880549120903019793e+05
2.162985595703119998e+03 5.274837943315509474e+05
4.387242187500000000e+03 5.604663074016569881e+05
2.848895507812500000e+03 6.575595651865010150e+05
4.059402832031250000e+03 8.231553028821949847e+05
1.636739990234380002e+03 8.939915336370470468e+05
4.056363525390630002e+03 5.579434125423430232e+05
2.861942138671869998e+03 6.145201947689059889e+05
2.325689208984369998e+03 4.685347014665600145e+05
3.837782470703130002e+03 8.766505300998690072e+05
1.974008789062500000e+03 3.894514261484150193e+05
2.411791259765619998e+03 5.014786547422410222e+05
4.315437988281250000e+03 7.661382201910020085e+05
2.551353759765619998e+03 6.915075350999829825e+05
4.230389648437500000e+03 1.013177787065510056e+06
3.173962646484369998e+03 6.060353343486790545e+05
4.067470458984380002e+03 8.085256681442259578e+05
4.065767333984380002e+03 8.087527018785480177e+05
4.189829589843750000e+03 6.475940208435059758e+05
4.324372070312500000e+03 8.059195011854169425e+05
4.555188964843750000e+03 7.914444711208340013e+05
4.445118652343750000e+03 6.471585936546330340e+05
3.816322265625000000e+03 7.686318753957749577e+05
4.483536132812500000e+03 6.214128950834269635e+05
3.122242675781250000e+03 5.096652706861500046e+05
3.823708740234369998e+03 1.030895921230320004e+06
3.770389648437500000e+03 5.027343151569369948e+05
4.542430664062500000e+03 8.092525781393049983e+05
2.558543212890619998e+03 5.307248882055280264e+05
4.749936035156250000e+03 6.186289144754409790e+05
4.319314453125000000e+03 8.367772660255429801e+05
3.802227783203119998e+03 5.485092989206309430e+05
3.583525146484380002e+03 5.281295033693310106e+05
3.692475585937500000e+03 9.314918779134750366e+05
4.215719726562500000e+03 1.019749764919279958e+06
4.186595214843750000e+03 7.912882826328279916e+05
2.201972656250000000e+03 4.981750611066819984e+05
2.100290283203130002e+03 4.392439689040179946e+05
3.646488525390619998e+03 5.968738805055619450e+05
3.466467041015619998e+03 1.114655591964720050e+06
3.611982910156250000e+03 8.243730126619340153e+05
2.291047607421869998e+03 4.185919704437259934e+05
3.861002197265630002e+03 7.289737664461140521e+05
3.622561523437500000e+03 8.681720049381259596e+05
4.460218261718750000e+03 1.076560464382170001e+06
2.729246582031250000e+03 4.454318717122080270e+05
4.350057617187500000e+03 8.684075669050220167e+05
4.598244628906250000e+03 7.348393020629880484e+05
3.548821533203119998e+03 1.154422618627550080e+06
3.358248046875000000e+03 6.376323751211169874e+05
3.638418945312500000e+03 9.602534641027450562e+05
3.775026123046869998e+03 1.096052592754360056e+06
3.559234619140619998e+03 5.487959693670270499e+05
3.844886718750000000e+03 9.335759952068330022e+05
4.327493164062500000e+03 7.810700589418410091e+05
3.550901855468750000e+03 1.020615258693699958e+06
3.633010742187500000e+03 8.943582476377489511e+05
4.065923583984380002e+03 8.411392133235930232e+05
4.325783691406250000e+03 7.156907396316529484e+05
3.351554687500000000e+03 8.393660110235209577e+05
2.186432861328130002e+03 5.329742704629900400e+05
4.247061523437500000e+03 8.501054315567020094e+05
4.590003906250000000e+03 5.995220794677729718e+05
4.201010742187500000e+03 9.300886181592940120e+05
4.080880371093750000e+03 8.062944388389589731e+05
1.824464599609369998e+03 8.307944062948230421e+05
2.138985839843750000e+03 5.802558883428570116e+05
2.476313232421869998e+03 5.151239486932759755e+05
3.855366699218750000e+03 1.067655893087390112e+06
3.603198974609369998e+03 8.761069771051410353e+05
2.331638671875000000e+03 4.040901982784270076e+05
2.626334716796880002e+03 4.348967328071590164e+05
2.756593994140619998e+03 8.202435206174850464e+05
3.178202148437500000e+03 7.225024217367169913e+05
3.286585937500000000e+03 6.260738178491590079e+05
2.301398193359369998e+03 4.713068339228630066e+05
4.089971923828130002e+03 7.768092930316929705e+05
3.508643798828130002e+03 9.463341702222819440e+05
1.716406127929690001e+03 3.768003109097480192e+05
3.795885498046869998e+03 1.148971372365949908e+06
3.378853515625000000e+03 8.225032585859299870e+05
3.679292480468750000e+03 6.315931681394580519e+05
3.901831054687500000e+03 8.339129372835160466e+05
3.776543945312500000e+03 9.983098491430280264e+05
3.649741210937500000e+03 6.063860274553300114e+05
3.100273681640619998e+03 6.865679218769069994e+05
3.322286865234369998e+03 1.214441395521159982e+06
2.083671142578130002e+03 4.791915504336360027e+05
4.326886718750000000e+03 8.442839990854259813e+05
3.467039306640619998e+03 5.418575820922850398e+05
2.300390136718750000e+03 4.866076101064680261e+05
4.163991699218750000e+03 9.575003069639209425e+05
3.579915771484369998e+03 7.938932312726969831e+05
2.262405029296869998e+03 4.123978237509729806e+05
4.365972167968750000e+03 6.062856988906860352e+05
4.324240234375000000e+03 8.658344163894649828e+05
4.149428710937500000e+03 8.557197498083120445e+05
3.140159179687500000e+03 1.018620444178579957e+06
4.509434082031250000e+03 5.443165152072909987e+05
3.206527099609369998e+03 1.239119907617569901e+06
3.641730712890619998e+03 9.144545403718949528e+05
3.136072998046869998e+03 6.407403067350389902e+05
4.033287109375000000e+03 9.758914405107500497e+05
4.330872070312500000e+03 7.610206714868550189e+05
3.852441894531250000e+03 8.681744415760040283e+05
2.982458740234369998e+03 6.804412395954129752e+05
4.382476074218750000e+03 9.743812123537060106e+05
2.704231933593750000e+03 4.621988947391510010e+05
4.482578613281250000e+03 8.281455372571949847e+05
3.635580078125000000e+03 9.083122636079790536e+05
3.786407470703119998e+03 9.864765609502790030e+05
4.253930664062500000e+03 5.388890870809559710e+05
4.423083007812500000e+03 8.928797566890720045e+05
3.846389160156250000e+03 8.844111608266830444e+05
4.897174316406250000e+03 6.746022024154659593e+05
3.894797363281250000e+03 7.286381804943090538e+05
3.702787597656250000e+03 1.097551003217699938e+06
3.425565185546869998e+03 5.574091187715530396e+05
1.824827270507809999e+03 3.712574775218960131e+05
4.692606445312500000e+03 1.060798584938050015e+06
2.904418945312500000e+03 6.184416588544850238e+05
3.911139892578119998e+03 8.457085794210430468e+05
4.017815185546880002e+03 7.257064787149430485e+05
4.338679199218750000e+03 7.756190563440320548e+05
3.763954589843750000e+03 8.931798286437989445e+05
3.851555175781250000e+03 8.541732157468800433e+05
3.841927490234369998e+03 9.007809205055240309e+05
3.809988525390619998e+03 6.738971612453459529e+05
3.377060546875000000e+03 5.326677414178849431e+05
4.159192871093750000e+03 1.038671476364140050e+06
4.456256835937500000e+03 7.953609400987629779e+05
2.826983398437500000e+03 5.591599649190900382e+05
3.985279052734369998e+03 5.949799427986149676e+05
3.706644531250000000e+03 8.131372489929200383e+05
9.333528442382810226e+02 3.673145405650140019e+05
4.392728515625000000e+03 7.961769092082979623e+05
4.365602050781250000e+03 9.300479263067250140e+05
4.619068359375000000e+03 8.740749429464340210e+05
3.467783691406250000e+03 8.774602857828140259e+05
3.529925292968750000e+03 1.064259707212449983e+06
4.448646484375000000e+03 8.545423663854600163e+05
3.498599853515619998e+03 1.284305285930630052e+06
4.274276855468750000e+03 1.062508373737340095e+06
4.004883056640630002e+03 1.129628609895709902e+06
2.020788208007809999e+03 5.415416719913480338e+05
2.297394775390630002e+03 5.184698789119719877e+05
1.711652099609380002e+03 3.882906118631360005e+05
4.329382812500000000e+03 8.819841476678849431e+05
3.169457275390619998e+03 5.385909035205839900e+05
4.066758544921880002e+03 7.789618189334870549e+05
4.230714843750000000e+03 1.057188705921170069e+06
4.055224121093750000e+03 6.770310430526729906e+05
4.062701416015630002e+03 8.996996624469760573e+05
4.564035156250000000e+03 6.196993294954299927e+05
2.409186523437500000e+03 4.921731346845629741e+05
4.630601074218750000e+03 8.714700552225109423e+05
3.719970214843750000e+03 1.111545589208600111e+06
1.740561035156250000e+03 3.585339941382409888e+05
4.036210205078130002e+03 1.094035056591029977e+06
3.764804931640619998e+03 8.670986050367360003e+05
3.798354003906250000e+03 1.099777724742890103e+06
2.293393554687500000e+03 3.926194208860400249e+05
2.738938232421880002e+03 4.900957790613169782e+05
3.632960693359369998e+03 1.071086801052090013e+06
2.331750244140619998e+03 4.332743888497350272e+05
4.448131347656250000e+03 9.910287487506869948e+05
3.196363525390619998e+03 6.232051640748979989e+05
3.471389404296869998e+03 5.926904169321060181e+05
2.197115722656250000e+03 4.170319739580149762e+05
4.082808349609380002e+03 8.603015427589419996e+05
4.392064941406250000e+03 7.943577762842179509e+05
3.099411621093750000e+03 6.491279453039170476e+05
3.656801513671869998e+03 1.104437916517260019e+06
3.739067138671869998e+03 5.744905594587329542e+05
3.652393066406250000e+03 8.223256886005400447e+05
2.196615966796869998e+03 6.005027652978899423e+05
4.310062500000000000e+03 8.064358856678010197e+05
3.861845214843750000e+03 8.508699266910549486e+05
4.444761230468750000e+03 6.219011363983149640e+05
3.315896484375000000e+03 5.692000703811650164e+05
3.958111083984380002e+03 9.222562893629069440e+05
1.587109008789059999e+03 4.042672200202940148e+05
4.061296875000000000e+03 8.261529157161710318e+05
3.613468017578119998e+03 5.555265114307400072e+05
2.448841552734369998e+03 5.579901959896089975e+05
3.672764160156250000e+03 8.557681779861450195e+05
4.017518554687500000e+03 7.486861059665679932e+05
3.808650878906250000e+03 7.164504833221440203e+05
5.043424316406250000e+03 6.776199784278869629e+05
4.329999511718750000e+03 8.035385404825210571e+05
2.301285156250000000e+03 4.641895974278450012e+05
4.637268554687500000e+03 8.214949778318409808e+05
3.779995849609369998e+03 5.243389476537699811e+05
4.357508300781250000e+03 5.417286839485169621e+05
4.891528320312500000e+03 7.809830709695819532e+05
3.918628906250000000e+03 7.017840553522109985e+05
3.760958496093750000e+03 1.040444252252580016e+06
2.668989990234380002e+03 4.555070952177050058e+05
3.360274658203119998e+03 5.549934359788900474e+05
4.580978027343750000e+03 6.960108073949810350e+05
3.650934082031250000e+03 5.954692806005480234e+05
4.610331542968750000e+03 8.488282068967820378e+05
2.291278564453119998e+03 4.447430037260060199e+05
2.558426757812500000e+03 4.334107491970059928e+05
2.416172607421869998e+03 5.460836259126659716e+05
3.646412597656250000e+03 9.535393084287639940e+05
4.407410156250000000e+03 5.881451735496519832e+05
2.551966796875000000e+03 5.341601821184159489e+05
4.003216308593750000e+03 9.787206207513810368e+05
2.423470214843750000e+03 4.529049182534220163e+05
3.839439941406250000e+03 9.210870077610020526e+05
3.428350097656250000e+03 8.555538147687909659e+05
4.338117187500000000e+03 7.833938804864879930e+05
3.615664794921880002e+03 1.014230231881140033e+06
3.093423583984369998e+03 6.357989269495010376e+05
3.422309570312500000e+03 4.282371882796289865e+05
4.637888183593750000e+03 8.815329432487490121e+05
4.638904785156250000e+03 7.098295290470119799e+05
2.826205322265630002e+03 5.486763913631440373e+05
4.078223144531250000e+03 6.678060538768769475e+05
3.662725585937500000e+03 8.336003775596619816e+05
3.119401855468750000e+03 6.189589570760730421e+05
4.441234863281250000e+03 1.021596797347069951e+06
4.070796142578130002e+03 6.373475321531300433e+05
3.530998535156250000e+03 8.289947055578229483e+05
3.538804687500000000e+03 5.321902822256089421e+05
3.924985595703119998e+03 9.837393637895579450e+05
2.980431640625000000e+03 6.251650128364559496e+05
3.962381591796880002e+03 9.266940160989760188e+05
2.398201660156250000e+03 5.290177187919620192e+05
4.066905761718750000e+03 7.046455819606779842e+05
2.195614501953119998e+03 5.279827568531039869e+05
3.655899414062500000e+03 1.124478410243989900e+06
3.592099853515619998e+03 7.948975524902340258e+05
4.656400390625000000e+03 8.944431644678120501e+05
3.374522460937500000e+03 5.615560936927800067e+05
3.172962402343750000e+03 5.672145150899890577e+05
4.465717285156250000e+03 7.304180226325989934e+05
4.445421875000000000e+03 6.162934579849239672e+05
2.678532714843750000e+03 4.629827611446380033e+05
3.898177246093750000e+03 9.765375759601589525e+05
3.641878662109369998e+03 8.921450494527820265e+05
3.964713134765619998e+03 9.352372949123380240e+05
3.639473388671869998e+03 9.285290480852130568e+05
4.339402343750000000e+03 8.208628530502320500e+05
2.590572753906250000e+03 4.244709684848790057e+05
3.550167724609369998e+03 5.264205064773559570e+05
4.143384765625000000e+03 1.000193979382519959e+06
4.090174560546880002e+03 7.998046365976330126e+05
3.648345703125000000e+03 5.442404311895370483e+05
3.174210205078130002e+03 1.027855971813200042e+06
3.501250244140619998e+03 7.719469212293620221e+05
4.009031250000000000e+03 1.028978409051900031e+06
3.745462402343750000e+03 5.652379144430160522e+05
3.847489257812500000e+03 8.751816638708109967e+05
4.313558105468750000e+03 7.095772761106489925e+05
2.666688720703119998e+03 5.192963864803310134e+05
3.178708984375000000e+03 6.743743158578870352e+05
3.839039794921869998e+03 9.064486620426180307e+05
1.975511962890630002e+03 4.142362365722659742e+05
1.716496948242190001e+03 6.813426737785340520e+05
2.803818847656250000e+03 4.654506184458730277e+05
2.024194946289059999e+03 5.379850335121159442e+05
2.302951660156250000e+03 3.878929525613780133e+05
3.804409423828119998e+03 5.441350466012950055e+05
4.378686523437500000e+03 8.233354313373570330e+05
3.834840087890619998e+03 8.165289880037310068e+05
4.423841796875000000e+03 8.733127626180649968e+05
3.926127685546869998e+03 9.533931710720059928e+05
3.459593017578119998e+03 9.496865575313570444e+05
4.660173828125000000e+03 7.931517623662949773e+05
3.823252441406250000e+03 1.075132838249210035e+06
2.424087646484369998e+03 4.943474380373960012e+05
3.813908203125000000e+03 1.051621110200880095e+06
4.070000000000000000e+03 8.590257191658020020e+05
3.672851074218750000e+03 9.264903740882870043e+05
3.646037109375000000e+03 9.231970752477650531e+05
3.715126953125000000e+03 1.108314607381819980e+06
2.823895263671869998e+03 5.740427663326259935e+05
3.491723632812500000e+03 9.563156745433809701e+05
3.464517822265630002e+03 1.153925179004669888e+06
4.566992675781250000e+03 6.153272701501849806e+05
2.426751953125000000e+03 5.121856070756909903e+05
3.649315185546869998e+03 8.964239683151249774e+05
4.060648437500000000e+03 8.068242857456209604e+05
4.103093261718750000e+03 9.970948805809019832e+05
4.373654296875000000e+03 6.561199386119840201e+05
4.581936035156250000e+03 7.995206464529039804e+05
4.064527343750000000e+03 8.296545470952989999e+05
3.506524169921869998e+03 1.148089309453960042e+06
3.507338378906250000e+03 6.768297158479690552e+05
2.469937011718750000e+03 6.043715370893479558e+05
2.331688232421869998e+03 4.725272240042689955e+05
2.623340087890619998e+03 7.102451585531230085e+05
4.430640136718750000e+03 6.090152206420899602e+05
3.245750000000000000e+03 1.220824777603150113e+06
3.425227050781250000e+03 6.396363270282750018e+05
4.105642578125000000e+03 8.830287343263629591e+05
2.583989746093750000e+03 5.936198724508290179e+05
2.299942871093750000e+03 4.303916025757790194e+05
3.637981445312500000e+03 8.500672981739039533e+05
4.060579833984369998e+03 8.563568696975710336e+05
3.173714111328119998e+03 6.680661649703979492e+05
3.581724853515630002e+03 5.933469080924990121e+05
2.423261962890630002e+03 4.856980436444280203e+05
3.823280761718750000e+03 1.056341852426530095e+06
3.597307617187500000e+03 7.369909142255779589e+05
1.853830566406250000e+03 6.186837388277050341e+05
3.936126220703119998e+03 7.005394207239149837e+05
2.096270751953130002e+03 4.413704532384870108e+05
4.608525390625000000e+03 7.129119368791580200e+05
3.280042480468750000e+03 6.410439118146899855e+05
4.209286132812500000e+03 9.962050813436510507e+05
3.784580078125000000e+03 8.459943361282349797e+05
3.906215332031250000e+03 7.508637901544569759e+05
3.614482910156250000e+03 7.905190969705580501e+05
3.173461669921869998e+03 5.962625889778139535e+05
4.313804199218750000e+03 7.775237152576450026e+05
4.507057617187500000e+03 6.781528711318969727e+05
4.004973144531250000e+03 1.025228301525120041e+06
4.128921875000000000e+03 1.008862440466879983e+06
3.379199462890619998e+03 6.197776674032210140e+05
1.974511718750000000e+03 4.456230564117429894e+05
2.604197753906250000e+03 4.300316197872160119e+05
1.736405883789059999e+03 3.876426184773439891e+05
2.196615966796869998e+03 4.551950228214259841e+05
3.615054443359380002e+03 1.126422116279599955e+06
1.720633911132809999e+03 6.984748574495320208e+05
2.494071533203130002e+03 4.742572368979449966e+05
3.783771972656250000e+03 1.044067289114000043e+06
4.413345703125000000e+03 7.107412580251690233e+05
3.133744628906250000e+03 6.594405277967449510e+05
4.654481933593750000e+03 5.806026219129560050e+05
4.376890136718750000e+03 8.973810796737669734e+05
4.004733886718750000e+03 9.577721748352049617e+05
4.311873535156250000e+03 8.772277086973190308e+05
3.788631591796880002e+03 1.086165812730790116e+06
2.678673828125000000e+03 5.184386290311809862e+05
3.198870117187500000e+03 9.126660481691360474e+05
2.094372070312500000e+03 4.755269079804419889e+05
3.773365478515619998e+03 6.498954862356190570e+05
2.584179199218750000e+03 4.988184248805050156e+05
4.336858886718750000e+03 7.711615319252009504e+05
3.847304687500000000e+03 7.491526002883909969e+05
1.974510742187500000e+03 5.953544540405269945e+05
3.629744140625000000e+03 6.178245193958280142e+05
2.417988769531250000e+03 5.473869835138319759e+05
3.573645507812500000e+03 6.158917782306669978e+05
3.808538574218750000e+03 1.116123422622679966e+06
2.297044677734369998e+03 4.250973062515259953e+05
2.329302734375000000e+03 4.095993146896359976e+05
4.063587890625000000e+03 7.761259379386899527e+05
4.015970703125000000e+03 7.279881464242939837e+05
2.082164550781250000e+03 4.550391389131550095e+05
2.678080078125000000e+03 4.991868749856950017e+05
4.598303710937500000e+03 4.985870965719220112e+05
4.624333984375000000e+03 8.453357129096980207e+05
3.352185546875000000e+03 5.995945085287089460e+05
2.548569091796869998e+03 4.912473341226580087e+05
3.656633056640619998e+03 1.111369542121890001e+06
1.586610717773440001e+03 3.817864334583280142e+05
4.003551757812500000e+03 1.035923923492430011e+06
4.059292724609380002e+03 8.104231389760969905e+05
4.448419921875000000e+03 7.189892772436139639e+05
3.589079833984369998e+03 8.254846068620679434e+05
3.423158935546869998e+03 6.423045673370360164e+05
2.558676269531250000e+03 4.617154962420460070e+05
1.997904052734380002e+03 5.589342104196549626e+05
3.641517578125000000e+03 9.990753798484799918e+05
4.104088378906250000e+03 7.689318255186079768e+05
4.087470458984369998e+03 7.819841027259830153e+05
4.609660156250000000e+03 6.873694539070130559e+05
4.212324218750000000e+03 9.185907940864559496e+05
4.015213378906250000e+03 1.052338456392290071e+06
2.174810546875000000e+03 5.238066641092299833e+05
4.423651855468750000e+03 8.895689140558240470e+05
4.309180175781250000e+03 9.109242784976960393e+05
2.244168701171869998e+03 4.178079212903979933e+05
2.317959960937500000e+03 4.206853469610210159e+05
2.334298828125000000e+03 5.125239342451100238e+05
3.176666748046869998e+03 6.239918326139450073e+05
3.692971435546869998e+03 6.875410541296009906e+05
2.688083007812500000e+03 4.044385156631469727e+05
2.024616943359369998e+03 6.061781822443009587e+05
4.232272460937500000e+03 7.674642994403840275e+05
3.835453613281250000e+03 8.560647168159480207e+05
4.615138671875000000e+03 7.319903850555419922e+05
1.363694335937500000e+03 4.384620213508610032e+05
3.471216064453130002e+03 1.139766972780229989e+06
4.310364746093750000e+03 7.463008811473849928e+05
3.372466552734369998e+03 5.622507182359700091e+05
3.316860839843750000e+03 5.936248675584789598e+05
3.797088623046869998e+03 9.678348801136020338e+05
4.059232910156250000e+03 8.664906638860700186e+05
1.819688720703130002e+03 3.962597883343700087e+05
3.292787597656250000e+03 5.855672106742860051e+05
3.792791992187500000e+03 8.630735838413239690e+05
4.388824707031250000e+03 8.460384392738339957e+05
3.841109130859380002e+03 8.293611758947370108e+05
4.710456542968750000e+03 8.954109970331189688e+05
4.322889160156250000e+03 6.737914720773700392e+05
3.307589843750000000e+03 5.860438170433050254e+05
4.325868652343750000e+03 8.230533295869829599e+05
3.799401123046869998e+03 1.132624090671540005e+06
3.852593750000000000e+03 8.505147258043290349e+05
4.212172363281250000e+03 9.717575016021729680e+05
3.622395996093750000e+03 1.025724400997160003e+06
4.401462890625000000e+03 9.380796329975130502e+05
2.434548339843750000e+03 4.968329000473020133e+05
3.992812744140619998e+03 7.315239516496659489e+05
3.836870849609369998e+03 8.731312330961229745e+05
4.370114257812500000e+03 6.902945767641069833e+05
3.808239501953130002e+03 6.805601475238800049e+05
2.766900146484369998e+03 5.598333907127380371e+05
4.324559082031250000e+03 7.969372620582580566e+05
4.089158447265630002e+03 8.787302005290989764e+05
3.845392089843750000e+03 9.474323629140850389e+05
3.464951904296869998e+03 1.129494472980499966e+06
4.522907226562500000e+03 7.934183914661409799e+05
2.549164794921880002e+03 5.160089964866639930e+05
2.417072753906250000e+03 4.604421702027320280e+05
3.371817382812500000e+03 5.617422528266910231e+05
3.452161376953119998e+03 4.879181253314019996e+05
4.427429199218750000e+03 8.793566601276400033e+05
3.431907714843750000e+03 8.958573281764979474e+05
3.519026611328130002e+03 6.476814961433409480e+05
3.842887207031250000e+03 8.164843975305559579e+05
1.955323974609369998e+03 3.850938952565190266e+05
3.864693603515619998e+03 7.304370284080510028e+05
2.059956542968750000e+03 5.108268159627909772e+05
3.680427978515619998e+03 7.914683501720429631e+05
3.256812744140630002e+03 5.718348069190980168e+05
3.837606445312500000e+03 9.478757700920109637e+05
2.428781005859369998e+03 5.242544572353360127e+05
1.605597290039059999e+03 4.222089157104489859e+05
3.760183349609369998e+03 8.415092777013779851e+05
4.397685058593750000e+03 6.638094195127489511e+05
3.173206542968750000e+03 5.127409777641299879e+05
1.958327026367190001e+03 4.091527703404430067e+05
2.740044189453119998e+03 6.041627781391140306e+05
2.628167968750000000e+03 4.913686482310299762e+05
3.995038085937500000e+03 7.654319607019419782e+05
2.319412597656250000e+03 5.492965766191480216e+05
3.994470458984380002e+03 6.595372014045719989e+05
3.391530517578130002e+03 8.864832776784900343e+05
4.888877441406250000e+03 8.591677142381670419e+05
4.470773925781250000e+03 6.353544232845309889e+05
4.568783691406250000e+03 1.003945914387700032e+06
3.122213134765619998e+03 1.260494460582729895e+06
3.786194091796869998e+03 1.052394986391070066e+06
2.370691406250000000e+03 5.357425956726069562e+05
3.700572998046880002e+03 7.941760640144350473e+05
3.294670410156250000e+03 9.885311949253079947e+05
4.553604980468750000e+03 6.649955748319630511e+05
4.070055419921880002e+03 7.984710646867749747e+05
4.672413574218750000e+03 1.020930986046790029e+06
3.637926757812500000e+03 7.683143205642700195e+05
3.834833007812500000e+03 7.301231894493099535e+05
4.445621582031250000e+03 9.702191302776340162e+05
4.434291503906250000e+03 8.970045582056050189e+05
1.716154418945309999e+03 4.026262662410740159e+05
2.260038330078119998e+03 4.335672118067740230e+05
4.200789062500000000e+03 8.597398368120189989e+05
4.277288085937500000e+03 8.174104417562480085e+05
4.465636230468750000e+03 7.474058964252469596e+05
4.084571044921869998e+03 6.649107189178470289e+05
3.748752685546869998e+03 8.515169758796689566e+05
4.140343750000000000e+03 6.684433565139770508e+05
3.438714355468750000e+03 6.003551050424580462e+05
1.974508666992190001e+03 5.340454773902889574e+05
3.998883544921869998e+03 6.171819779872889630e+05
2.402278564453119998e+03 5.887041382789609488e+05
4.204275878906250000e+03 9.669496495723719709e+05
3.592194824218750000e+03 6.892638789415359497e+05
4.081698486328130002e+03 9.379880763292310294e+05
4.009807128906250000e+03 5.603927209377289983e+05
3.421558837890619998e+03 7.758338459730149480e+05
2.596433349609369998e+03 4.043488169312480022e+05
4.701128906250000000e+03 7.972650507688520011e+05
3.971885253906250000e+03 1.063560513973240042e+06
3.562728027343750000e+03 5.629910297393799992e+05
4.348254394531250000e+03 7.261885675191880437e+05
4.324347167968750000e+03 5.799676340818409808e+05
4.043354248046880002e+03 6.389286664724349976e+05
4.055305419921880002e+03 9.679313100576399593e+05
3.348178710937500000e+03 6.244390774965289747e+05
4.415863281250000000e+03 7.012310603857040405e+05
3.261159423828130002e+03 5.325537676811219426e+05
3.425808105468750000e+03 5.457287905216220533e+05
3.642833984375000000e+03 9.310061341524119489e+05
3.646520996093750000e+03 8.060638110637669452e+05
4.451394042968750000e+03 1.057796403408050071e+06
2.116142333984369998e+03 5.915160793066020124e+05
4.301813476562500000e+03 7.298394429683689959e+05
3.802309570312500000e+03 5.187708646059039747e+05
3.835393310546880002e+03 8.391911822557450505e+05
1.021247009277339998e+03 3.432372384071350098e+05
3.471514404296869998e+03 1.129682946920390008e+06
4.910879394531250000e+03 8.297010868787770160e+05
2.407580810546869998e+03 5.331109049320219783e+05
3.431274169921869998e+03 8.659676395654679509e+05
2.540557128906250000e+03 4.885057814717289875e+05
3.955398193359369998e+03 7.645046981573109515e+05
2.317688964843750000e+03 5.735367375612260075e+05
4.448842285156250000e+03 6.456370960474020103e+05
3.454843505859380002e+03 8.211059076786040096e+05
3.855610839843750000e+03 8.269141823053359985e+05
3.653737548828130002e+03 1.073152704477309948e+06
1.974509765625000000e+03 4.392863054871559725e+05
3.848216796875000000e+03 8.482264182567599928e+05
4.069927246093750000e+03 8.116395086050030077e+05
3.682410400390619998e+03 8.945441021919250488e+05
3.800144042968750000e+03 7.275712376832959708e+05
3.342432861328119998e+03 5.889202680587769719e+05
2.585809570312500000e+03 3.933425540924069937e+05
2.270279296875000000e+03 4.139721659421920194e+05
3.547111816406250000e+03 9.633222876787190326e+05
4.658109863281250000e+03 1.068829377889629919e+06
4.112850585937500000e+03 9.442393317222599871e+05
3.401012939453130002e+03 8.237852956056590192e+05
4.430134277343750000e+03 9.904830636978150578e+05
4.632931152343750000e+03 7.151106979846949689e+05
3.367254638671869998e+03 6.613638269901280291e+05
4.162510253906250000e+03 9.774851844310760498e+05
3.818609375000000000e+03 6.579179337024689885e+05
2.750347412109380002e+03 4.945594864487649756e+05
3.093412841796880002e+03 1.331325574398040073e+06
3.451956054687500000e+03 9.740746833086010301e+05
3.747073730468750000e+03 1.069136394262309885e+06
1.372328857421880002e+03 4.789779791235920275e+05
2.329861083984380002e+03 4.428644472956659738e+05
4.004748535156250000e+03 9.900282652378079947e+05
2.742040771484369998e+03 4.763908179402350215e+05
3.882366210937500000e+03 7.030475739240649855e+05
3.173462402343750000e+03 1.062169071912769927e+06
4.702537597656250000e+03 8.773659269809720572e+05
3.713119384765619998e+03 5.740103590488430345e+05
3.042615966796869998e+03 4.810365726351739722e+05
4.067121093750000000e+03 8.333445305824279785e+05
4.210891113281250000e+03 6.720874093770979671e+05
3.363328857421869998e+03 5.690652024745939998e+05
1.600797119140630002e+03 7.029260466098790057e+05
2.547159667968750000e+03 4.435990327000619727e+05
4.375071777343750000e+03 7.693993554115300067e+05
4.259804687500000000e+03 8.730436968803410418e+05
3.496458740234380002e+03 1.135132243871690007e+06
3.655463378906250000e+03 1.071438164234159980e+06
4.133748535156250000e+03 6.586145684719090350e+05
3.739654052734369998e+03 8.194743958711619489e+05
4.538746093750000000e+03 1.123829046249390114e+06
4.352851562500000000e+03 9.400393599271769635e+05
4.400692871093750000e+03 5.675167191028599627e+05
4.394173828125000000e+03 8.897192546129230177e+05
2.241479248046869998e+03 5.839959447383879451e+05
3.633946533203119998e+03 9.247772958278659498e+05
3.475984375000000000e+03 8.876721742153170053e+05
4.321051269531250000e+03 7.401700565814969596e+05
2.659130126953130002e+03 4.812752108573910082e+05
3.254400634765619998e+03 9.126070206165310228e+05
2.402744873046869998e+03 4.902610440254210262e+05
4.772428710937500000e+03 7.578696722984310472e+05
4.166887207031250000e+03 8.265339449644089909e+05
2.196114013671869998e+03 5.264136229753489606e+05
3.427137939453130002e+03 5.313703535795209464e+05
3.868381835937500000e+03 6.429717187881469727e+05
2.750135253906250000e+03 5.055964204668999882e+05
4.376641113281250000e+03 8.194338867664339487e+05
3.467592773437500000e+03 1.127184296607970027e+06
4.695318847656250000e+03 9.278140776157380315e+05
3.450900634765619998e+03 9.364495831727980403e+05
1.590235595703130002e+03 4.050531575679780217e+05
2.302948242187500000e+03 4.099972176551820012e+05
3.869475585937500000e+03 5.976040799617769662e+05
4.048509033203130002e+03 7.933238499164580135e+05
4.058405761718750000e+03 8.884427609443659894e+05
4.095124267578130002e+03 8.273457108736040536e+05
3.182952392578119998e+03 7.399985781908039935e+05
3.797465576171869998e+03 1.185213558673860040e+06
4.358234375000000000e+03 8.412578166723250179e+05
4.200441894531250000e+03 7.054575915336610051e+05
3.621743652343750000e+03 1.117220275163650047e+06
3.779203125000000000e+03 8.718507189750670223e+05
1.945986328125000000e+03 7.889396682977679884e+05
3.166085937500000000e+03 7.826827477216720581e+05
2.063753662109369998e+03 5.107172890901570208e+05
3.254819580078119998e+03 8.864757241010670550e+05
3.461993164062500000e+03 1.188613765001300024e+06
3.378135986328119998e+03 5.811672518253329908e+05
2.097273681640630002e+03 4.792259374856950017e+05
4.125941406250000000e+03 5.771257224082950270e+05
4.396767578125000000e+03 7.784959337711329572e+05
3.300515380859369998e+03 9.905426394939420279e+05
2.665580810546869998e+03 4.901115258336070110e+05
3.886017822265630002e+03 7.714582535028459970e+05
3.466602050781250000e+03 9.251648430824279785e+05
3.749049804687500000e+03 5.319533801078799879e+05
4.049391845703130002e+03 9.875798705816270085e+05
3.704238525390619998e+03 8.701434886455540545e+05
3.865737548828119998e+03 1.040824002265929943e+06
4.351283691406250000e+03 9.327126334905630210e+05
3.995913574218750000e+03 1.103797446250919951e+06
3.108219482421869998e+03 6.141966092586519662e+05
2.982149902343750000e+03 6.641081513166429941e+05
3.839389404296869998e+03 9.132519377470019972e+05
4.585389648437500000e+03 6.890844205617900006e+05
4.072024902343750000e+03 6.797835910320279654e+05
3.431902343750000000e+03 7.384867662191389827e+05
1.596727050781250000e+03 4.187788301110269967e+05
4.584252929687500000e+03 6.150125174522399902e+05
3.613618408203119998e+03 1.094326722145080101e+06
3.645952880859369998e+03 9.905836359262469923e+05
2.675316894531250000e+03 4.921613169908520067e+05
4.584305175781250000e+03 9.595244220495229820e+05
3.987791748046880002e+03 9.765528049468989484e+05
4.684967773437500000e+03 5.720343066453930223e+05
3.865340332031250000e+03 5.597173458337780321e+05
3.362435546875000000e+03 5.927618104219440138e+05
4.616780273437500000e+03 7.699310907125469530e+05
3.360100830078119998e+03 6.026573623418810312e+05
3.700422607421880002e+03 8.118030070066449698e+05
2.096975097656250000e+03 4.601941204667090205e+05
2.878810302734369998e+03 6.561282231807709904e+05
3.602833984375000000e+03 5.979472804069520207e+05
3.839499267578119998e+03 8.978461729288100032e+05
2.908168457031250000e+03 6.953139289617539616e+05
1.530912109375000000e+03 4.435638537406920223e+05
3.618909423828119998e+03 8.568807468414310133e+05
3.906676269531250000e+03 6.003648515939710196e+05
4.411006347656250000e+03 8.508949022293089656e+05
3.483742187500000000e+03 1.024832469701769995e+06
4.072878662109369998e+03 7.907730555534360465e+05
2.067358642578119998e+03 4.837687746882439824e+05
3.616525878906250000e+03 1.025553714513779967e+06
4.452016601562500000e+03 7.014354333877559984e+05
3.645266845703130002e+03 9.071543123722079908e+05
3.250832031250000000e+03 1.023000605344770011e+06
3.842310791015619998e+03 8.569769940376280574e+05
3.697362792968750000e+03 9.678069196939469548e+05
4.601433105468750000e+03 5.939361480474469718e+05
4.075477294921880002e+03 8.198565825223920401e+05
3.431552246093750000e+03 4.673990759253500146e+05
3.958686523437500000e+03 7.473901191949839704e+05
4.240825683593750000e+03 7.665342956781389657e+05
4.681520996093750000e+03 7.803887749910360435e+05
3.172961669921869998e+03 5.567529321908949642e+05
3.371534179687500000e+03 6.044183205366140464e+05
4.101378906250000000e+03 9.179068907499309862e+05
3.423310791015619998e+03 5.377706702947620070e+05
4.184569824218750000e+03 1.015866373300550040e+06
3.102710205078119998e+03 8.220467544794080313e+05
4.257842285156250000e+03 8.421439000368119450e+05
2.624828125000000000e+03 4.149967417120930040e+05
3.009755859375000000e+03 5.790912972688679583e+05
3.636738525390619998e+03 9.692733492851259653e+05
3.952226074218750000e+03 5.202187757492070086e+05
3.819118164062500000e+03 1.054670928001400083e+06
4.066858154296880002e+03 7.640271780490879901e+05
3.564915527343750000e+03 8.349419294595719548e+05
3.536741943359380002e+03 6.552471349239350529e+05
4.516126464843750000e+03 9.094195327758790227e+05
4.164642578125000000e+03 8.570573421716690063e+05
2.736145751953130002e+03 4.713546224832540029e+05
3.456558349609369998e+03 6.207233874797819881e+05
3.602441894531250000e+03 5.638863114118579542e+05
3.342863525390630002e+03 5.929556449651720468e+05
3.840630615234369998e+03 9.724957419633870013e+05
3.788503906250000000e+03 7.324863017797470093e+05
3.246091308593750000e+03 1.336086886644359911e+06
3.926350585937500000e+03 7.666268879175189650e+05
4.071222656250000000e+03 7.713233855962749803e+05
2.736055419921869998e+03 4.069069212079049903e+05
3.677074462890630002e+03 7.296060739755630493e+05
3.822887451171880002e+03 6.023115425109859789e+05
4.078531738281250000e+03 9.333487178087229840e+05
2.410874511718750000e+03 4.900811592340469942e+05
3.137838134765619998e+03 6.105685772895809496e+05
2.826699951171880002e+03 6.312629427909849910e+05
4.070284179687500000e+03 6.575978204011919443e+05
4.550118652343750000e+03 1.008349954605099978e+06
3.632630371093750000e+03 8.844090287685400108e+05
3.784948730468750000e+03 8.036654893159869825e+05
3.830406005859380002e+03 7.870667465925220167e+05
3.969723632812500000e+03 1.016515371799470042e+06
3.642050781250000000e+03 8.315138845443730243e+05
3.202279541015619998e+03 9.199642659425740130e+05
2.067352539062500000e+03 4.947276753783230088e+05
3.474576904296869998e+03 8.379328415393830510e+05
4.014825683593750000e+03 1.026301275014879997e+06
1.851526977539059999e+03 6.499440971612930298e+05
4.082758300781250000e+03 9.087403808832169743e+05
4.307160644531250000e+03 9.475790485143660335e+05
4.375534179687500000e+03 8.806139043569569476e+05
4.247257324218750000e+03 1.062335372447970090e+06
2.385100585937500000e+03 4.155496453046799870e+05
4.132117675781250000e+03 7.388622521162029589e+05
3.400479980468750000e+03 8.830384808778760489e+05
4.770129882812500000e+03 6.309993594884870108e+05
3.643687255859369998e+03 8.291449242830279982e+05
2.370656738281250000e+03 5.082843366265299846e+05
4.335495117187500000e+03 7.682306829690929735e+05
3.897108154296880002e+03 6.665668407678599469e+05
4.419336425781250000e+03 9.567136993408199633e+05
2.299062744140619998e+03 4.807112814784049988e+05
4.319937500000000000e+03 7.664867812395100482e+05
3.801021728515630002e+03 1.124236939430240076e+06
4.198369628906250000e+03 9.178298320770260179e+05
3.706399658203119998e+03 8.949793466329569928e+05
4.078115722656250000e+03 8.946196379661560059e+05
2.304829101562500000e+03 4.450193793773649959e+05
2.182618164062500000e+03 5.173862451314930222e+05
4.166841796875000000e+03 9.767629040479660034e+05
4.087967285156250000e+03 6.409990776777269784e+05
2.420682617187500000e+03 4.652844092845920241e+05
2.705729492187500000e+03 5.015682316422460135e+05
4.314880371093750000e+03 7.596433010101319524e+05
2.308824707031250000e+03 4.596050023436549818e+05
4.035999755859380002e+03 6.094867709875110304e+05
3.484468017578119998e+03 1.121607928991320077e+06
3.757736328125000000e+03 9.113506292104719905e+05
4.602900390625000000e+03 9.415420954227449838e+05
3.875285888671869998e+03 1.011509055614470039e+06
4.385780273437500000e+03 7.710241055488589918e+05
4.160604003906250000e+03 9.246605199575419538e+05
4.431286132812500000e+03 8.974885963201520499e+05
3.877171875000000000e+03 7.082742840051649837e+05
4.873838867187500000e+03 8.897572661638259888e+05
2.298278320312500000e+03 4.655803998708730214e+05
4.375619140625000000e+03 8.313028717041020282e+05
3.418309326171869998e+03 5.720247428417210467e+05
3.767252441406250000e+03 8.247233402729029767e+05
2.237762695312500000e+03 5.361323359012600267e+05
3.173213378906250000e+03 5.529294209480290301e+05
2.898300781250000000e+03 6.662681698799129808e+05
3.540546142578119998e+03 9.249015034437179565e+05
3.270399414062500000e+03 5.667363249063489493e+05
3.703968750000000000e+03 6.785629572868349496e+05
3.995422607421869998e+03 9.304719622135160025e+05
3.819106201171869998e+03 8.103444355726239737e+05
3.363428466796869998e+03 5.880057978630070575e+05
4.310036132812500000e+03 7.165788941383359488e+05
2.701530517578119998e+03 6.432019201517109759e+05
3.772748779296869998e+03 9.044587817192079965e+05
1.592237182617190001e+03 3.969250513911250164e+05
3.368329589843750000e+03 8.092773709297180176e+05
2.992384033203130002e+03 6.994078460931780282e+05
4.062430908203130002e+03 8.867011740207669791e+05
3.957358642578130002e+03 5.577464103698730469e+05
3.814186523437500000e+03 1.069375428438189905e+06
3.647680419921869998e+03 8.955123611688610399e+05
3.797978027343750000e+03 1.181063598871229915e+06
2.426234863281250000e+03 4.787872817516329815e+05
2.282702880859369998e+03 5.963173524141310481e+05
3.183455078125000000e+03 5.891287224292759784e+05
3.575622070312500000e+03 8.463190181255340576e+05
3.800830322265619998e+03 8.046627442836760310e+05
3.107977783203119998e+03 7.326465716361999512e+05
4.057817138671880002e+03 7.970200468301769579e+05
2.491254638671869998e+03 5.071568129062650260e+05
2.413181884765619998e+03 4.952636138796809828e+05
2.094864013671869998e+03 5.423630017042160034e+05
4.534277343750000000e+03 6.708860250711439876e+05
4.391628417968750000e+03 7.236054267883299617e+05
3.121670410156250000e+03 5.016639305949209956e+05
4.377192871093750000e+03 7.546304059028630145e+05
3.591883056640619998e+03 6.039732686281199567e+05
2.656937988281250000e+03 5.601938303709030151e+05
2.584565673828119998e+03 4.354385192394260084e+05
3.797747314453119998e+03 1.032546987056729966e+06
3.598722656250000000e+03 7.937424033880230272e+05
2.232169189453119998e+03 5.397090157270430354e+05
4.062581298828130002e+03 8.342424316406250000e+05
4.058525390625000000e+03 8.488047542572020320e+05
4.098348632812500000e+03 8.044857225418089656e+05
4.439024414062500000e+03 7.205918539762500441e+05
3.706464355468750000e+03 7.917357102632520255e+05
3.648240722656250000e+03 6.098582973480230430e+05
3.516554931640619998e+03 1.150336742401120020e+06
3.020681152343750000e+03 6.358291412591929547e+05
4.101284179687500000e+03 5.485778293609620305e+05
3.632488769531250000e+03 7.458984704017640324e+05
3.885544677734380002e+03 8.068178895711899968e+05
4.071160400390630002e+03 9.946494708061219426e+05
3.809293945312500000e+03 7.193216346502299421e+05
3.805984619140619998e+03 8.568447455167770386e+05
4.209134277343750000e+03 6.790250656604770338e+05
3.471847656250000000e+03 5.469819533824919490e+05
2.318963134765619998e+03 5.063373411297799903e+05
4.748595703125000000e+03 8.879191883802410448e+05
3.103776611328119998e+03 5.226742975711820181e+05
3.992219970703119998e+03 6.579712960720059928e+05
4.110647949218750000e+03 1.002436843633649987e+06
2.326941650390619998e+03 4.757808665633199853e+05
2.341875244140619998e+03 6.062336766719820444e+05
3.559692626953119998e+03 5.507454624176030047e+05
2.302612060546869998e+03 4.711861898899080115e+05
2.258847167968750000e+03 5.704785742759699933e+05
2.707827392578119998e+03 4.953556578755379887e+05
2.674169189453130002e+03 5.039363695383070153e+05
4.126913574218750000e+03 8.401232571601870004e+05
3.952816650390619998e+03 9.164058609008790227e+05
3.391114257812500000e+03 6.143205122947690543e+05
3.833278564453119998e+03 9.053231790065770037e+05
3.846608642578130002e+03 8.297941664457320003e+05
3.845210205078119998e+03 9.147428555488589918e+05
3.778136474609369998e+03 1.037260906696320046e+06
4.146510253906250000e+03 8.365781927108770469e+05
3.543656982421869998e+03 6.800502201318739681e+05
2.064741943359380002e+03 5.412631642818449764e+05
2.543962890625000000e+03 7.384908475875849836e+05
3.767473144531250000e+03 7.215323352813719539e+05
3.780416015625000000e+03 1.107829350948330015e+06
4.216223632812500000e+03 9.603347259759899462e+05
3.562543212890619998e+03 5.469965122938159620e+05
3.840562500000000000e+03 1.035492638587950030e+06
3.632044921875000000e+03 8.834651361703870352e+05
3.749447753906250000e+03 8.841474556922910269e+05
3.242763183593750000e+03 6.722124089002610417e+05
3.112936767578119998e+03 6.249312174320219783e+05
2.404578613281250000e+03 4.809571686983110267e+05
4.258163574218750000e+03 8.932453132867809618e+05
3.647682373046869998e+03 1.140264046907430049e+06
3.623000488281250000e+03 1.036579500913619995e+06
4.510932128906250000e+03 8.559890592098239576e+05
3.341945312500000000e+03 5.725678694248199463e+05
3.173217041015619998e+03 6.853036723136899527e+05
2.669210449218750000e+03 4.819094676971440203e+05
4.086059814453130002e+03 5.169009277820590069e+05
2.997992187500000000e+03 6.163088088035580004e+05
4.073309814453119998e+03 8.010510377883909969e+05
3.835280029296880002e+03 8.853149098157880362e+05
4.647835449218750000e+03 9.163601130247119581e+05
4.623810058593750000e+03 1.185885583400730044e+06
3.618385253906250000e+03 1.050946892499919981e+06
4.093719970703130002e+03 9.567910625934599666e+05
4.339350585937500000e+03 8.651701889038089430e+05
4.709952636718750000e+03 9.472002122402189998e+05
3.769154052734369998e+03 1.057838800907139899e+06
4.157797363281250000e+03 9.554521300792689435e+05
2.247941894531250000e+03 5.339809674024579581e+05
3.585923339843750000e+03 8.377700132131580031e+05
4.446554687500000000e+03 7.073150405883790227e+05
3.632260253906250000e+03 9.220243823528289795e+05
3.767235351562500000e+03 8.318715829849239672e+05
1.847913818359380002e+03 6.453869142532349797e+05
4.241085937500000000e+03 7.809923911094670184e+05
4.402905273437500000e+03 6.004058480262759840e+05
3.614261962890619998e+03 1.094438198328020051e+06
2.299510742187500000e+03 4.240027989745140076e+05
3.854432861328119998e+03 9.290145481824870221e+05
4.082767822265630002e+03 8.612612735033039935e+05
1.588982666015630002e+03 3.930412638187410193e+05
3.624098144531250000e+03 7.033493515253070509e+05
3.959245361328119998e+03 5.295722366571429884e+05
4.075458251953130002e+03 7.320972925424580462e+05
4.059236083984380002e+03 7.236790132522579515e+05
3.578139892578119998e+03 8.346714626550680259e+05
2.679861328125000000e+03 4.849160960912699811e+05
3.776735107421869998e+03 6.767187879085539607e+05
3.827781982421869998e+03 5.863765399456019513e+05
4.128658691406250000e+03 8.174471740722659742e+05
3.708040771484369998e+03 1.084762187480930006e+06
3.725370605468750000e+03 8.759638246297839796e+05
4.503731933593750000e+03 5.933087137937550433e+05
2.325186767578119998e+03 4.592136478424069937e+05
3.683681152343750000e+03 1.091002782583239954e+06
3.813156005859369998e+03 1.057766798257830087e+06
2.413981201171869998e+03 4.955862247347829980e+05
2.816749023437500000e+03 5.186343519687650260e+05
3.664101318359369998e+03 5.296717733144760132e+05
3.482376464843750000e+03 8.913714169263839722e+05
3.961812500000000000e+03 1.044846891403199988e+06
4.635885742187500000e+03 8.757568322420120239e+05
2.094272216796869998e+03 5.085519403815270052e+05
4.016809814453130002e+03 6.591720103025439894e+05
3.427383300781250000e+03 6.187868086099619977e+05
2.410378662109369998e+03 5.260118213891979540e+05
3.093399169921869998e+03 6.770040572881699773e+05
4.449805175781250000e+03 6.294108543395999586e+05
4.004754394531250000e+03 6.986373202800749568e+05
3.851536376953119998e+03 8.371289337873460026e+05
1.710774536132809999e+03 3.985628070831299992e+05
4.268751953125000000e+03 6.186792310476299608e+05
3.304487792968750000e+03 5.937208101749420166e+05
2.728788818359380002e+03 5.039805031418799772e+05
3.468088378906250000e+03 1.172142823934559943e+06
4.510892089843750000e+03 8.611803162097929744e+05
2.305605957031250000e+03 4.602509245872499887e+05
3.768669921875000000e+03 9.257465294599529589e+05
3.716048339843750000e+03 8.501664693355560303e+05
3.619407714843750000e+03 8.800362993478770368e+05
3.937771484375000000e+03 5.843038748502730159e+05
4.081819335937500000e+03 8.605456938743590144e+05
2.563137939453119998e+03 4.842568637132639997e+05
2.179885742187500000e+03 5.204871104955669725e+05
4.059229003906250000e+03 8.021202344894410344e+05
4.070757324218750000e+03 8.420544754266740056e+05
2.941231933593750000e+03 5.414591917991640512e+05
3.846391357421869998e+03 8.579195464849469718e+05
4.114855468750000000e+03 6.453632179498670157e+05
3.963913330078119998e+03 1.032931001186370035e+06
2.318691162109369998e+03 5.287282462120059645e+05
3.798137939453130002e+03 1.070366530895229895e+06
3.483333740234380002e+03 7.653961421251300490e+05
2.729542968750000000e+03 5.133171817064289935e+05
3.408946777343750000e+03 6.441108469963070238e+05
3.447851806640619998e+03 9.281662327051160391e+05
3.766912841796869998e+03 8.911935423612600425e+05
3.842611816406250000e+03 8.888710609674450243e+05
1.592863769531250000e+03 3.957409672141069896e+05
3.116975097656250000e+03 5.812030704021450365e+05
3.812557861328119998e+03 7.306011968851089478e+05
2.217308105468750000e+03 5.512528313398360042e+05
2.738049560546869998e+03 4.539838919639589731e+05
4.326985351562500000e+03 7.398138201236720197e+05
4.077057861328130002e+03 8.040909872055050218e+05
3.302052490234369998e+03 7.549209140539170476e+05
4.610190917968750000e+03 7.068767503499990562e+05
4.206923339843750000e+03 9.949386388063429622e+05
4.599393066406250000e+03 8.966575200557709904e+05
2.082556884765619998e+03 5.271918851137160091e+05
2.739444335937500000e+03 5.362728689908980159e+05
4.658286132812500000e+03 6.085364212989809457e+05
3.486500000000000000e+03 7.649856295585629996e+05
4.323175292968750000e+03 7.197199640274050180e+05
2.547963134765619998e+03 5.070556315183640108e+05
4.427444335937500000e+03 9.704551186561579816e+05
3.015096191406250000e+03 7.491381022930149920e+05
3.081948974609369998e+03 6.848687933683400042e+05
3.827256835937500000e+03 9.570650625228879508e+05
3.193637207031250000e+03 8.302354415655139601e+05
3.150565917968750000e+03 8.143533749580379808e+05
4.638217285156250000e+03 8.569071843624119647e+05
3.711979003906250000e+03 1.032460608243940049e+06
3.809053955078119998e+03 8.198930102586749708e+05
3.856820556640619998e+03 1.104256630659099901e+06
1.710644775390630002e+03 4.230339308381080045e+05
4.399354980468750000e+03 6.136656658649439923e+05
3.411357177734369998e+03 8.586945800781250000e+05
2.596807861328119998e+03 4.132307274937630282e+05
3.881773925781250000e+03 8.060518715381619986e+05
4.689145507812500000e+03 8.814176293611529982e+05
4.258042480468750000e+03 7.777831562757489737e+05
3.821415039062500000e+03 5.904448723793029785e+05
2.680962646484369998e+03 5.333897172212599544e+05
2.426064208984369998e+03 5.192658066749569844e+05
4.067613037109380002e+03 7.574520934820179828e+05
3.583983398437500000e+03 5.092075787186619709e+05
3.617049804687500000e+03 1.129239356994630070e+06
4.326456054687500000e+03 9.212525163888930110e+05
3.590201171875000000e+03 8.379732897281650221e+05
3.864958007812500000e+03 6.545203467607500497e+05
4.324285156250000000e+03 8.585884644985200139e+05
3.257044433593750000e+03 9.225986979007719783e+05
2.278536865234380002e+03 5.441654436588289682e+05
4.326782226562500000e+03 7.790311412811280461e+05
4.060290283203130002e+03 8.488428876399990404e+05
3.717229003906250000e+03 7.822413507699969923e+05
4.395751464843750000e+03 6.777815275192259578e+05
4.302538574218750000e+03 6.507136483192440355e+05
2.675376708984380002e+03 5.579847744703290518e+05
2.717441894531250000e+03 4.714930235147480271e+05
3.492317871093750000e+03 6.876175645589829655e+05
2.580443115234380002e+03 4.215650036931040231e+05
4.049167724609380002e+03 8.211436755657199537e+05
4.178973632812500000e+03 9.855930360555649968e+05
4.139069824218750000e+03 1.014767693281169981e+06
3.036385742187500000e+03 9.174540416002270067e+05
3.173716064453119998e+03 7.215576153993610060e+05
4.071939941406250000e+03 8.954036262035369873e+05
2.199516845703119998e+03 6.211656981706620427e+05
4.163117187500000000e+03 8.962494441270830575e+05
3.841979492187500000e+03 8.120479500293730525e+05
1.715923706054690001e+03 6.688665395975109423e+05
3.348424072265619998e+03 5.529124863147740252e+05
4.632776367187500000e+03 8.066375174522399902e+05
2.602322998046869998e+03 4.393258399367330130e+05
2.550556396484369998e+03 4.835210599899290246e+05
3.093537109375000000e+03 1.333171205759050092e+06
4.064463134765630002e+03 6.580640710592269897e+05
4.626121582031250000e+03 7.382378636598590529e+05
2.426564208984369998e+03 5.410757868289949838e+05
3.599046386718750000e+03 6.202188206911090529e+05
3.726119384765619998e+03 7.182931298017499503e+05
3.141245849609369998e+03 6.049767979383469792e+05
4.067288330078130002e+03 8.089210126399990404e+05
4.939556640625000000e+03 9.903263269662860548e+05
2.642651611328119998e+03 4.304361016750339768e+05
3.431065185546869998e+03 4.717446368336679880e+05
1.710905395507809999e+03 4.260898402333260165e+05
3.501121826171869998e+03 8.218206344842909602e+05
3.968473388671869998e+03 9.838281183242800180e+05
4.339830566406250000e+03 9.027899284362789476e+05
3.276572021484369998e+03 5.394199086427689763e+05
3.995682128906250000e+03 9.652613641023640521e+05
4.317237304687500000e+03 8.635642008781429613e+05
2.641872070312500000e+03 4.822972281575200032e+05
3.579429687500000000e+03 8.253466931581499521e+05
4.451811523437500000e+03 1.082886585474010091e+06
2.591963378906250000e+03 5.465364750623699510e+05
4.631981933593750000e+03 7.727716622352600098e+05
2.067626464843750000e+03 4.312444562911990215e+05
2.589556396484369998e+03 4.084216571450229967e+05
4.600332519531250000e+03 8.146346238851549570e+05
2.395883300781250000e+03 5.211202099323269795e+05
4.376955566406250000e+03 8.523207617998119676e+05
3.592830810546880002e+03 9.001635982990269549e+05
3.643999755859369998e+03 4.839148206710820086e+05
2.303707519531250000e+03 4.453928550481799757e+05
2.204688476562500000e+03 5.572656617164609488e+05
2.679977294921869998e+03 4.340228021740909899e+05
3.839324707031250000e+03 9.263879743814469548e+05
2.196112060546869998e+03 5.628911885023120558e+05
3.666480712890630002e+03 8.544322912693020189e+05
3.360097412109380002e+03 5.511875294446949847e+05
2.584948486328130002e+03 4.365694847106930101e+05
4.035266845703130002e+03 7.517921491861339891e+05
2.153702880859369998e+03 5.482222629785540048e+05
3.221755371093750000e+03 9.633394659757619957e+05
2.428530517578119998e+03 4.412120413184170029e+05
3.968575927734369998e+03 1.072675488948819926e+06
2.186072265625000000e+03 5.060729659199710004e+05
2.115638916015619998e+03 5.595292983055110089e+05
3.780649902343750000e+03 6.552524955272669904e+05
4.074820556640630002e+03 9.600966664552689763e+05
3.202515869140619998e+03 7.510662747621539747e+05
3.629692138671869998e+03 6.317470418214800302e+05
2.093962158203130002e+03 4.550622869729999802e+05
2.299612792968750000e+03 5.011699327230449999e+05
4.055338134765630002e+03 9.350361504554749699e+05
3.809093261718750000e+03 7.969975688457490178e+05
4.449754394531250000e+03 8.695867168903349666e+05
2.196116210937500000e+03 4.493280556797980098e+05
2.324959960937500000e+03 5.931282807588579599e+05
2.827434814453130002e+03 5.026254279017450172e+05
3.580236083984380002e+03 5.594714890718460083e+05
2.410273437500000000e+03 4.993091637492179871e+05
4.212025878906250000e+03 9.385979058742519701e+05
2.951419189453130002e+03 4.213703772425649804e+05
1.950135620117190001e+03 5.421500395536420401e+05
3.960002441406250000e+03 9.838779475688929670e+05
2.285358886718750000e+03 6.000065439939500066e+05
4.618507324218750000e+03 6.988852481842039851e+05
3.590669677734369998e+03 8.344351696968079777e+05
3.606447265625000000e+03 8.289375054836269701e+05
3.655541992187500000e+03 8.977948207855219953e+05
3.174459960937500000e+03 6.049238619804379996e+05
4.328502441406250000e+03 7.081818135976790218e+05
1.716146118164059999e+03 3.741248216032980126e+05
2.417380859375000000e+03 4.416847795248029870e+05
3.716294677734369998e+03 6.427670412063599797e+05
4.249133789062500000e+03 8.766332908868789673e+05
3.623532958984369998e+03 7.302272948026659433e+05
4.198154296875000000e+03 9.278601300716400146e+05
4.045221923828130002e+03 1.024961124181749998e+06
4.060707031250000000e+03 7.778814136981959455e+05
3.701701171875000000e+03 6.033764141798020573e+05
3.966571533203119998e+03 1.050562878370289924e+06
3.405641845703119998e+03 6.548695778846739559e+05
3.981239257812500000e+03 1.055805426597600104e+06
4.891770019531250000e+03 6.781995936632159865e+05
2.088077880859369998e+03 7.363302807807920035e+05
4.617248046875000000e+03 7.464873448610310443e+05
4.078831787109380002e+03 7.623460806608200073e+05
3.835378173828130002e+03 9.486427627801899798e+05
3.822394042968750000e+03 8.851802855730060255e+05
3.659248046875000000e+03 6.706075782775880070e+05
4.119995117187500000e+03 9.483880122900010319e+05
2.083157470703119998e+03 4.793124685883520287e+05
2.988836181640619998e+03 6.343774533271789551e+05
3.825710693359369998e+03 8.456409627199169481e+05
4.066999267578130002e+03 7.967439148426060565e+05
3.704767333984380002e+03 6.567689980268479558e+05
4.095071289062500000e+03 6.505898061990740243e+05
4.620227539062500000e+03 8.776748317480089609e+05
3.465035400390619998e+03 1.007769669294359977e+06
3.540534912109380002e+03 6.846128854751590407e+05
3.863712158203119998e+03 8.306059932708740234e+05
4.420289550781250000e+03 9.091296947002409725e+05
3.679873535156250000e+03 5.253635538816449698e+05
4.049168457031250000e+03 7.118241608142850455e+05
4.037221679687500000e+03 5.525893881320949877e+05
3.882469970703119998e+03 8.313452692031860352e+05
4.618583007812500000e+03 7.243664497137069702e+05
4.029163574218750000e+03 1.052666062355040107e+06
3.893645263671869998e+03 7.384134234189989511e+05
3.805441894531250000e+03 6.026361026763919508e+05
3.618343505859380002e+03 1.087331865787510062e+06
4.582049804687500000e+03 6.901293727159500122e+05
3.799260009765619998e+03 1.071357877016070066e+06
4.386743652343750000e+03 8.866588983535770094e+05
3.383684814453119998e+03 8.627234389781949576e+05
1.955748535156250000e+03 3.839382588267329847e+05
4.485719238281250000e+03 8.078071036338809645e+05
4.239395507812500000e+03 8.393602849245070247e+05
2.661989990234369998e+03 5.140219182968140231e+05
2.422299072265619998e+03 5.117423826456069946e+05
3.401777832031250000e+03 9.737079693079000572e+05
4.215115722656250000e+03 9.905289334058760433e+05
3.863806152343750000e+03 8.162540743350980338e+05
3.580484375000000000e+03 8.106879405975339469e+05
4.058100830078130002e+03 7.468193976879119873e+05
2.586811767578119998e+03 3.909994831085209735e+05
3.695912109375000000e+03 1.122174690961840097e+06
3.598248046875000000e+03 8.536721211671830388e+05
3.273400878906250000e+03 9.175477912425999530e+05
4.340663085937500000e+03 9.057757235765459482e+05
4.348695800781250000e+03 6.551209779977799626e+05
4.120298339843750000e+03 5.606404660940170288e+05
2.838050292968750000e+03 7.201392484903340228e+05
3.966025634765630002e+03 8.843122333288190421e+05
2.321583984375000000e+03 5.029607092738149804e+05
2.305621826171869998e+03 4.551356602311130264e+05
3.840772460937500000e+03 7.935492389202120248e+05
3.395488769531250000e+03 5.742687035799029982e+05
3.621262939453119998e+03 1.188223171949390089e+06
3.465478515625000000e+03 1.010337093710900052e+06
2.401287353515630002e+03 4.887016262412070064e+05
4.358475585937500000e+03 8.293210322856899584e+05
3.611118896484369998e+03 6.736642795801160391e+05
3.599718017578119998e+03 5.233036811351780198e+05
4.419304199218750000e+03 7.540313584804539569e+05
2.279208496093750000e+03 5.576006994247440016e+05
4.000965576171880002e+03 1.108991261720659910e+06
3.904001220703119998e+03 8.779048503637310350e+05
4.060231201171869998e+03 8.172402426004409790e+05
4.361310546875000000e+03 6.107668586969380267e+05
3.850571289062500000e+03 1.063679909229279961e+06
2.311693115234369998e+03 5.731959737539290218e+05
4.399944824218750000e+03 8.785177866220469587e+05
3.835111083984369998e+03 8.278720246553419856e+05
4.357936523437500000e+03 6.971411027908329852e+05
3.917948486328119998e+03 7.790245623588559683e+05
4.368025390625000000e+03 8.297496368885040283e+05
4.295645019531250000e+03 9.383391349315639818e+05
2.696194580078119998e+03 4.345171046257020207e+05
3.871992187500000000e+03 8.157288570404050406e+05
2.401271240234369998e+03 5.313746786117550218e+05
4.028215087890630002e+03 9.614154967069630511e+05
4.034141845703130002e+03 6.543874281644820003e+05
3.097388916015630002e+03 5.960737495422359789e+05
3.958627685546869998e+03 5.736882355213169940e+05
2.402692871093750000e+03 4.732631800174710224e+05
3.833597167968750000e+03 9.686736927032469539e+05
2.256634765625000000e+03 4.064534324407579843e+05
4.194407714843750000e+03 9.639846267700199969e+05
3.926557373046869998e+03 5.621740250587459886e+05
4.062760742187500000e+03 7.734416158199310303e+05
3.605685302734380002e+03 7.560831294059749926e+05
3.662469726562500000e+03 8.098342645168310264e+05
2.978605468750000000e+03 6.370657958984379657e+05
3.255935302734369998e+03 8.784513882398610003e+05
4.658183105468750000e+03 1.233491152286530007e+06
3.224004394531250000e+03 5.711136230230330257e+05
2.415701171875000000e+03 4.883660402894020081e+05
3.319306884765619998e+03 5.218363378047940205e+05
3.799651123046869998e+03 7.826580767631529598e+05
2.302723632812500000e+03 4.611796491146089975e+05
4.718066406250000000e+03 7.797261922359470045e+05
4.267341796875000000e+03 7.536584919691090472e+05
4.079929931640630002e+03 8.135548278093340341e+05
3.843547851562500000e+03 8.870897568464280339e+05
2.317180664062500000e+03 4.383673275113109848e+05
4.513936523437500000e+03 6.970100725889209425e+05
3.172964599609369998e+03 7.139116284847259521e+05
3.974659912109369998e+03 7.742178677320480347e+05
1.974510253906250000e+03 4.390382557511330233e+05
2.067349121093750000e+03 4.775253165364270099e+05
3.915071289062500000e+03 5.460827730894089909e+05
4.652514160156250000e+03 7.355816847085950430e+05
4.177775390625000000e+03 7.729734158515930176e+05
4.068811767578130002e+03 7.533635978698730469e+05
3.937270751953119998e+03 6.583865600824359572e+05
3.933242431640619998e+03 8.293226770162580069e+05
3.857434326171869998e+03 1.072839596509929979e+06
4.343807617187500000e+03 8.231493331193920458e+05
4.651395019531250000e+03 9.783218649625780527e+05
3.398431396484369998e+03 9.784985821247099666e+05
3.101639160156250000e+03 5.308526898622510489e+05
4.612463378906250000e+03 7.727882313728330191e+05
4.202581542968750000e+03 5.089705547690389794e+05
2.427855224609380002e+03 5.528144116401670035e+05
2.331852539062500000e+03 3.951836167573929997e+05
4.329722656250000000e+03 8.193089481592179509e+05
3.173211425781250000e+03 4.822349720597270061e+05
3.643342285156250000e+03 7.780399779081339948e+05
3.085954101562500000e+03 6.436841917037960375e+05
3.619361572265630002e+03 9.109218418598179705e+05
3.790282714843750000e+03 5.568966938257219736e+05
3.397403564453119998e+03 7.757293751239780104e+05
3.665132324218750000e+03 5.035782446861270000e+05
4.348057617187500000e+03 7.460164036750789965e+05
3.413451416015619998e+03 9.222082875967030413e+05
3.260670654296869998e+03 5.631331466436389601e+05
1.904367553710940001e+03 4.799531216025350150e+05
4.058702148437500000e+03 7.909748700857160147e+05
3.015153076171869998e+03 7.554531975984569872e+05
2.096157958984369998e+03 4.802501173019409762e+05
3.667392578125000000e+03 8.349473509788509691e+05
3.851282958984369998e+03 9.391195291280749952e+05
4.104170410156250000e+03 6.024650506973270094e+05
3.459908935546869998e+03 5.258417440652849618e+05
3.906303466796869998e+03 9.701997590065000113e+05
3.832782714843750000e+03 8.924990320205689641e+05
2.082965332031250000e+03 4.715676455497739953e+05
3.751817871093750000e+03 1.081445314168930054e+06
1.524254516601559999e+03 4.431160606145859929e+05
3.091181396484369998e+03 1.302383798837660113e+06
4.073770996093750000e+03 7.385713175535199698e+05
4.075988525390630002e+03 8.811274867057800293e+05
3.860374511718750000e+03 6.798945798873900203e+05
4.053770263671869998e+03 8.159847040176390437e+05
2.330962158203119998e+03 5.224654777050020057e+05
2.584689941406250000e+03 4.059271491169930086e+05
4.153649902343750000e+03 9.051048562526700553e+05
4.392394531250000000e+03 8.476104362010960467e+05
3.076543701171869998e+03 5.880157271623610286e+05
3.055094482421869998e+03 7.213328964710240252e+05
4.349716308593750000e+03 6.388814566135409987e+05
2.715692138671869998e+03 4.810077289342880249e+05
4.058177734375000000e+03 8.515209963321690448e+05
4.162110839843750000e+03 9.171235725879670354e+05
3.640548828125000000e+03 5.442626655101779616e+05
3.851294189453119998e+03 8.851096839904789813e+05
4.487196289062500000e+03 9.686733881235120352e+05
2.823051025390619998e+03 6.303472542762759840e+05
4.078592529296880002e+03 9.654784685373309767e+05
3.483448242187500000e+03 7.706850473880770151e+05
3.368145507812500000e+03 7.967487881183619611e+05
3.641392578125000000e+03 8.538389699459079420e+05
4.325176757812500000e+03 7.573911775350569515e+05
3.174466796875000000e+03 6.174860094785690308e+05
2.619485595703119998e+03 7.126754002571109449e+05
2.335952880859369998e+03 4.272983517050740193e+05
3.632622314453119998e+03 1.038428787231449969e+06
2.319524169921880002e+03 5.212527630329129752e+05
4.061595214843750000e+03 7.104298557043080218e+05
4.636871093750000000e+03 5.957558901309970533e+05
3.840433593750000000e+03 8.914757050275800284e+05
2.202153564453130002e+03 5.321481893062590389e+05
4.167497558593750000e+03 9.976462917327879695e+05
3.642325683593750000e+03 8.941034971475600032e+05
2.243513916015630002e+03 5.093539292812349740e+05
2.820360595703130002e+03 4.458972695469859755e+05
2.987957031250000000e+03 1.293554154157639947e+06
3.437437255859369998e+03 8.673945956230160082e+05
4.174088867187500000e+03 7.974945820569989737e+05
4.071518066406250000e+03 8.000696209669109667e+05
3.097887939453130002e+03 8.196767586469650269e+05
3.852827636718750000e+03 7.328016027212139452e+05
3.343441650390619998e+03 5.597937344312670175e+05
4.521234863281250000e+03 8.584282555580140324e+05
4.071885498046880002e+03 7.669134365320210345e+05
3.636007080078119998e+03 9.649703686237339862e+05
4.522291015625000000e+03 6.828387085199359572e+05
4.186584472656250000e+03 6.084044164419169538e+05
3.823001464843750000e+03 9.724872137308119563e+05
3.089423828125000000e+03 5.222699984312059823e+05
4.073991455078130002e+03 6.707714421749119647e+05
2.186889404296869998e+03 5.583316907882690430e+05
4.718323242187500000e+03 6.969673705101009691e+05
4.836697265625000000e+03 6.231219528913500253e+05
3.090093994140619998e+03 6.289902297258380568e+05
4.192548828125000000e+03 9.857064006328580435e+05
2.742239501953119998e+03 4.919963261485099792e+05
4.057695800781250000e+03 9.138910069465639535e+05
3.731070312500000000e+03 6.284916326999659650e+05
3.781010253906250000e+03 1.073304385185240069e+06
3.547443603515619998e+03 7.915279259681700496e+05
4.169093750000000000e+03 5.557811400890350342e+05
3.580363769531250000e+03 8.206441038846969604e+05
4.637699707031250000e+03 7.052646098136899527e+05
2.609332519531250000e+03 4.721171378493310185e+05
3.008098876953130002e+03 6.469297324419020442e+05
2.350810302734369998e+03 5.694930151700970018e+05
3.629739501953119998e+03 7.193266906738280086e+05
1.724517700195309999e+03 4.086265783905980061e+05
3.179203857421869998e+03 5.257475680112839909e+05
2.197118896484369998e+03 4.750495706200600252e+05
4.229209472656250000e+03 9.476648790836329572e+05
2.096702148437500000e+03 5.681823476552959764e+05
3.820823486328130002e+03 1.079582382678990019e+06
2.671530761718750000e+03 4.555904586911199731e+05
4.438129394531250000e+03 7.006368862390520517e+05
3.781226806640630002e+03 8.950362421274189837e+05
1.709641479492190001e+03 3.408029762506479747e+05
3.851737792968750000e+03 9.130281325578689575e+05
3.535048828125000000e+03 1.143843224287030054e+06
3.378076904296869998e+03 8.794467548131940421e+05
4.607997070312500000e+03 7.500394146442409838e+05
3.402848144531250000e+03 8.736356171369550284e+05
3.467122802734369998e+03 8.322348856925970176e+05
4.004650878906250000e+03 8.685741111040120013e+05
3.795724365234369998e+03 1.087425067186360015e+06
2.329631103515619998e+03 4.429535064101219759e+05
4.337872070312500000e+03 8.098239088058470516e+05
2.196612548828130002e+03 4.890094040632250253e+05
2.137721435546869998e+03 6.349283162355419481e+05
4.610193847656250000e+03 7.564371728897100547e+05
3.174213867187500000e+03 9.155456668138500536e+05
3.765070068359380002e+03 1.065853390216829954e+06
4.254681640625000000e+03 7.040409911870959913e+05
4.160451171875000000e+03 9.199272290468219435e+05
2.745118408203119998e+03 6.738143764734270517e+05
3.359083740234380002e+03 5.532871803045270499e+05
3.044640625000000000e+03 8.740377842187880306e+05
3.652485839843750000e+03 5.214269217252730159e+05
4.318122558593750000e+03 7.842583996057510376e+05
3.986317871093750000e+03 8.314131295680999756e+05
2.195112548828130002e+03 4.266318703293799772e+05
4.083033691406250000e+03 7.253501813411710318e+05
3.076870849609369998e+03 5.715345522165299626e+05
2.089367187500000000e+03 4.814815027117729769e+05
2.302724365234380002e+03 5.110881453752520029e+05
3.636632812500000000e+03 8.886794803142549936e+05
4.336559082031250000e+03 7.720815454721449642e+05
3.652191894531250000e+03 5.161548901796339778e+05
2.340826171875000000e+03 3.946484701633449877e+05
3.112050537109380002e+03 5.050470195412639878e+05
3.516649414062500000e+03 7.875190474987030029e+05
3.822391113281250000e+03 1.038044163942339947e+06
3.650079101562500000e+03 1.001293877720830031e+06
4.568736328125000000e+03 7.582333405017850455e+05
3.800408935546869998e+03 8.118706846237180289e+05
3.173208251953119998e+03 4.083432278633120004e+05
3.780649414062500000e+03 1.070499083995820023e+06
3.346799560546869998e+03 7.686579474210740300e+05
3.500916748046869998e+03 7.238493951559070265e+05
3.172962890625000000e+03 5.152730100154880201e+05
4.381466308593750000e+03 8.074690201282500057e+05
2.279210205078119998e+03 4.829444600939750089e+05
4.422140625000000000e+03 8.589760726690290030e+05
3.676225097656250000e+03 8.998698616027829703e+05
4.029837646484380002e+03 8.034301100969309919e+05
4.172659667968750000e+03 1.000747096180920023e+06
3.391488281250000000e+03 7.284637172222139779e+05
4.332497558593750000e+03 8.636288936138149584e+05
3.942779296875000000e+03 1.072609334230419947e+06
4.262764648437500000e+03 8.110682388544080313e+05
3.443190673828119998e+03 5.014261451959609985e+05
4.119685058593750000e+03 9.946130430698390119e+05
3.631843994140619998e+03 9.038057018518450204e+05
3.922299072265619998e+03 6.148783805370329646e+05
4.616181640625000000e+03 7.685325824022289598e+05
3.136364501953130002e+03 7.006060627698899480e+05
3.078544433593750000e+03 1.040073152303699986e+06
2.325516845703119998e+03 4.269870712161060073e+05
3.172712402343750000e+03 7.289668220281599788e+05
4.078350097656250000e+03 8.463008651733399602e+05
2.019704589843750000e+03 5.567024937868119450e+05
4.631008300781250000e+03 8.005187542438510573e+05
4.386941406250000000e+03 5.568332803249360295e+05
3.800198486328119998e+03 7.009759443998340284e+05
3.746243408203119998e+03 7.537147173881529598e+05
3.518865722656250000e+03 1.057357321262360085e+06
2.610219970703119998e+03 4.661423190236089868e+05
2.714007568359380002e+03 4.873557797670359723e+05
2.822141357421869998e+03 5.380092171430590097e+05
3.641462402343750000e+03 9.048276277780530509e+05
3.837397460937500000e+03 1.112687275886540068e+06
3.648664306640619998e+03 5.883371806144709699e+05
3.337602783203119998e+03 1.257557337284089997e+06
3.836970458984369998e+03 8.700167225599290105e+05
4.365541503906250000e+03 8.625954545736310538e+05
2.376058105468750000e+03 5.319226175546649611e+05
2.433655273437500000e+03 5.372917491197589552e+05
3.590189208984380002e+03 8.068249558210369432e+05
2.270781250000000000e+03 3.960247441530229989e+05
3.790047851562500000e+03 1.148609287977220025e+06
3.709931396484380002e+03 9.647524113655090332e+05
3.833721923828119998e+03 7.933998121023180429e+05
4.435294921875000000e+03 7.206329113245010376e+05
4.389054199218750000e+03 8.964602742195130559e+05
2.843121337890619998e+03 6.140070997476580087e+05
3.204544921875000000e+03 8.636901141405110247e+05
3.712412109375000000e+03 7.908901360034940299e+05
4.733851562500000000e+03 7.797113896608350333e+05
3.159461425781250000e+03 6.228740249872209970e+05
3.820252197265619998e+03 8.038597502708430402e+05
2.072960449218750000e+03 4.923790915012360201e+05
4.069055908203130002e+03 8.440875451564789983e+05
3.747071289062500000e+03 1.026354881048199954e+06
3.587855957031250000e+03 7.895912252664569532e+05
3.061259277343750000e+03 4.379303469657900278e+05
4.079297851562500000e+03 8.806767086982730543e+05
4.362665039062500000e+03 6.490302970409389818e+05
4.130729980468750000e+03 6.623541984558110125e+05
3.362517333984369998e+03 6.051550989150999812e+05
4.574119140625000000e+03 9.162050210237499559e+05
4.555237792968750000e+03 7.382441989183430560e+05
2.415376708984369998e+03 5.373532742261890089e+05
3.114787353515619998e+03 5.074496358633040218e+05
3.927855224609380002e+03 7.707515676021579420e+05
3.806154296875000000e+03 7.367237368822100107e+05
3.578799560546880002e+03 7.620422319173810538e+05
4.209580078125000000e+03 9.792518687248229980e+05
3.824454101562500000e+03 7.115787913799290545e+05
3.935255615234380002e+03 7.439544597864149837e+05
4.253545410156250000e+03 1.012636366128919995e+06
2.300618164062500000e+03 4.498466940522189834e+05
3.776818603515619998e+03 1.080112595081330044e+06
2.658685058593750000e+03 5.213097194433209952e+05
2.299278564453119998e+03 4.408590029478070210e+05
3.430160644531250000e+03 4.750118331909180270e+05
4.918211425781250000e+03 9.101846979856489925e+05
2.580819335937500000e+03 3.948501019477840164e+05
4.324606933593750000e+03 8.264525003433229867e+05
4.631498535156250000e+03 8.407073801755909808e+05
2.313844482421869998e+03 4.993565258979800274e+05
3.172704833984369998e+03 5.861022963523860089e+05
4.078058837890630002e+03 7.431763194799419725e+05
3.662052490234369998e+03 8.582801688909529475e+05
4.247697265625000000e+03 9.979115806818009587e+05
2.410681640625000000e+03 4.727990918755530147e+05
4.280296386718750000e+03 7.650960701704029925e+05
4.075261230468750000e+03 1.086790688514709938e+06
3.405931152343750000e+03 5.712421556711200392e+05
4.060873046875000000e+03 8.010298999547959538e+05
2.538972167968750000e+03 5.589703944921490038e+05
4.637938476562500000e+03 8.516383813619610155e+05
4.722003417968750000e+03 6.629210213422779925e+05
4.062206542968750000e+03 6.267380453348159790e+05
3.339193359375000000e+03 5.592111952304840088e+05
4.401195800781250000e+03 9.200380351543430006e+05
2.882741210937500000e+03 4.602826617956159753e+05
2.584828125000000000e+03 5.988940969705580501e+05
3.935464111328119998e+03 7.598965286016459577e+05
4.056682617187500000e+03 7.266363606452939566e+05
3.112707031250000000e+03 6.423464165925979614e+05
3.786823242187500000e+03 1.110092865705490112e+06
4.329008300781250000e+03 6.930945782661440317e+05
4.070637207031250000e+03 8.350599845647809561e+05
4.071710449218750000e+03 7.981355396509170532e+05
3.831913574218750000e+03 7.763136199712749803e+05
4.909311523437500000e+03 7.410965881347659742e+05
4.075162841796869998e+03 1.055451017618180020e+06
3.500632568359369998e+03 7.188242559432979906e+05
2.164911132812500000e+03 6.571135386228560237e+05
2.093370605468750000e+03 5.512152462005619891e+05
3.841153320312500000e+03 9.012910306453709491e+05
3.266332031250000000e+03 5.687670798301700270e+05
4.449369140625000000e+03 8.770570222139359685e+05
3.779302246093750000e+03 8.277647516727449838e+05
3.337209472656250000e+03 6.061869541406630306e+05
3.865596923828130002e+03 7.396070713996889535e+05
3.895339843750000000e+03 6.225005493164060172e+05
4.074069335937500000e+03 8.457853335142140277e+05
3.683605712890630002e+03 5.938475762605669443e+05
3.964192382812500000e+03 9.954411344528200570e+05
2.070265625000000000e+03 5.655504132509230403e+05
4.388845703125000000e+03 9.666021850109100342e+05
3.552353759765630002e+03 7.879310220479969867e+05
3.648892089843750000e+03 8.323206553459169809e+05
1.975514160156250000e+03 5.631723155975339469e+05
3.552843750000000000e+03 5.815946990251539974e+05
3.460888916015619998e+03 9.741352337598799495e+05
3.438263427734369998e+03 6.261226724386219867e+05
4.031312011718750000e+03 7.723263057470320491e+05
4.434346191406250000e+03 8.918447947502139723e+05
3.012384521484380002e+03 5.307115476131440373e+05
3.308698730468750000e+03 5.727011535167689435e+05
2.098873291015630002e+03 5.037836532592769945e+05
1.711785766601559999e+03 4.429352620840069721e+05
3.845741699218750000e+03 8.901812411546709482e+05
2.821924316406250000e+03 5.626122543811800424e+05
2.083865478515630002e+03 4.856610067486760090e+05
4.323161621093750000e+03 7.649244090318679810e+05
3.536278320312500000e+03 8.481640403270720271e+05
3.612454101562500000e+03 9.003922158479690552e+05
3.868573242187500000e+03 5.679659132957459660e+05
3.925992187500000000e+03 9.974022015333180316e+05
3.569448974609369998e+03 5.967437640428539598e+05
1.974006835937500000e+03 6.141989240646359976e+05
3.966879150390619998e+03 9.296260224580769427e+05
4.066172119140630002e+03 8.493424593210220337e+05
2.486314208984369998e+03 5.619527174234390259e+05
3.728754882812500000e+03 6.609828586578370305e+05
4.065279296875000000e+03 7.230453655719760573e+05
4.672913085937500000e+03 7.800930889844900230e+05
4.204779785156250000e+03 9.748715248107910156e+05
4.382164550781250000e+03 9.469600815773010254e+05
4.378747070312500000e+03 9.209486067295069806e+05
4.592389160156250000e+03 7.296482278108600294e+05
4.517873535156250000e+03 7.749111521244050236e+05
3.449918212890619998e+03 7.960066491365430411e+05
3.924357910156250000e+03 9.076842201948170550e+05
3.962949218750000000e+03 1.046291208505630028e+06
4.344170410156250000e+03 8.505653469562530518e+05
3.633367675781250000e+03 9.424999377727509709e+05
2.123807617187500000e+03 4.225585123300550040e+05
3.927225097656250000e+03 7.655333857536320575e+05
4.074561767578130002e+03 9.224138180017470149e+05
3.673386962890619998e+03 7.331142233610149706e+05
3.050529052734380002e+03 6.095593218803410418e+05
2.021219604492190001e+03 5.738329718112950213e+05
4.375004882812500000e+03 9.323800933361049974e+05
4.004791992187500000e+03 1.018304899573329953e+06
4.617057617187500000e+03 7.234847522974009626e+05
2.196114501953119998e+03 4.408968012928959797e+05
4.584054687500000000e+03 7.714606901407239493e+05
3.857678466796869998e+03 6.929543497562409611e+05
3.083459960937500000e+03 5.625314798355100211e+05
3.383361816406250000e+03 9.662775030136109563e+05
3.604262939453119998e+03 5.808811296224589460e+05
4.157101562500000000e+03 9.952019175291060237e+05
3.619470214843750000e+03 1.028749608755109948e+06
3.932489501953130002e+03 8.970146702527999878e+05
4.078752197265630002e+03 8.422012828588490374e+05
4.199406250000000000e+03 4.904138516783710220e+05
4.164557617187500000e+03 9.579276323318480281e+05
4.114682617187500000e+03 7.401466039419169538e+05
2.539969238281250000e+03 4.676100583076479961e+05
3.956667968750000000e+03 1.059234263420110103e+06
4.430695800781250000e+03 8.662028969526289729e+05
3.692990722656250000e+03 5.671043181419370230e+05
3.432002685546869998e+03 6.355819443464280339e+05
3.418068847656250000e+03 8.837102010250090389e+05
2.883163818359369998e+03 4.001131179332730244e+05
2.539373291015619998e+03 6.656910521984100342e+05
2.454465576171869998e+03 5.038390867710110033e+05
3.637006347656250000e+03 8.222164053916929988e+05
4.195996582031250000e+03 1.067204627752299886e+06
3.116366455078130002e+03 5.104485279321669950e+05
4.062410156250000000e+03 8.885921268463130109e+05
2.497090332031250000e+03 4.582391754388809786e+05
3.618783935546880002e+03 8.994406478404999943e+05
3.875687500000000000e+03 7.169786245822909987e+05
1.975012695312500000e+03 4.740988554358480033e+05
4.605423339843750000e+03 7.032052243947980460e+05
3.572949462890619998e+03 9.201317238807680551e+05
2.301271972656250000e+03 5.131195094585419865e+05
3.619875732421869998e+03 1.060476217746729963e+06
4.425916503906250000e+03 9.154626992940900382e+05
4.005545898437500000e+03 1.024577353715899982e+06
4.145952636718750000e+03 8.296144034862519475e+05
3.072852539062500000e+03 1.115349059104919899e+06
2.841269531250000000e+03 6.396214026212689932e+05
1.974511230468750000e+03 4.874008880257609999e+05
4.692894042968750000e+03 5.482940219640729483e+05
3.340403076171869998e+03 7.576397145986560499e+05
4.593251953125000000e+03 9.322985268831249559e+05
4.418588867187500000e+03 8.873987225294109667e+05
3.618176513671869998e+03 1.077968353748319903e+06
4.345796875000000000e+03 1.022451874494550051e+06
2.097169433593750000e+03 4.636451002359390259e+05
3.582137939453119998e+03 8.078973201513290405e+05
2.709755371093750000e+03 4.823350265026090201e+05
3.584427734375000000e+03 5.154045275449749897e+05
3.789096923828119998e+03 1.113223336219789926e+06
4.381895996093750000e+03 9.231903135776519775e+05
3.718034423828119998e+03 5.697675633430479793e+05
4.344984375000000000e+03 6.968590619564059889e+05
1.947792480468750000e+03 4.752356688380240230e+05
4.607396972656250000e+03 7.149953231811519945e+05
2.536170166015619998e+03 5.627172734737399733e+05
1.715285766601559999e+03 4.178129163980479934e+05
2.588185791015630002e+03 4.993603940606120159e+05
3.845428466796869998e+03 8.843417166471480159e+05
1.716782226562500000e+03 6.379852612018589862e+05
4.857476074218750000e+03 7.384221953153610229e+05
2.836974853515619998e+03 5.696481680870059645e+05
2.580434814453119998e+03 4.213265177607539808e+05
1.711285400390630002e+03 4.244234235882760258e+05
3.372966308593750000e+03 6.496848388910290087e+05
3.776729980468750000e+03 5.319921226501460187e+05
4.571731445312500000e+03 5.568631900548939593e+05
2.256684082031250000e+03 6.178786127567290096e+05
4.489529785156250000e+03 6.634347255229949951e+05
3.749051757812500000e+03 6.252939109802249586e+05
2.301732666015630002e+03 4.103553729653360206e+05
4.426224121093750000e+03 9.398720847368240356e+05
2.646103027343750000e+03 4.875770874023439828e+05
2.599819824218750000e+03 4.186160017848020070e+05
4.448701171875000000e+03 7.022640730142589891e+05
4.085653076171880002e+03 7.080869065523149911e+05
2.068457275390619998e+03 4.933224967718119733e+05
3.059002685546869998e+03 5.822870087623599684e+05
3.189201416015619998e+03 5.424746606349949725e+05
2.402895019531250000e+03 5.365312135219570482e+05
3.591950927734369998e+03 1.111754896402359940e+06
3.295989990234369998e+03 9.677511206865309505e+05
3.932052734375000000e+03 1.038424279451370006e+06
2.431921386718750000e+03 5.284197678565980168e+05
3.846335205078119998e+03 9.144698302745820256e+05
4.739409667968750000e+03 6.655645906925200252e+05
3.932776367187500000e+03 7.679752624034880428e+05
4.293443359375000000e+03 8.854104869365689810e+05
2.877811279296869998e+03 6.255779011249539908e+05
2.667099365234369998e+03 4.375861414074900094e+05
4.079701171875000000e+03 8.197898795604710467e+05
3.818956787109380002e+03 9.500014320611950243e+05
3.797059814453119998e+03 1.004562688350680051e+06
2.195610839843750000e+03 4.676579382419590256e+05
3.655281982421869998e+03 5.548339580297470093e+05
3.264690429687500000e+03 5.473413574695589487e+05
4.331617187500000000e+03 7.326786743402479915e+05
4.066936523437500000e+03 8.802872121334079420e+05
4.482483886718750000e+03 8.546771733760830248e+05
4.340403320312500000e+03 9.145888600349429762e+05
3.211048339843750000e+03 7.497916694879529532e+05
4.380633300781250000e+03 8.453517338037489681e+05
3.178457275390619998e+03 5.456730524301530095e+05
3.640676757812500000e+03 9.823566327095030574e+05
4.005106445312500000e+03 6.759826186895370483e+05
3.659997802734380002e+03 8.390024646520620445e+05
3.736442138671880002e+03 6.985513678789139958e+05
3.405916503906250000e+03 5.984833407402039738e+05
3.630114990234369998e+03 9.211382380723949755e+05
2.644405517578130002e+03 5.013488124012949993e+05
3.840381103515619998e+03 9.011336238384250319e+05
3.617916015625000000e+03 1.066921246767040109e+06
1.530913085937500000e+03 4.323983566164969816e+05
4.057400634765630002e+03 6.316841765642169630e+05
1.350131225585940001e+03 1.068928427219389938e+06
2.308422851562500000e+03 4.762617370486260043e+05
2.122802246093750000e+03 6.180570964813230094e+05
3.578031982421880002e+03 8.085829900503159733e+05
3.914680908203119998e+03 5.451771357059479924e+05
3.124193847656250000e+03 7.793935911655429518e+05
3.601663085937500000e+03 8.114863049983979436e+05
3.719458740234369998e+03 1.177312394857410109e+06
4.611192382812500000e+03 7.357035166025160579e+05
3.846410888671869998e+03 9.008851476907730103e+05
4.080437255859380002e+03 7.366103113889689557e+05
3.349785156250000000e+03 1.177384641170500079e+06
2.324638671875000000e+03 4.383990647196769714e+05
2.405071533203130002e+03 5.988780151605609572e+05
4.027589843750000000e+03 9.849377632141109789e+05
3.335522216796880002e+03 6.430761896371840267e+05
3.849884521484380002e+03 8.278555773496630136e+05
3.321204833984380002e+03 5.828597404956819955e+05
4.157303222656250000e+03 9.837017786502840463e+05
3.421300048828119998e+03 5.934866492748260498e+05
4.207080078125000000e+03 9.597869088649749756e+05
3.581539306640630002e+03 9.117789292335510254e+05
2.059741455078119998e+03 5.608039035797120305e+05
4.325798339843750000e+03 8.306019728183749830e+05
3.257372802734380002e+03 9.851737515926359920e+05
3.616267578125000000e+03 1.135581803560259985e+06
3.349103759765619998e+03 5.910586005449299701e+05
4.258020507812500000e+03 7.266878955364229623e+05
3.664413818359369998e+03 1.072644665479660034e+06
2.478610107421880002e+03 4.975595359206200228e+05
3.666613525390630002e+03 7.768636909723279532e+05
2.083861572265619998e+03 4.925337570905690081e+05
3.178285644531250000e+03 7.382781291008000262e+05
2.213759033203130002e+03 5.457093583345409716e+05
3.876823486328119998e+03 8.073336648941040039e+05
4.109424804687500000e+03 6.458496927022930468e+05
2.601815673828119998e+03 4.345704365372660104e+05
3.643787841796869998e+03 8.955162597894669743e+05
2.000689086914059999e+03 6.058343726396559505e+05
3.674307617187500000e+03 9.087991647720340407e+05
2.396982666015619998e+03 5.170655835866929847e+05
3.676320556640630002e+03 9.242457432746889535e+05
4.009886962890630002e+03 6.670896214246749878e+05
4.183286621093750000e+03 1.206135749816890107e+06
4.316185546875000000e+03 8.231484193801879883e+05
2.832010253906250000e+03 6.191774016618729802e+05
4.600930664062500000e+03 6.782990694046020508e+05
3.347762695312500000e+03 6.080677340030670166e+05
4.061701660156250000e+03 8.407700017690659733e+05
2.196114257812500000e+03 5.735360674858089769e+05
1.816694335937500000e+03 3.748377818465229939e+05
3.655872558593750000e+03 7.100710607767109759e+05
3.539740722656250000e+03 9.036836872100830078e+05
2.408684814453119998e+03 4.355957128405569820e+05
4.167711914062500000e+03 5.736786717176439706e+05
3.831065429687500000e+03 1.058915307521820068e+06
3.636103515625000000e+03 8.976335153579709586e+05
4.440261230468750000e+03 6.486951984167100163e+05
4.467050292968750000e+03 5.742244176864620531e+05
3.432395996093750000e+03 8.816853549480440561e+05
2.091874267578119998e+03 5.084824657440190203e+05
2.347439208984380002e+03 3.914768204689029953e+05
3.661015136718750000e+03 5.260401473045350285e+05
3.178800048828119998e+03 6.642047640085220337e+05
4.415371093750000000e+03 6.906688443422319833e+05
4.433329101562500000e+03 6.959061537981029833e+05
4.688964355468750000e+03 8.257042088508609449e+05
2.539172363281250000e+03 4.447477247118949890e+05
3.621391845703119998e+03 1.122928099393839948e+06
2.103666259765619998e+03 5.089442390799520072e+05
3.450340087890630002e+03 9.710913857221599901e+05
3.173965332031250000e+03 8.449993350505830022e+05
2.866544433593750000e+03 6.349418395757679828e+05
4.629553222656250000e+03 8.560438226461410522e+05
3.630054443359369998e+03 6.205063439607620239e+05
4.081122314453119998e+03 8.301969426870349562e+05
3.839607910156250000e+03 8.463814569711689837e+05
2.185712890625000000e+03 5.353279408216479933e+05
4.315563476562500000e+03 8.135740163326259935e+05
3.355843017578119998e+03 5.484440579414370004e+05
3.838929443359369998e+03 8.841358816623690072e+05
3.606446289062500000e+03 6.018334741592409555e+05
4.079772216796880002e+03 8.322228243350980338e+05
4.248551757812500000e+03 5.791135315895080566e+05
3.361581054687500000e+03 8.419901481866840040e+05
3.333506591796869998e+03 5.233814098834990291e+05
2.208073730468750000e+03 5.390555094480520347e+05
4.644212402343750000e+03 8.776929237842559814e+05
3.379915039062500000e+03 9.213540023565290030e+05
3.876322021484380002e+03 1.024928229570389958e+06
4.166106445312500000e+03 7.649218505620959913e+05
4.536812500000000000e+03 9.107574906349179801e+05
1.600797729492190001e+03 7.362587045431140577e+05
3.662841308593750000e+03 5.624320040941239567e+05
2.843705566406250000e+03 6.639473941326140193e+05
2.316323242187500000e+03 4.259977353215219919e+05
3.173213378906250000e+03 1.037581446409230004e+06
4.067056884765630002e+03 8.727216951847079908e+05
2.541571289062500000e+03 4.822250427603719872e+05
3.358708251953119998e+03 1.040627974748610053e+06
2.195114746093750000e+03 6.003402415513989981e+05
2.310050292968750000e+03 5.078155579566960223e+05
3.786634277343750000e+03 1.038104836225509993e+06
3.597482666015630002e+03 7.462823626995090162e+05
2.597197753906250000e+03 5.339548344612120418e+05
4.228323242187500000e+03 9.660751402378079947e+05
4.089092529296880002e+03 7.778067916631699773e+05
2.665093994140619998e+03 4.561849678754810011e+05
3.689654052734369998e+03 1.101348747015000088e+06
2.778671142578119998e+03 5.646257700920109637e+05
3.110748779296869998e+03 1.028363645315170055e+06
2.198981689453119998e+03 5.732251524925229605e+05
2.602193603515619998e+03 4.556484506726270192e+05
4.081187255859380002e+03 7.742331576347349910e+05
3.419187011718750000e+03 5.794789054393769475e+05
4.065045654296880002e+03 9.332212207317349967e+05
2.806704589843750000e+03 5.314687937498090323e+05
4.375536621093750000e+03 7.812889299392700195e+05
2.331738769531250000e+03 5.370638625621800311e+05
2.807597900390619998e+03 4.838798244595529977e+05
4.762426757812500000e+03 5.634273097515109694e+05
4.033471435546869998e+03 6.950312180519100511e+05
4.052864990234380002e+03 8.372470498085019644e+05
4.229329101562500000e+03 9.931514867544169538e+05
3.345533447265619998e+03 5.604357885122300358e+05
2.729546386718750000e+03 4.437946642637249897e+05
4.493544921875000000e+03 1.006089546561239986e+06
1.956181274414059999e+03 4.262177332639690139e+05
2.196616210937500000e+03 6.164325900077819824e+05
3.566350585937500000e+03 9.419214799404150108e+05
3.617229736328130002e+03 7.109456310272220289e+05
3.852168457031250000e+03 8.474307341575620230e+05
4.576880859375000000e+03 9.157048401832580566e+05
2.678750000000000000e+03 4.444624553322789725e+05
4.375373046875000000e+03 9.104743533134460449e+05
4.091425537109380002e+03 8.384663434028630145e+05
2.187808349609380002e+03 5.605058418512339704e+05
3.579021972656250000e+03 8.498347820043560350e+05
2.629951171875000000e+03 5.817154344320299570e+05
3.497016601562500000e+03 6.129619648456569994e+05
1.526256958007809999e+03 4.392390042543410091e+05
2.550759521484369998e+03 4.958839209675790044e+05
2.539372070312500000e+03 5.212160916328430176e+05
4.441128417968750000e+03 1.071109339952470036e+06
4.247247070312500000e+03 9.459664206504819449e+05
3.644689697265619998e+03 4.915872755646710284e+05
2.581187988281250000e+03 4.484663386940960190e+05
4.004018798828130002e+03 7.257719633579249494e+05
4.613259277343750000e+03 5.458249158859249437e+05
3.929159179687500000e+03 7.294200366735459538e+05
3.897650878906250000e+03 7.585508344173430232e+05
4.080812988281250000e+03 8.233526705503460253e+05
3.343397949218750000e+03 7.348716484308240470e+05
3.776946044921869998e+03 1.052150469779969892e+06
2.842781982421869998e+03 5.962178157567980234e+05
3.648770996093750000e+03 8.472125332355500432e+05
3.707615234375000000e+03 6.775076494216920109e+05
4.373380859375000000e+03 5.833842267990109976e+05
4.430920410156250000e+03 9.171534823179249652e+05
3.051250976562500000e+03 5.053357611298559932e+05
2.684411376953119998e+03 4.483869652152059716e+05
4.333483398437500000e+03 6.805361466407780536e+05
3.971384277343750000e+03 1.015660781979560037e+06
4.080259765625000000e+03 7.747951072454450186e+05
2.070842285156250000e+03 4.945511409640309867e+05
3.546815185546869998e+03 9.814354617595670279e+05
3.898034423828119998e+03 1.023228796482090023e+06
3.382243896484369998e+03 8.709606151580810547e+05
4.222613281250000000e+03 1.061953429460529936e+06
4.138538574218750000e+03 5.870617225170140155e+05
4.624323242187500000e+03 8.848752185106279794e+05
2.427160888671869998e+03 4.515767678618429927e+05
4.386639160156250000e+03 8.331425942182539729e+05
2.384251953125000000e+03 5.937555931806559674e+05
3.421561767578130002e+03 5.225629432201390155e+05
2.363374023437500000e+03 5.113224281072620070e+05
2.672648681640619998e+03 4.275353147387509816e+05
3.842721435546869998e+03 8.746134399175640428e+05
3.420333984375000000e+03 7.658598952293399489e+05
4.598428710937500000e+03 6.806005347967150155e+05
2.172782714843750000e+03 5.610701062679289607e+05
2.504430908203119998e+03 4.266778009533879813e+05
3.647883056640619998e+03 1.066419786691670073e+06
4.699292480468750000e+03 5.497748886346820509e+05
4.071640136718750000e+03 8.319453521966940025e+05
3.844051025390630002e+03 8.709538534879679792e+05
3.620227539062500000e+03 1.134004324197770096e+06
4.435179199218750000e+03 8.980191133022309514e+05
3.206543212890619998e+03 1.232183408737180056e+06
3.648040771484369998e+03 6.964419095516209491e+05
4.515142089843750000e+03 8.874445922374729998e+05
4.427715332031250000e+03 8.097897349596020067e+05
3.682564697265619998e+03 6.717717429399490356e+05
2.532567626953130002e+03 5.188123483657839824e+05
3.433551269531250000e+03 8.091468889713289682e+05
3.837332519531250000e+03 8.053599272966389544e+05
3.704309814453119998e+03 6.718060995340349618e+05
4.079410400390630002e+03 8.248030183315279428e+05
4.157196777343750000e+03 9.965638153553010197e+05
4.377482910156250000e+03 7.563445197343829786e+05
4.087748291015630002e+03 8.195022344589229906e+05
2.730244628906250000e+03 4.413000344038010226e+05
3.618890136718750000e+03 1.138900382518769940e+06
3.272714843750000000e+03 9.760912448167799739e+05
4.154192382812500000e+03 9.169937607049939688e+05
3.627269531250000000e+03 8.131983476877210196e+05
4.039399658203130002e+03 9.956855292320250301e+05
3.378638671875000000e+03 8.888278715610499494e+05
3.755251220703119998e+03 8.357786709070210345e+05
2.305173583984369998e+03 5.208311028480529785e+05
3.969148925781250000e+03 9.993250743150709895e+05
3.261246337890630002e+03 6.563977153301240178e+05
4.320755371093750000e+03 8.106609548330310499e+05
3.748481933593750000e+03 9.625100953578950139e+05
2.937159179687500000e+03 6.245674273967739427e+05
3.126988769531250000e+03 5.685262181758879451e+05
3.174460693359369998e+03 5.161772463321689866e+05
2.766830566406250000e+03 4.760198093652729876e+05
3.703683593750000000e+03 6.440756375789640006e+05
3.422313720703130002e+03 6.881206084489820059e+05
4.892839355468750000e+03 7.166196469068529550e+05
2.655945800781250000e+03 4.255502467751500080e+05
4.333465820312500000e+03 6.496943417787549552e+05
4.058818847656250000e+03 8.285822436809539795e+05
3.791144531250000000e+03 1.037013953447340056e+06
4.068133056640630002e+03 8.374052485227589495e+05
4.015354980468750000e+03 9.641687756776809692e+05
2.334166992187500000e+03 4.036754825115199783e+05
3.582259277343750000e+03 8.435845621824259870e+05
2.335743896484369998e+03 4.939333923459050129e+05
3.762377441406250000e+03 6.921701178550720215e+05
2.301834472656250000e+03 4.907384118437769939e+05
4.632803710937500000e+03 8.275651910305019701e+05
3.537247070312500000e+03 6.448411682844159659e+05
3.639602539062500000e+03 7.518859597444540123e+05
2.581695556640619998e+03 4.272467863559719990e+05
3.693118408203130002e+03 5.588058605194089469e+05
3.178776855468750000e+03 6.095988563299180241e+05
2.831133544921869998e+03 5.220799406766889733e+05
3.232258300781250000e+03 5.983981802463530330e+05
3.273302001953119998e+03 5.234414730072019738e+05
3.842510009765619998e+03 8.191546480655670166e+05
3.581965820312500000e+03 9.090651237964630127e+05
3.097321533203130002e+03 6.045703667402269784e+05
2.195613037109369998e+03 5.462687494754790096e+05
3.965569824218750000e+03 9.888799996376039926e+05
4.074926269531250000e+03 9.197505728006359423e+05
4.680683105468750000e+03 8.553672292232509935e+05
3.413194580078119998e+03 5.654991829395289533e+05
3.635741210937500000e+03 9.696341544389730552e+05
3.718120849609380002e+03 6.745859378576279851e+05
3.851887695312500000e+03 7.815467262268069899e+05
4.439761718750000000e+03 6.351150845289230347e+05
4.379901367187500000e+03 8.320532952547069872e+05
3.650281250000000000e+03 8.596476709842679556e+05
2.448937744140619998e+03 5.229583486318590003e+05
3.641895019531250000e+03 9.022568529844280565e+05
4.034761230468750000e+03 6.362522025108339731e+05
3.677847900390619998e+03 6.814366670846940251e+05
2.190429443359369998e+03 5.543120301961899968e+05
3.707121337890630002e+03 6.057335567474369891e+05
3.272313720703130002e+03 5.751044703722000122e+05
2.516620361328119998e+03 4.155724278688430204e+05
3.637470947265619998e+03 9.385569703578950139e+05
3.454297119140619998e+03 8.672119086980819702e+05
3.915596435546869998e+03 8.380486427545549814e+05
2.952654541015619998e+03 6.218592871427539503e+05
2.320953369140619998e+03 4.085836021900179912e+05
2.698948974609369998e+03 5.879375110864640446e+05
4.335111816406250000e+03 7.520285030603409978e+05
3.822477539062500000e+03 1.092576850652690046e+06
2.288536376953119998e+03 5.926302319765089778e+05
3.911410400390630002e+03 5.670391380786900409e+05
1.721281250000000000e+03 3.968858824372289819e+05
3.964049804687500000e+03 1.105286475658420008e+06
4.523897460937500000e+03 7.016059980392459547e+05
3.767609619140630002e+03 8.095553303956990130e+05
3.674195068359380002e+03 6.068958330154420109e+05
3.245729492187500000e+03 1.210241240978240035e+06
4.426213867187500000e+03 9.158253928422930185e+05
3.495588867187500000e+03 5.706629059314730112e+05
3.598234619140630002e+03 8.250435754060749896e+05
3.889590087890619998e+03 9.700820693969730055e+05
3.346345458984369998e+03 5.160591303110119770e+05
1.522146606445309999e+03 4.700937842130659847e+05
3.779644531250000000e+03 5.373406646251679631e+05
3.866754150390619998e+03 7.267430244684220525e+05
3.784680419921869998e+03 6.011140568256380502e+05
3.462399414062500000e+03 8.949607063531880267e+05
4.374824218750000000e+03 6.434840828180309618e+05
3.636914794921869998e+03 9.120177806615829468e+05
3.728989013671869998e+03 8.451957280635830248e+05
3.305523193359380002e+03 5.983217307329180185e+05
2.373108398437500000e+03 5.270331990718840389e+05
2.645001708984369998e+03 5.071338780522349989e+05
3.838519287109369998e+03 8.622892301082609920e+05
3.366686279296869998e+03 6.630515642166140024e+05
2.942252685546869998e+03 6.453792388439179631e+05
3.843444091796869998e+03 8.341475245952609694e+05
3.532635253906250000e+03 9.050139087438579882e+05
2.732750976562500000e+03 4.335366320013999939e+05
4.326813964843750000e+03 7.668241946697239764e+05
3.768252441406250000e+03 5.876291545629500179e+05
3.266894287109380002e+03 9.419734412431720411e+05
4.373153320312500000e+03 6.843696480989459669e+05
4.768526367187500000e+03 5.549253319501880324e+05
3.886015380859380002e+03 7.917207858562469482e+05
3.470894042968750000e+03 7.891248527765270555e+05
4.613251464843750000e+03 6.907403596639629686e+05
4.178183105468750000e+03 5.010269934535030043e+05
3.927955566406250000e+03 9.570614684820179828e+05
4.393608398437500000e+03 7.558171703815460205e+05
3.836387207031250000e+03 9.389222832918169443e+05
3.780430908203119998e+03 6.523394949436190072e+05
2.593318603515619998e+03 4.049860281944280141e+05
3.894627685546869998e+03 7.461131991147999652e+05
4.381997558593750000e+03 9.150830101966860238e+05
3.746575683593750000e+03 6.011531648635859601e+05
3.423565917968750000e+03 5.394040704965590267e+05
4.632616699218750000e+03 8.665967185497280443e+05
2.592942626953119998e+03 4.000053271651269752e+05
2.329971679687500000e+03 4.386004223823550274e+05
2.265484619140619998e+03 4.413329594731330290e+05
3.179667724609369998e+03 7.370303268432619516e+05
4.076412109375000000e+03 7.762864514589309692e+05
3.877863525390619998e+03 4.674553622603419935e+05
2.609260742187500000e+03 5.204793741703029955e+05
2.603331054687500000e+03 4.721688859462739783e+05
2.019922485351559999e+03 5.350613117218019906e+05
3.896964843750000000e+03 6.440834957361220149e+05
3.725365478515619998e+03 9.041418969631199725e+05
4.604927734375000000e+03 9.413083000183110125e+05
3.225287841796869998e+03 5.882548222541810246e+05
2.139301025390619998e+03 6.029015743732450064e+05
4.374027832031250000e+03 7.157584172487260075e+05
4.083941894531250000e+03 1.017435568094250048e+06
4.640115722656250000e+03 8.589191771745679434e+05
2.595189941406250000e+03 4.032081049084659899e+05
3.749399902343750000e+03 7.303662440776829608e+05
2.547762939453130002e+03 4.764169508814809960e+05
3.397149902343750000e+03 8.531466602087019710e+05
3.846613769531250000e+03 8.444786864519120427e+05
2.309497070312500000e+03 4.556941680908200215e+05
2.547168457031250000e+03 4.782785117626190186e+05
4.376690429687500000e+03 9.372495923042299692e+05
3.452934814453119998e+03 9.686157616376880324e+05
2.216135742187500000e+03 7.027402529716490535e+05
3.746284179687500000e+03 5.853014343976980308e+05
3.942464111328130002e+03 6.297497906684880145e+05
3.299459472656250000e+03 6.417604660987850511e+05
3.615052490234369998e+03 1.041170857667919947e+06
3.852564697265619998e+03 8.936917053461079486e+05
1.716637695312500000e+03 6.405363601446150569e+05
4.340710449218750000e+03 9.277155156135560246e+05
3.853455566406250000e+03 8.496065908670430072e+05
4.408975585937500000e+03 5.824751172065739520e+05
4.435780761718750000e+03 7.256788837909699650e+05
4.189096679687500000e+03 6.277114212512969971e+05
1.716355468750000000e+03 6.962798122167589609e+05
3.646001464843750000e+03 1.154997543334960006e+06
3.384921142578130002e+03 9.138822959661480272e+05
2.746296630859369998e+03 4.290768841505050077e+05
2.969567138671869998e+03 6.098322862386699999e+05
3.710427246093750000e+03 9.319405847787860548e+05
4.376477539062500000e+03 8.711145497560499934e+05
4.344375488281250000e+03 7.740469375848770142e+05
4.601996093750000000e+03 8.172389633655550424e+05
2.319176269531250000e+03 4.607717254757880000e+05
3.827540283203119998e+03 8.633572694063190138e+05
4.547646484375000000e+03 7.114118207693099976e+05
3.673208984375000000e+03 9.122281234264370287e+05
3.968233154296869998e+03 1.097274201154710026e+06
4.215117675781250000e+03 9.775534712076189462e+05
3.640476806640619998e+03 8.530063707828520564e+05
3.223038085937500000e+03 1.210238317012789892e+06
3.018943359375000000e+03 1.324793557405469939e+06
4.079637939453130002e+03 9.271073307991030160e+05
3.578017333984369998e+03 8.331011104583740234e+05
4.492993164062500000e+03 9.187520385980609572e+05
1.522180664062500000e+03 4.064493815302849980e+05
3.690978515625000000e+03 1.066583772420879919e+06
3.837220947265619998e+03 8.367468689680099487e+05
4.699458984375000000e+03 5.900473958253860474e+05
3.411438232421869998e+03 5.203562630414959858e+05
4.271496582031250000e+03 7.854211022853850154e+05
2.318955078125000000e+03 4.015651104450229905e+05
4.327531250000000000e+03 6.985822522640229436e+05
3.031359863281250000e+03 5.939660577774050180e+05
2.885873535156250000e+03 6.419485136270519579e+05
2.672650634765619998e+03 4.286003691554070101e+05
4.604898437500000000e+03 9.168258154392240103e+05
3.803171630859369998e+03 6.884487626552579459e+05
2.939009033203119998e+03 4.542788774371150066e+05
3.836716064453119998e+03 9.335858026742939837e+05
4.498233886718750000e+03 7.025467230081560556e+05
2.598813476562500000e+03 4.603927369117739727e+05
3.524270263671869998e+03 1.223384343862530077e+06
3.438103271484369998e+03 6.989249044656750048e+05
3.024247558593750000e+03 4.531544604301449726e+05
4.053124511718750000e+03 6.143426856994630070e+05
4.343020507812500000e+03 8.296725172996519832e+05
3.720773193359369998e+03 8.570282852649689885e+05
3.434223144531250000e+03 9.201153984069819562e+05
4.985571777343750000e+03 6.575341023206709651e+05
3.841736328125000000e+03 8.857482049465179443e+05
2.196477783203119998e+03 5.353230675458910409e+05
2.426639160156250000e+03 5.450669387578959577e+05
3.631951904296869998e+03 9.907376923561099684e+05
3.871620605468750000e+03 7.549659309387210524e+05
3.173214111328130002e+03 1.008900208354000002e+06
4.636486816406250000e+03 9.416055698394780047e+05
4.010283691406250000e+03 5.920769324302669847e+05
4.114712890625000000e+03 6.531880540847779484e+05
2.830362060546880002e+03 6.108112664222719613e+05
3.612005126953119998e+03 1.086270222663880093e+06
3.092944091796880002e+03 5.792468765974040143e+05
3.655639404296869998e+03 9.448095659017560538e+05
3.906492431640619998e+03 8.484326187372209970e+05
3.566489501953119998e+03 1.078784992933270056e+06
3.848439453125000000e+03 8.767867990732189501e+05
3.820354248046869998e+03 1.079522319555280032e+06
3.956671142578119998e+03 9.955365288257600041e+05
4.155356445312500000e+03 9.935747307538989699e+05
4.107543945312500000e+03 7.109837644100190373e+05
2.807093017578119998e+03 4.958490465879439726e+05
1.711536132812500000e+03 4.135993603467940120e+05
2.870284912109369998e+03 7.255047860145570012e+05
2.337421142578119998e+03 4.680904110074039781e+05
3.969611816406250000e+03 9.831768050193790114e+05
4.120210937500000000e+03 1.003187267184259952e+06
2.295934814453119998e+03 4.967342771291729878e+05
4.167388183593750000e+03 9.417298992872240487e+05
3.279579345703119998e+03 5.931846280097960262e+05
3.730399658203130002e+03 8.647893424034119816e+05
4.227726562500000000e+03 9.326517784595489502e+05
4.368115722656250000e+03 8.614575446844099788e+05
3.422814697265619998e+03 9.805814810991289560e+05
2.196615478515619998e+03 4.623734493851659936e+05
3.363030761718750000e+03 6.052719966173169669e+05
4.250988769531250000e+03 9.414825805425640428e+05
2.400483886718750000e+03 5.164005032777789747e+05
3.726044189453119998e+03 6.138713181018830510e+05
4.075190185546880002e+03 9.677389374971389771e+05
3.977267089843750000e+03 5.323975791931150015e+05
3.682109130859369998e+03 5.495296410322190495e+05
3.579909912109369998e+03 9.246497987508770311e+05
4.004643798828130002e+03 8.344961465597150382e+05
2.296948242187500000e+03 5.100961291790009709e+05
4.287457519531250000e+03 8.384501397609709529e+05
3.981764892578119998e+03 9.701716158390049823e+05
4.434569824218750000e+03 7.037166137695310172e+05
2.272042724609369998e+03 4.000550041198729887e+05
4.065052978515619998e+03 6.562266024351119995e+05
3.588274658203119998e+03 5.456145731210709782e+05
1.740224487304690001e+03 3.725213006734849769e+05
1.709159057617190001e+03 4.033499172329899739e+05
3.259651123046880002e+03 5.627105118036270142e+05
3.629303222656250000e+03 6.580966001749039860e+05
3.860077880859380002e+03 7.566835169792179950e+05
4.065996093750000000e+03 7.586583510637279833e+05
3.674498535156250000e+03 6.891082996129989624e+05
3.473624755859380002e+03 1.277708819866179954e+06
3.671865478515619998e+03 1.152495238065720070e+06
3.673205322265630002e+03 8.019646551609040471e+05
2.410084228515619998e+03 5.016311578154559829e+05
3.548354248046869998e+03 1.212191160440450069e+06
3.274462890625000000e+03 9.718722672462459886e+05
3.425640869140619998e+03 6.129366847276689950e+05
3.729629882812500000e+03 1.138032573938369984e+06
3.822524658203119998e+03 1.137392834663389949e+06
4.315610351562500000e+03 7.984071638584140455e+05
2.581688476562500000e+03 4.244101134538649931e+05
4.376533203125000000e+03 6.418123055696489755e+05
2.104283447265619998e+03 4.507888810038570082e+05
3.840045898437500000e+03 9.446404632329939632e+05
3.651861816406250000e+03 8.916972563266749494e+05
3.799470458984369998e+03 1.084877562284470070e+06
2.421260742187500000e+03 5.126721427440639818e+05
3.097095703125000000e+03 6.222911812067029532e+05
2.180899902343750000e+03 4.984307557940480183e+05
3.587307861328119998e+03 5.496702350378039991e+05
3.745237548828119998e+03 5.619505853652949445e+05
3.723076171875000000e+03 6.650110474824910052e+05
3.286559814453119998e+03 9.323393405675890390e+05
4.072375488281250000e+03 8.578874437808990479e+05
3.655054443359369998e+03 5.555209071636199951e+05
4.564510253906250000e+03 6.969479383230210515e+05
2.406541748046869998e+03 5.386144170761109563e+05
3.189685058593750000e+03 4.710357884168620221e+05
2.321298583984380002e+03 3.924157179594039917e+05
2.551159667968750000e+03 4.808572056293489877e+05
4.176179687500000000e+03 7.152129758596420288e+05
3.905924560546869998e+03 5.750127918720250018e+05
2.289054931640619998e+03 3.977248168587679975e+05
3.745091552734369998e+03 5.729750925302510150e+05
3.825871337890630002e+03 8.734353864192960318e+05
3.811976806640619998e+03 6.444550220966340275e+05
4.143346191406250000e+03 9.384467124938969500e+05
3.507658935546869998e+03 5.957042334079740103e+05
4.149848632812500000e+03 7.028397287130360492e+05
2.327952148437500000e+03 4.442067911028860253e+05
2.293726074218750000e+03 4.355716814994810265e+05
3.812738769531250000e+03 7.989337822198870126e+05
4.215916992187500000e+03 9.671331284046169603e+05
3.383416748046869998e+03 8.200253806114200270e+05
4.318436035156250000e+03 7.690422052144999616e+05
2.667543701171869998e+03 4.729176952242850093e+05
3.251202148437500000e+03 1.039023570537570049e+06
3.998552734375000000e+03 6.649439790248869685e+05
3.821573486328130002e+03 9.921940099000929622e+05
3.769215332031250000e+03 8.090737898349759635e+05
2.337060058593750000e+03 4.428730364441869897e+05
4.376283203125000000e+03 8.175336747169489972e+05
4.112046386718750000e+03 9.304151885509489803e+05
3.648475097656250000e+03 8.986197445392609807e+05
4.333938964843750000e+03 7.307204093933110125e+05
2.434108398437500000e+03 4.128543887734410237e+05
4.610934082031250000e+03 7.662172890901570208e+05
3.850158935546869998e+03 1.081148653507230105e+06
1.523477661132809999e+03 4.547592605948449927e+05
2.196115478515630002e+03 4.540077405571939889e+05
4.318740722656250000e+03 7.475854766368869459e+05
3.649575439453119998e+03 8.832585701942440355e+05
4.004887695312500000e+03 9.250641490221020067e+05
3.458848876953119998e+03 9.470258708000179613e+05
3.984388183593750000e+03 5.465479272603989812e+05
4.046832031250000000e+03 1.109723349571229890e+06
4.483799804687500000e+03 7.577170778512950055e+05
3.958726562500000000e+03 6.438459844589229906e+05
4.089372802734380002e+03 7.741166863441469613e+05
2.826789550781250000e+03 5.475757620334629901e+05
3.795154052734369998e+03 1.109950687885280000e+06
3.959398681640630002e+03 1.050122577905650018e+06
4.610128906250000000e+03 7.201473503112789476e+05
3.787831787109380002e+03 4.655420837402340258e+05
2.553295410156250000e+03 5.498351345062260516e+05
4.581756835937500000e+03 8.274308713674549945e+05
3.632284423828119998e+03 5.612864797115329420e+05
3.999382324218750000e+03 8.269830782413480338e+05
4.003497802734380002e+03 9.256687397956850473e+05
2.675864501953119998e+03 4.671794130206109839e+05
4.318489746093750000e+03 7.046584961414339487e+05
4.186501953125000000e+03 6.585835622549060499e+05
4.606435546875000000e+03 7.218195539712910540e+05
4.614919433593750000e+03 7.432472865581510123e+05
3.939188720703119998e+03 6.830668387413020246e+05
4.078352783203130002e+03 8.590889499187469482e+05
3.696623535156250000e+03 5.265027430057530291e+05
2.673976318359369998e+03 4.391603922247890150e+05
3.664831542968750000e+03 5.514939975738530047e+05
4.235016113281250000e+03 9.227289361953740008e+05
2.407682617187500000e+03 4.383402503728870070e+05
4.344426757812500000e+03 9.207003133296970045e+05
4.323087890625000000e+03 8.161347399950029794e+05
4.520366210937500000e+03 7.450677596330640372e+05
4.420280273437500000e+03 7.033671389818190364e+05
3.726352783203119998e+03 8.162267839908599854e+05
3.760706542968750000e+03 5.076728928089140099e+05
4.060055664062500000e+03 9.178497515916819684e+05
2.036490356445309999e+03 4.474747184514999972e+05
4.320551269531250000e+03 7.529718474149700487e+05
2.409810791015619998e+03 4.959236077070240281e+05
2.121336425781250000e+03 6.269112293720250018e+05
2.588569091796869998e+03 4.345944983363149804e+05
3.961478759765619998e+03 1.079389522790909978e+06
3.800652832031250000e+03 7.006730093955990160e+05
4.166635742187500000e+03 6.792036712169649545e+05
3.636803466796869998e+03 6.623153949975969736e+05
3.845711181640619998e+03 9.254235531091690063e+05
4.754741210937500000e+03 9.085942435264589731e+05
3.850507080078119998e+03 1.045572400331499986e+06
4.058638183593750000e+03 8.141047160625460092e+05
3.608314453125000000e+03 5.871330550909040030e+05
3.819455322265619998e+03 9.370644078254699707e+05
4.063707275390630002e+03 8.611814736127849901e+05
2.684529541015630002e+03 4.784873316287989728e+05
3.536141357421869998e+03 9.040294461250309832e+05
3.416276611328119998e+03 6.971626670360569842e+05
3.801146240234380002e+03 7.139549397230149480e+05
4.045236083984380002e+03 5.592398257255549543e+05
4.156852539062500000e+03 1.030606326818470028e+06
2.951030029296869998e+03 7.447583675384520320e+05
1.527802856445309999e+03 4.356817261576650199e+05
2.299944335937500000e+03 4.991033896803859971e+05
3.641593994140619998e+03 1.131791247844700003e+06
3.465467529296869998e+03 1.253261422872540075e+06
3.860712890625000000e+03 9.213756884336470393e+05
3.430669921875000000e+03 9.147653335332870483e+05
3.822383300781250000e+03 1.021882066726680030e+06
3.967052978515630002e+03 9.955265995264049852e+05
2.308944824218750000e+03 4.338009462952609756e+05
3.620623291015619998e+03 6.954512335062030470e+05
2.406779541015619998e+03 4.525604385733599775e+05
2.577554443359369998e+03 4.253754789233210031e+05
2.055344238281250000e+03 4.441889427304270212e+05
3.410884277343750000e+03 5.828898938894269522e+05
2.115811279296869998e+03 5.306594644784929696e+05
3.403214599609369998e+03 9.692223626375199528e+05
4.297240722656250000e+03 9.242564644813539926e+05
3.726667480468750000e+03 6.104843914508819580e+05
4.320126464843750000e+03 8.187728878259659978e+05
3.173216064453119998e+03 5.054831472635269747e+05
4.317998046875000000e+03 8.125949752330780029e+05
3.486085693359369998e+03 7.637252177000050433e+05
3.223230712890619998e+03 6.406163427829740103e+05
1.974510864257809999e+03 4.535484038591380231e+05
4.632986816406250000e+03 8.716237461566929705e+05
3.614444580078119998e+03 1.069158445835110033e+06
3.841831054687500000e+03 8.128530151844030479e+05
4.380849121093750000e+03 7.618980438709260197e+05
4.610374511718750000e+03 7.248947737216949463e+05
3.706137695312500000e+03 5.929097143411639845e+05
4.394144042968750000e+03 9.277899549007420428e+05
3.377242187500000000e+03 8.240643515586849535e+05
2.677748291015630002e+03 4.337094505429270212e+05
4.318033691406250000e+03 8.879480016231540358e+05
3.277149902343750000e+03 5.825566227436070330e+05
3.842555175781250000e+03 8.771612493991849478e+05
3.611011230468750000e+03 1.089395819902420044e+06
3.742020507812500000e+03 6.820815842151639517e+05
1.974009399414059999e+03 4.671830070614810102e+05
3.808390136718750000e+03 7.963493622541429941e+05
3.836494628906250000e+03 9.356086385250090389e+05
4.061289550781250000e+03 7.586818037033079891e+05
4.365330566406250000e+03 9.764190944433209952e+05
3.571817871093750000e+03 7.395808775424959604e+05
4.342998535156250000e+03 8.137442764043810312e+05
4.072458496093750000e+03 7.479941617250440177e+05
3.643001220703119998e+03 9.398688561916350154e+05
2.322395996093750000e+03 4.837258594036099967e+05
4.603580078125000000e+03 6.146389199495320208e+05
3.598938476562500000e+03 7.726109050512310350e+05
4.167851074218750000e+03 9.717949649095539935e+05
3.062054931640619998e+03 5.135390375852590078e+05
4.322934570312500000e+03 7.404740880727770273e+05
4.610589355468750000e+03 7.495308274030690081e+05
4.326293945312500000e+03 7.617906490564349806e+05
4.547471191406250000e+03 8.010195442438130267e+05
4.317596679687500000e+03 8.335764985084530199e+05
3.748907714843750000e+03 6.419503411054610042e+05
4.386995605468750000e+03 9.011924077272419818e+05
3.460242919921880002e+03 9.158810091018680250e+05
2.621597167968750000e+03 4.360128957033160259e+05
3.648054687500000000e+03 8.958753592967990553e+05
4.500109863281250000e+03 7.163195140361790545e+05
4.065874511718750000e+03 8.484106889963150024e+05
3.508796630859380002e+03 1.004212969899179996e+06
2.031714843750000000e+03 4.805639562606809777e+05
4.619790527343750000e+03 7.468034377098080004e+05
3.470173095703119998e+03 1.158561735391620081e+06
2.665654296875000000e+03 4.621539996862409753e+05
3.799266357421869998e+03 1.082215291738509899e+06
4.326747070312500000e+03 7.193265079259870108e+05
4.608995117187500000e+03 7.592671450376509456e+05
3.437102783203119998e+03 8.967652194499969482e+05
1.590360351562500000e+03 3.968386725783349830e+05
3.692440917968750000e+03 9.594526630640029907e+05
4.567564941406250000e+03 9.330772763490680372e+05
3.530385009765619998e+03 1.048099924802780035e+06
4.003848632812500000e+03 1.039453758954999968e+06
1.943894531250000000e+03 5.840268900394439697e+05
4.676516113281250000e+03 8.813551905155179556e+05
3.647927734375000000e+03 5.714197865724560106e+05
3.667736083984380002e+03 9.592542598247530404e+05
2.702626464843750000e+03 4.470533628463749774e+05
4.178000000000000000e+03 6.768309950828549918e+05
2.258509033203119998e+03 5.475844730138779851e+05
4.399845703125000000e+03 7.888682748079299927e+05
3.173460449218750000e+03 5.844498903751369799e+05
2.238814697265619998e+03 4.769831646084790118e+05
3.495098876953119998e+03 7.354918336868289625e+05
4.547132324218750000e+03 8.175112576484680176e+05
4.672082519531250000e+03 1.015964691638950026e+06
3.832120849609369998e+03 7.659816662073140033e+05
3.347106201171869998e+03 6.136538481712340144e+05
4.064813964843750000e+03 8.106524875164029654e+05
2.195612060546880002e+03 4.863287673592569772e+05
3.842102294921869998e+03 8.962852017879489576e+05
2.413079833984369998e+03 4.416461892724040081e+05
2.037139770507809999e+03 4.494531161189079867e+05
3.258836181640619998e+03 1.250074056863779901e+06
2.335522460937500000e+03 4.371586028337479802e+05
4.313733398437500000e+03 8.946521061658860417e+05
3.554909667968750000e+03 5.109513586163520231e+05
2.918398925781250000e+03 4.682351777553560096e+05
2.546358642578119998e+03 5.174910205602649949e+05
3.885571044921880002e+03 5.453516598939900286e+05
4.178526855468750000e+03 6.930987205505369930e+05
3.971665283203130002e+03 1.078648297548290109e+06
1.974509399414059999e+03 4.857004802823070204e+05
4.157543945312500000e+03 9.997329674959180411e+05
4.698729003906250000e+03 9.028830689191820566e+05
4.088314453125000000e+03 6.400314887762069702e+05
3.962904541015630002e+03 9.732507951259609545e+05
4.525493164062500000e+03 7.224018495082859881e+05
3.450075927734369998e+03 9.499201092720030574e+05
3.361583007812500000e+03 8.293530131578439614e+05
4.612002441406250000e+03 7.433428636789319571e+05
3.957491210937500000e+03 1.024816387891769991e+06
3.645579833984369998e+03 8.819225007295609685e+05
2.237359619140619998e+03 4.871030090451239957e+05
3.048768066406250000e+03 5.440521399974819506e+05
3.173713623046880002e+03 9.918349103927609976e+05
3.837936035156250000e+03 8.556129032373429509e+05
3.483605957031250000e+03 7.160640325546259992e+05
3.718242187500000000e+03 5.999880255460740300e+05
4.375164062500000000e+03 9.686225233077999437e+05
4.162099609375000000e+03 1.074221535682680085e+06
3.350417480468750000e+03 6.633042435646059457e+05
2.642518798828119998e+03 4.433579882979390095e+05
3.792956542968750000e+03 1.059656167268750025e+06
3.493822753906250000e+03 6.812435026168819750e+05
2.263162353515619998e+03 3.969261478781700134e+05
2.342208740234369998e+03 5.748368057012560312e+05
3.463943603515619998e+03 9.049073667526249774e+05
3.634374023437500000e+03 9.172519834041600116e+05
1.521478637695309999e+03 3.973990688323969953e+05
4.004121582031250000e+03 1.070302812814709963e+06
3.823205566406250000e+03 1.066185625791549915e+06
4.536883789062500000e+03 9.053713635206220206e+05
4.321990234375000000e+03 7.684519906044009840e+05
3.686846191406250000e+03 7.671002657413480338e+05
1.974507812500000000e+03 5.197078737020490225e+05
2.105883789062500000e+03 7.013504556417469867e+05
2.793245605468750000e+03 5.206604772806169931e+05
3.645971435546869998e+03 1.021488976120949956e+06
4.322673339843750000e+03 7.895379847288130550e+05
2.340708007812500000e+03 4.157244740724560106e+05
3.502107910156250000e+03 1.039998834848399973e+06
4.178160644531250000e+03 6.510629403591159498e+05
3.960155273437500000e+03 4.859305598139759968e+05
2.919446777343750000e+03 5.910911296606060350e+05
3.055698486328119998e+03 7.118443239927289542e+05
4.387748046875000000e+03 9.321509884595869808e+05
4.234970703125000000e+03 9.456400939226150513e+05
2.273567382812500000e+03 5.419886732101440430e+05
4.679698730468750000e+03 6.972942454814909725e+05
3.165716796875000000e+03 1.271903773784640012e+06
3.581410888671880002e+03 8.346166992187500000e+05
2.305285888671869998e+03 4.238850484490399831e+05
5.045951171875000000e+03 5.917912366390229436e+05
3.704322021484369998e+03 6.117156854867939837e+05
2.330302246093750000e+03 4.500472598075870192e+05
3.836514892578119998e+03 8.822448679208749672e+05
3.710851318359380002e+03 1.029465736627580016e+06
3.775817138671869998e+03 1.107465926408770029e+06
3.618998779296869998e+03 1.139228963136669947e+06
3.697081054687500000e+03 9.034058495759960497e+05
3.525861572265619998e+03 9.010872668027880136e+05
2.197116210937500000e+03 6.438042570352549665e+05
1.716405761718750000e+03 4.281111227273939876e+05
3.635950927734369998e+03 9.267326368093489436e+05
3.998937988281250000e+03 6.307994333505630493e+05
4.009895507812500000e+03 1.030383496284479974e+06
4.327428222656250000e+03 7.994141044616700383e+05
3.088517089843750000e+03 6.187430100440980168e+05
1.591353637695309999e+03 4.261801785826680134e+05
3.970925048828119998e+03 1.077143308162689907e+06
4.061704101562500000e+03 8.649593588113780133e+05
2.597063964843750000e+03 4.744009985327720060e+05
2.476954345703119998e+03 4.782086107134820195e+05
3.099873779296880002e+03 6.156836284399030264e+05
3.187355468750000000e+03 6.478702746629719622e+05
3.391643066406250000e+03 8.865245177745820256e+05
4.405727050781250000e+03 9.446221275329589844e+05
4.193808105468750000e+03 7.945860283374789869e+05
3.114213867187500000e+03 6.314151717424390372e+05
3.813450195312500000e+03 6.935571739673609845e+05
3.774455078125000000e+03 9.588570269346239511e+05
4.040926513671869998e+03 9.750338658094409620e+05
3.618135986328119998e+03 1.102403811216349946e+06
4.391413574218750000e+03 9.183403077125550481e+05
3.252093261718750000e+03 6.748724255561829777e+05
3.284510742187500000e+03 5.890152969360350398e+05
2.689191162109369998e+03 4.537202782034869888e+05
3.309507324218750000e+03 9.731136124134060228e+05
3.070976074218750000e+03 8.591725265979770338e+05
2.701419921875000000e+03 4.915695794820790179e+05
3.064863037109369998e+03 6.013228157758710440e+05
4.185801757812500000e+03 7.333748826980589656e+05
3.649999267578130002e+03 9.585123035907750018e+05
4.488901855468750000e+03 7.258753986358640250e+05
2.132640380859369998e+03 5.858890296220779419e+05
3.588767089843750000e+03 9.001075556278229924e+05
3.404608642578119998e+03 8.969424239397050114e+05
4.344270996093750000e+03 7.181778768301010132e+05
4.688602539062500000e+03 8.601544307470320491e+05
3.839055908203119998e+03 8.396870989799499512e+05
2.298833984375000000e+03 4.558361936211590073e+05
2.746431884765619998e+03 4.884818110465999926e+05
3.382693359375000000e+03 8.439873993396760197e+05
2.679091064453130002e+03 4.968907397389410180e+05
4.345212402343750000e+03 1.003258538842199952e+06
4.575427734375000000e+03 7.888108919858930167e+05
3.413626464843750000e+03 9.026074242591860238e+05
4.178117187500000000e+03 5.694894211292270338e+05
3.278793212890619998e+03 7.061478910446170485e+05
3.616883544921869998e+03 1.058467331647869898e+06
2.543568603515619998e+03 4.637861206531520002e+05
3.850860351562500000e+03 6.588937462568279589e+05
4.610925292968750000e+03 7.805402729511259822e+05
4.430706542968750000e+03 8.848306280374530470e+05
4.073833496093750000e+03 9.144357782602310181e+05
4.095744384765630002e+03 6.592125194072719896e+05
3.354039062500000000e+03 6.204774088859560434e+05
3.422668457031250000e+03 4.434959020018579904e+05
2.093242919921880002e+03 5.396516938209530199e+05
2.020144653320309999e+03 5.272734515666960506e+05
3.932319580078130002e+03 1.003045454859729973e+06
3.450082031250000000e+03 8.838772325515750563e+05
4.423643066406250000e+03 8.855739244222639827e+05
2.295840087890619998e+03 4.862631304264069768e+05
3.299671875000000000e+03 6.203373631238939706e+05
3.564531738281250000e+03 5.432621819972989615e+05
3.785823242187500000e+03 1.036422459602360032e+06
4.350592773437500000e+03 7.599487335681919940e+05
4.888650878906250000e+03 8.037969459295270499e+05
3.269654296875000000e+03 5.983194159269330557e+05
3.416722656250000000e+03 6.433936226367950439e+05
3.791305664062500000e+03 1.037343508720400045e+06
4.124174316406250000e+03 6.066079442501070444e+05
3.361124755859369998e+03 1.081560201644900022e+06
3.680003662109369998e+03 6.431424052715300350e+05
4.516459472656250000e+03 8.426720412969590398e+05
3.055156494140619998e+03 7.033946729898450430e+05
3.985947753906250000e+03 1.082323234796520090e+06
4.302566406250000000e+03 6.701927406787869986e+05
3.297338623046869998e+03 6.272049660682680551e+05
1.740224975585940001e+03 3.986868014931679936e+05
3.971721191406250000e+03 9.571593604087829590e+05
4.414490234375000000e+03 8.620678615570069524e+05
4.150708007812500000e+03 9.288389884233470075e+05
3.096326171875000000e+03 5.749792881011960562e+05
3.388645751953119998e+03 8.390966407060619676e+05
2.823950439453119998e+03 5.680308496952060377e+05
4.373037109375000000e+03 5.908866957426070003e+05
3.199698730468750000e+03 8.783715274333950365e+05
3.616582519531250000e+03 8.552042790651320247e+05
2.866997802734369998e+03 9.582486593723299447e+05
2.707938476562500000e+03 4.958854743242259719e+05
3.677727783203119998e+03 6.858591039180760272e+05
3.800542480468750000e+03 7.666875602006909903e+05
3.903269042968750000e+03 5.576398074626920279e+05
3.557108154296880002e+03 9.010465749502179679e+05
3.377173828125000000e+03 5.311166995763779851e+05
2.403185302734369998e+03 5.697968029975889949e+05
4.306611328125000000e+03 9.137526668310170062e+05
4.497341308593750000e+03 5.149614858627319918e+05
1.714157226562500000e+03 3.818231657743449905e+05
4.736637207031250000e+03 9.188030252456669696e+05
4.095616699218750000e+03 5.824899806976319524e+05
4.295604003906250000e+03 9.279835457801820012e+05
3.464012939453119998e+03 1.173927539348599967e+06
3.576026855468750000e+03 9.271522258520129835e+05
4.072474853515630002e+03 7.745045990943909856e+05
4.523761230468750000e+03 6.894092243909840472e+05
4.071534912109380002e+03 8.393491982221599901e+05
4.694295898437500000e+03 6.362182723283770029e+05
3.530281738281250000e+03 7.534634391069409903e+05
4.092643554687500000e+03 7.947676187753679696e+05
4.599621582031250000e+03 7.447792007923129713e+05
4.336002929687500000e+03 8.056016417741780169e+05
3.768379150390630002e+03 1.074071682453159941e+06
3.346597412109369998e+03 5.173487209081649780e+05
3.029403076171869998e+03 6.009667011499409564e+05
3.838660400390619998e+03 8.565752533674240112e+05
2.640407714843750000e+03 4.749071795940399752e+05
3.572584228515619998e+03 7.165219986438750057e+05
4.074329833984380002e+03 6.900954425334930420e+05
3.455506347656250000e+03 9.872017652988430345e+05
3.555063476562500000e+03 6.473726522922520526e+05
4.145899414062500000e+03 7.843979580402369611e+05
4.089399658203130002e+03 8.373008385896680411e+05
3.667968505859369998e+03 5.050162569880490191e+05
3.507106689453119998e+03 6.537358711957930354e+05
3.716999755859369998e+03 8.405931018590929452e+05
3.640416503906250000e+03 8.496393027305599535e+05
3.378199951171869998e+03 8.070666702985760057e+05
4.073110351562500000e+03 8.611538177728649462e+05
3.917698974609369998e+03 9.188852617740629939e+05
2.390973388671869998e+03 5.205776925086979754e+05
2.070958984375000000e+03 5.215719625949860201e+05
2.195615478515619998e+03 4.181959254145619925e+05
2.405490478515619998e+03 5.110028021335600060e+05
2.221899902343750000e+03 6.255916072130199755e+05
3.096788330078119998e+03 6.101607450246809749e+05
4.075996582031250000e+03 8.658551278114320012e+05
2.195613037109369998e+03 5.526732693910599919e+05
3.646130371093750000e+03 8.274128402471540030e+05
3.556992431640630002e+03 5.067088674902920029e+05
2.855276855468750000e+03 6.444379656314849854e+05
2.709655517578119998e+03 4.790916787385939970e+05
3.631849853515630002e+03 1.031783953905110015e+06
2.302727783203119998e+03 4.749690092802050058e+05
2.689079101562500000e+03 4.587649105191230192e+05
2.420159423828119998e+03 4.560529021024699905e+05
4.078218750000000000e+03 7.716685353517530020e+05
2.053618164062500000e+03 4.644442260861400282e+05
3.526209716796869998e+03 1.195156746864320012e+06
3.371858642578119998e+03 5.728256047964099562e+05
3.374862548828119998e+03 1.198968135833740002e+06
4.072821044921880002e+03 6.641028516292569693e+05
4.108135742187500000e+03 6.348463233709339984e+05
2.463431152343750000e+03 5.319001395702359732e+05
3.326050537109380002e+03 1.178681663513180101e+06
3.176753417968750000e+03 9.196597471237180289e+05
3.632379638671880002e+03 7.768705135583879892e+05
2.182976562500000000e+03 4.958555950522419880e+05
4.077413818359380002e+03 5.354576917886730516e+05
3.737345458984369998e+03 9.340949990749360295e+05
4.587865722656250000e+03 8.927512849569319515e+05
4.612189453125000000e+03 7.913837988376619760e+05
4.616961914062500000e+03 6.892763057947159978e+05
4.080927246093750000e+03 8.958307688236240065e+05
3.468765625000000000e+03 9.679553109407429583e+05
3.296949462890619998e+03 6.169840620756150456e+05
3.464758544921869998e+03 1.232689620256419992e+06
3.646186523437500000e+03 8.644470556974409847e+05
3.558885742187500000e+03 5.415210214853290236e+05
2.554154052734380002e+03 4.707918505072590197e+05
4.302545898437500000e+03 7.531227971315380419e+05
3.613285644531250000e+03 5.475676602125170175e+05
2.204057128906250000e+03 5.637460219860080397e+05
2.399883300781250000e+03 4.902354593276979867e+05
3.314030517578119998e+03 5.926873102188110352e+05
3.832463623046880002e+03 8.328814475536349928e+05
2.685427734375000000e+03 4.961905718445780221e+05
2.289496826171869998e+03 4.535211439728739788e+05
4.667728027343750000e+03 5.568385190963749774e+05
3.847941894531250000e+03 8.922483628988269484e+05
4.343694824218750000e+03 7.885150232315059984e+05
3.631950683593750000e+03 8.920350352525709895e+05
3.641452148437500000e+03 8.205177642107009888e+05
4.219817871093750000e+03 5.794393100738530047e+05
3.588859863281250000e+03 7.749248582124710083e+05
4.062769287109380002e+03 7.673106694221500074e+05
2.862793945312500000e+03 6.133946508169169538e+05
1.975011108398440001e+03 5.795411615371699445e+05
3.632011718750000000e+03 5.491434948444369948e+05
2.678639648437500000e+03 4.399991134405140183e+05
1.721400634765630002e+03 4.230023459196090116e+05
3.565266357421869998e+03 1.183855133056639927e+06
9.332096557617189774e+02 3.622088095545769902e+05
3.824418212890619998e+03 5.447245911359790480e+05
2.331733398437500000e+03 5.434669814109799918e+05
2.586442871093750000e+03 4.004989899992939900e+05
3.819132324218750000e+03 1.053998903274540091e+06
4.609742187500000000e+03 6.660164042711260263e+05
3.411317626953119998e+03 5.416413913965229876e+05
3.174216064453119998e+03 6.412548637390140211e+05
3.507499267578130002e+03 8.613266363143919734e+05
2.131954833984369998e+03 5.542687798738479614e+05
3.822371826171869998e+03 6.027575081586840097e+05
4.699856933593750000e+03 5.756800042390819872e+05
1.604723999023440001e+03 3.928132554292679997e+05
3.347672607421869998e+03 6.455307977199549787e+05
4.536189941406250000e+03 8.613374184370039729e+05
4.422787597656250000e+03 9.337605096101759700e+05
3.633560302734369998e+03 8.982579038143160287e+05
2.066993652343750000e+03 7.297745065689090407e+05
3.718355712890619998e+03 7.890730133056639461e+05
4.284554687500000000e+03 6.149986895322799683e+05
4.604568847656250000e+03 5.762679040431979811e+05
4.247257324218750000e+03 1.105838739633559948e+06
3.699881591796869998e+03 9.481313734054570086e+05
4.367622558593750000e+03 8.599632155895229662e+05
3.851067382812500000e+03 9.723480207920069806e+05
4.168715332031250000e+03 9.056351904869079590e+05
3.457898193359369998e+03 8.786533855199810350e+05
2.650301025390619998e+03 4.812336357235910255e+05
2.195612548828119998e+03 4.733842504620549735e+05
3.836990966796880002e+03 8.525543135404590284e+05
3.559153808593750000e+03 5.526099168062210083e+05
2.455082763671869998e+03 5.103513365387920057e+05
2.195611083984369998e+03 4.609309597611430218e+05
2.265931152343750000e+03 4.135518459081649780e+05
3.785506835937500000e+03 1.083264020681380061e+06
4.055116943359369998e+03 8.805247843265529955e+05
4.407596679687500000e+03 6.586968050003049430e+05
2.186343017578119998e+03 6.088336302042009775e+05
4.425192382812500000e+03 9.738947376012799796e+05
3.331971923828119998e+03 1.182136572360990103e+06
3.933218017578119998e+03 8.285669537782670232e+05
4.052947509765630002e+03 9.776594040393830510e+05
3.840485595703130002e+03 8.391325201988220215e+05
4.704660156250000000e+03 5.174500241279599722e+05
4.402767089843750000e+03 7.067221456766129704e+05
2.672425781250000000e+03 5.025989903807640076e+05
2.310618896484369998e+03 4.837662162184719928e+05
4.093968017578130002e+03 6.334921009540560190e+05
3.823667724609369998e+03 1.079327510356900049e+06
3.829215332031250000e+03 8.836719458103179932e+05
2.881855224609369998e+03 5.489111614227299578e+05
3.960828125000000000e+03 8.967677170038219774e+05
1.922570190429690001e+03 3.503371747732160147e+05
3.289718994140619998e+03 6.402957421541210497e+05
3.122519287109369998e+03 5.888382751941679744e+05
2.279422119140630002e+03 4.200025096535679768e+05
2.275088623046880002e+03 4.412169145941740135e+05
1.240908813476559999e+03 3.444749895334240282e+05
4.474429199218750000e+03 6.309246765375139657e+05
4.194727539062500000e+03 9.528274446725849994e+05
3.921887207031250000e+03 9.805687496662139893e+05
4.319499511718750000e+03 7.758025351762770442e+05
4.331936035156250000e+03 8.249208906888959464e+05
3.087969482421869998e+03 5.632741061449049739e+05
3.406677734375000000e+03 7.091444683074950008e+05
4.446341308593750000e+03 7.198201098442079965e+05
3.814598632812500000e+03 6.928387312889100285e+05
3.792857421875000000e+03 1.052267306566240033e+06
4.062944335937500000e+03 8.637164298295980552e+05
3.552137695312500000e+03 9.543748924732210580e+05
2.285863525390630002e+03 5.450845434665679932e+05
2.401038818359380002e+03 5.566697819232939510e+05
4.118089355468750000e+03 9.213767240047450177e+05
3.144541015625000000e+03 5.851619368791580200e+05
4.063652587890630002e+03 7.787877211570739746e+05
3.969276611328119998e+03 6.202775436639790423e+05
3.864483886718750000e+03 8.483684133291250328e+05
3.616047119140619998e+03 1.086562497377400054e+06
4.282832031250000000e+03 9.966146801710129948e+05
3.915963623046869998e+03 8.066914889812469482e+05
4.394358398437500000e+03 1.088177013635640033e+06
3.839780029296869998e+03 8.674919393062590389e+05
3.348711669921869998e+03 7.740833653211590135e+05
4.315245605468750000e+03 8.181857799291609554e+05
3.703602050781250000e+03 6.771499509811400203e+05
3.528548828125000000e+03 5.897079112529760459e+05
2.070859130859369998e+03 5.086634165644649765e+05
3.515157226562500000e+03 6.940802592039109441e+05
3.630473144531250000e+03 1.119704792976380093e+06
2.151007568359369998e+03 6.486714411973949755e+05
2.716440185546880002e+03 4.790596369504929753e+05
4.581813964843750000e+03 7.353391783237459604e+05
3.600416015625000000e+03 7.056477711200709455e+05
2.944108642578119998e+03 4.549211142659190227e+05
4.056832031250000000e+03 8.343476334810260450e+05
3.961141845703119998e+03 1.007575286507609999e+06
2.664777343750000000e+03 5.016321933865550091e+05
3.569083251953119998e+03 5.542504441738129826e+05
3.836348876953119998e+03 7.405491365194319515e+05
3.764246337890619998e+03 8.079073712825770490e+05
4.635044433593750000e+03 8.706446441411969718e+05
2.078736816406250000e+03 5.754482799768450204e+05
3.915990234375000000e+03 6.910693057775499765e+05
3.797715820312500000e+03 1.057275450229639886e+06
4.791619140625000000e+03 6.418653633594509447e+05
3.866694824218750000e+03 5.296098827123639639e+05
4.276951171875000000e+03 9.163606612682340201e+05
2.108263427734369998e+03 4.473037578463549726e+05
4.164542480468750000e+03 9.587609624862669734e+05
2.564652343750000000e+03 5.923449016809460009e+05
2.548164550781250000e+03 4.490758941173549974e+05
3.855840576171869998e+03 8.714031695127489511e+05
3.846373779296869998e+03 8.939479178190230159e+05
4.057687255859380002e+03 7.253380590677260188e+05
3.641935302734369998e+03 8.949417614936829777e+05
4.489397460937500000e+03 9.638432408571239794e+05
4.769973144531250000e+03 5.316514197587970411e+05
4.076448486328130002e+03 4.346720443367959815e+05
3.530751464843750000e+03 7.234466189146039542e+05
4.138979980468750000e+03 9.757274547815320548e+05
3.844106445312500000e+03 8.722728055715559749e+05
4.619841796875000000e+03 8.268090413808820304e+05
2.348756103515619998e+03 4.334724570512769860e+05
4.069035400390630002e+03 6.962959549427030142e+05
4.407715332031250000e+03 9.589671020507810172e+05
3.394709960937500000e+03 6.331658960580830462e+05
4.140084472656250000e+03 1.009049635171890026e+06
4.811542968750000000e+03 1.094875574827190023e+06
4.599176269531250000e+03 6.195639133453370305e+05
4.607589355468750000e+03 8.711269766092300415e+05
4.073641601562500000e+03 8.105720175504679792e+05
3.736700927734369998e+03 6.661202050447460497e+05
4.073652343750000000e+03 8.756617424488069955e+05
3.158767089843750000e+03 7.179429240226750262e+05
3.174212646484380002e+03 5.752700399160389788e+05
2.811301025390619998e+03 6.756804755926129874e+05
3.636567382812500000e+03 9.246844599246979924e+05
3.259235107421869998e+03 5.819206602573399432e+05
3.835164550781250000e+03 9.016294796466829721e+05
3.817187011718750000e+03 6.754449745416640071e+05
2.532844970703119998e+03 4.252818815708159818e+05
2.621091308593750000e+03 4.406558178067210247e+05
2.676757812500000000e+03 4.454897114038469736e+05
3.725904785156250000e+03 5.315548070669169538e+05
4.161831054687500000e+03 6.624623851776119554e+05
2.689761962890619998e+03 4.742051842212679912e+05
2.295834716796869998e+03 4.836523338556290255e+05
4.067641601562500000e+03 8.755263872146609938e+05
3.849064941406250000e+03 8.718484650850299513e+05
4.301670410156250000e+03 6.196230627298359759e+05
2.538768798828130002e+03 4.590878259539600112e+05
2.847735351562500000e+03 4.592406336069109966e+05
4.323549316406250000e+03 7.631507194042210467e+05
4.064403808593750000e+03 7.811892714500429574e+05
3.662642822265619998e+03 5.564835618734359741e+05
3.751792968750000000e+03 6.630176340341570321e+05
3.413688476562500000e+03 7.060178354978560237e+05
1.974511352539059999e+03 4.863863633871080237e+05
2.061361083984369998e+03 5.178221596479419968e+05
2.880599121093750000e+03 6.687689522504810011e+05
4.235142578125000000e+03 9.662140285968780518e+05
3.781281982421869998e+03 1.021616046786310035e+06
4.360818847656250000e+03 6.956889884471889818e+05
2.749736328125000000e+03 5.282531627416609554e+05
4.405958984375000000e+03 1.019280590295789996e+06
3.587035888671869998e+03 6.257875738143919734e+05
3.645175292968750000e+03 1.126202209711069940e+06
4.097423828125000000e+03 6.585217325687409611e+05
3.033528564453130002e+03 6.465055747032170184e+05
3.454447021484380002e+03 9.101758651733399602e+05
3.888241210937500000e+03 6.026688145399090135e+05
3.728302246093750000e+03 1.104521980524060084e+06
4.554775878906250000e+03 7.480132893323899480e+05
4.069110839843750000e+03 7.068267383575439453e+05
3.645947265625000000e+03 9.556886057853699895e+05
2.563279785156250000e+03 5.209218066930769710e+05
3.637028808593750000e+03 7.546862049102779711e+05
4.088933105468750000e+03 9.460572463273999747e+05
3.819151855468750000e+03 1.098503484964370029e+06
3.595668457031250000e+03 7.535420815944670467e+05
2.561945312500000000e+03 4.530623859763150103e+05
4.063870605468750000e+03 8.585109184980390128e+05
1.528473999023440001e+03 4.676739286780360271e+05
3.957664062500000000e+03 1.033348275423050043e+06
2.216865722656250000e+03 6.018751406669620192e+05
3.501403808593750000e+03 1.038130908250809996e+06
2.403477294921869998e+03 4.919975140094759990e+05
3.734047607421869998e+03 9.132464553117749747e+05
3.014452880859380002e+03 7.242624661922459491e+05
2.623833251953119998e+03 4.571017833352090092e+05
2.538773925781250000e+03 6.931903381347659742e+05
2.387343505859369998e+03 5.745741970539089525e+05
2.527560791015619998e+03 5.429537036418919452e+05
3.901109863281250000e+03 9.713530197143560508e+05
2.294494384765619998e+03 4.814723957777019823e+05
3.726094238281250000e+03 5.236094182729719905e+05
2.067252929687500000e+03 5.058946344852449838e+05
4.075760498046880002e+03 8.513495788574219914e+05
2.410477783203119998e+03 4.898460845947270282e+05
3.380517822265630002e+03 8.448123840093610343e+05
3.105048583984369998e+03 6.763856385946270311e+05
4.261720703125000000e+03 6.561572800874710083e+05
2.667310546875000000e+03 4.509199721217160113e+05
3.413472412109380002e+03 5.224010895490649855e+05
3.363776855468750000e+03 5.963984315395359881e+05
3.584234130859369998e+03 5.468530552387239877e+05
3.843564697265619998e+03 5.741922540664670523e+05
3.664890380859369998e+03 6.062825921773910522e+05
2.069656005859369998e+03 5.348861174583439715e+05
3.396396728515619998e+03 5.402868643999099731e+05
2.295724121093750000e+03 4.358703828454019967e+05
4.537832031250000000e+03 7.311174595355989877e+05
4.422927246093750000e+03 9.425557367801669752e+05
3.824095947265619998e+03 8.688479892015459482e+05
4.130188476562500000e+03 7.607256555557249812e+05
3.932887451171869998e+03 8.444666250944139902e+05
3.600422119140619998e+03 8.457106505632400513e+05
4.408594726562500000e+03 6.991948839426039485e+05
4.076707031250000000e+03 7.877828135490419809e+05
3.740574218750000000e+03 9.846227668523789616e+05
4.319672363281250000e+03 6.608145478963849600e+05
4.323937988281250000e+03 7.790575178861620370e+05
3.851529052734369998e+03 8.931750771999360295e+05
3.978516601562500000e+03 1.040005413770679967e+06
3.991276123046869998e+03 6.105803949832919752e+05
4.312436523437500000e+03 8.035450584888460580e+05
3.839051025390619998e+03 8.694082940816880437e+05
4.749602539062500000e+03 8.434875230789190391e+05
4.030052734375000000e+03 1.022352094173430000e+06
3.238054687500000000e+03 5.315836203098299447e+05
2.248850097656250000e+03 5.454493690729140071e+05
3.778446289062500000e+03 1.085672759056089912e+06
4.005590087890630002e+03 1.047689594984050025e+06
3.408703857421869998e+03 9.064621244668960571e+05
4.420300781250000000e+03 8.903384042978290236e+05
2.116146972656250000e+03 5.717777286767959595e+05
3.468630615234369998e+03 5.637901860475540161e+05
1.714533203125000000e+03 4.017713718414310133e+05
2.996458007812500000e+03 5.746713579893109854e+05
4.068982910156250000e+03 8.475955727100369986e+05
4.042396728515630002e+03 7.419371672868729802e+05
3.463927978515619998e+03 1.131791613340379903e+06
2.196112304687500000e+03 6.218842017650599591e+05
3.123707031250000000e+03 7.991133015155789908e+05
3.467034912109369998e+03 5.743276702165600145e+05
4.157052246093750000e+03 1.010059682488439954e+06
3.645809326171880002e+03 8.837003326416020282e+05
1.714785644531250000e+03 4.088227581977840164e+05
3.257326904296869998e+03 6.128577376604080200e+05
3.582185546875000000e+03 5.416870174407960149e+05
2.496957763671880002e+03 5.270547024011609610e+05
3.827661865234369998e+03 1.065579390287399990e+06
3.093956054687500000e+03 1.055958934783939971e+06
3.639986328125000000e+03 8.653155343532559928e+05
3.635894531250000000e+03 8.935331411361689679e+05
2.971315185546869998e+03 5.683208096027369611e+05
2.121972412109369998e+03 6.473175842761989916e+05
3.649299560546880002e+03 8.773659269809720572e+05
4.035910888671880002e+03 1.015662914037700044e+06
4.394016601562500000e+03 8.795617641210559523e+05
4.609035156250000000e+03 7.620802434682849562e+05
3.630049804687500000e+03 1.030585859060290037e+06
4.095937744140630002e+03 6.805300550460820086e+05
4.752096679687500000e+03 6.594423552751539974e+05
4.038592041015630002e+03 1.089311512231830042e+06
4.214872070312500000e+03 9.814688436985020526e+05
3.743408447265619998e+03 6.243932077884670580e+05
4.154658691406250000e+03 9.311644546985629713e+05
4.609995605468750000e+03 7.532703964710240252e+05
3.933289306640619998e+03 8.405180534124369733e+05
4.920922363281250000e+03 7.792932626008989755e+05
4.005214599609380002e+03 1.022974776983259944e+06
2.663085693359369998e+03 4.317862427234650240e+05
3.193193115234369998e+03 8.050864756107330322e+05
2.317419433593750000e+03 5.601294422149660531e+05
3.839214111328119998e+03 8.748226861953740008e+05
2.412274902343750000e+03 4.963406078219410265e+05
2.327078125000000000e+03 4.351230355501180165e+05
4.380677246093750000e+03 8.458403406143189641e+05
3.459131835937500000e+03 1.023668000459669973e+06
3.422667480468750000e+03 7.230810623168949969e+05
4.331451660156250000e+03 8.101570581197739812e+05
3.443781250000000000e+03 7.373411809206010075e+05
2.280698730468750000e+03 5.332520471811289899e+05
4.423393066406250000e+03 8.961948634386060294e+05
3.518481933593750000e+03 1.116880364179610042e+06
3.686800537109369998e+03 7.766845980882639997e+05
4.228319824218750000e+03 9.489894963502880419e+05
3.458759033203119998e+03 9.674704809188840445e+05
2.213693359375000000e+03 6.196460280418399489e+05
3.838603515625000000e+03 9.016354494094849797e+05
2.410086914062500000e+03 5.426808001995090162e+05
2.289032470703119998e+03 5.737479331493380014e+05
4.605399902343750000e+03 5.891408447027209913e+05
4.297718750000000000e+03 7.207449966669080313e+05
3.362035156250000000e+03 8.052427859306340106e+05
3.374016601562500000e+03 5.504561725854870165e+05
3.308711669921869998e+03 6.105872175693509635e+05
2.609833984375000000e+03 5.006619241833689739e+05
3.846329833984369998e+03 9.065537420511250384e+05
4.448638671875000000e+03 6.342518446445469745e+05
3.123106933593750000e+03 6.156136360168460524e+05
3.351176513671869998e+03 5.501125457286840538e+05
4.360772460937500000e+03 5.752636437416080153e+05
4.106054199218750000e+03 7.828146916627880419e+05
4.186117187500000000e+03 6.948453025817869930e+05
4.092116210937500000e+03 7.416243638992309570e+05
3.455450195312500000e+03 9.923523304462430533e+05
3.104179199218750000e+03 6.032677401304240339e+05
3.762546386718750000e+03 7.883869779109959491e+05
4.459474121093750000e+03 6.582759367227549665e+05
3.131868164062500000e+03 6.333020431995389517e+05
2.550269287109369998e+03 4.965200052857400151e+05
2.179796875000000000e+03 5.247290533781050472e+05
3.268432861328119998e+03 7.004013242721559945e+05
3.617676513671880002e+03 5.327438254356379621e+05
3.321252197265619998e+03 5.838357967138290405e+05
4.505361328125000000e+03 6.976707060337070143e+05
3.429342529296869998e+03 8.323776117563250009e+05
3.621777587890619998e+03 1.115257197856900049e+06
2.066253173828119998e+03 4.984423298239710275e+05
3.637708984375000000e+03 7.832652869224549504e+05
2.348476074218750000e+03 5.510686824321750319e+05
4.377861328125000000e+03 5.941142053604129469e+05
3.329470703125000000e+03 6.224738072156909620e+05
3.693608886718750000e+03 1.121972450017930008e+06
2.383222656250000000e+03 6.072054687738419743e+05
1.955752929687500000e+03 3.729374784231189988e+05
3.780510742187500000e+03 9.837321147918700008e+05
2.547965820312500000e+03 4.701435525417330209e+05
3.645749755859369998e+03 8.507222664356230525e+05
2.614671386718750000e+03 5.095464236736299936e+05
4.396289550781250000e+03 5.931235293149950448e+05
1.974509887695309999e+03 4.553536174893379794e+05
3.786402832031250000e+03 7.954290441274639452e+05
3.731666503906250000e+03 1.106549141407009913e+06
2.553641845703130002e+03 5.433746328353879508e+05
3.398481689453130002e+03 1.004124276280399994e+06
2.195507812500000000e+03 5.041691598296170123e+05
2.667425537109369998e+03 4.402069281935690087e+05
4.444858886718750000e+03 8.745869414806369459e+05
4.011449951171880002e+03 9.447006481885910034e+05
4.134023437500000000e+03 7.373797407150269719e+05
3.630381103515619998e+03 6.670239540338519728e+05
3.590862060546869998e+03 5.102454646229739883e+05
3.382801757812500000e+03 8.516412444114689715e+05
3.939279541015619998e+03 9.593162722587590106e+05
2.437156494140630002e+03 5.640077778100969736e+05
3.807334228515630002e+03 7.910819603204729501e+05
3.709753173828119998e+03 8.347555266618729802e+05
2.553163574218750000e+03 4.671426502466200036e+05
3.484136230468750000e+03 7.821922525167469867e+05
4.320985351562500000e+03 8.173801056146620540e+05
4.198262695312500000e+03 9.585137046575549757e+05
3.463084228515619998e+03 9.533730688095090445e+05
3.631746582031250000e+03 5.549992839097980177e+05
4.348121582031250000e+03 8.362970656156539917e+05
4.009724609375000000e+03 1.030800648689270020e+06
4.205034667968750000e+03 9.087292941808700562e+05
4.401145507812500000e+03 8.485367850065230159e+05
4.158257812500000000e+03 1.001347788333890028e+06
4.445554199218750000e+03 6.159247337579729501e+05
2.727639160156250000e+03 4.958673213720319909e+05
2.913414794921869998e+03 6.704531563520430354e+05
3.446359130859369998e+03 7.530581043958660448e+05
4.430702636718750000e+03 9.385082985162730329e+05
4.365412109375000000e+03 6.947849957942960318e+05
3.024516601562500000e+03 6.637314471006389940e+05
3.817696533203119998e+03 1.007132671236990020e+06
3.847847656250000000e+03 5.988164291381839430e+05
3.418046875000000000e+03 6.107906159162520198e+05
4.156805175781250000e+03 9.487342585325239925e+05
3.827281005859369998e+03 1.104905994653699920e+06
4.533599121093750000e+03 5.857424658536909847e+05
3.615048339843750000e+03 1.100635177612300031e+06
3.582377197265619998e+03 7.993129839897160418e+05
2.679938720703119998e+03 4.706063309907909716e+05
3.817707519531250000e+03 1.065590964317319915e+06
3.536669433593750000e+03 6.286598216295239981e+05
2.258506835937500000e+03 5.104575434923170251e+05
4.121917480468750000e+03 1.036397362232209998e+06
4.242582519531250000e+03 7.616875183582310565e+05
2.361448242187500000e+03 4.067837796211239765e+05
2.327959472656250000e+03 4.993599981069570058e+05
4.322374023437500000e+03 6.963298242092130240e+05
2.535371337890619998e+03 5.395371718406679574e+05
3.172960205078119998e+03 4.897178869843480061e+05
4.330113769531250000e+03 7.937991161346440203e+05
3.427306884765619998e+03 4.419115695953369723e+05
4.092919189453130002e+03 9.757998838424680289e+05
4.073465820312500000e+03 8.170242955684659537e+05
4.029799316406250000e+03 1.040018815279009985e+06
4.313316406250000000e+03 7.265186710357669508e+05
3.842771728515619998e+03 8.463871221542359563e+05
3.641939697265619998e+03 9.063083117008210393e+05
3.882380371093750000e+03 7.162286883592610247e+05
3.574385742187500000e+03 8.441747158765790518e+05
4.025092041015619998e+03 6.419965153932570247e+05
2.116312255859380002e+03 6.063169487714769784e+05
2.186715820312500000e+03 5.819370466470719548e+05
1.715637939453130002e+03 6.939536149501800537e+05
3.905797851562500000e+03 1.057868893384929979e+06
2.588820068359380002e+03 4.713442972302439739e+05
4.318055664062500000e+03 8.327846521139149554e+05
2.596441162109369998e+03 4.083198056817050092e+05
4.694987304687500000e+03 6.716317580938340398e+05
3.405342773437500000e+03 5.686317245960240252e+05
3.538165039062500000e+03 6.050338152647019597e+05
1.714784301757809999e+03 4.125121020674710162e+05
4.097243652343750000e+03 6.678967577219010564e+05
4.042983398437500000e+03 5.576390764713289682e+05
2.284253417968750000e+03 5.962910367250440177e+05
2.292687500000000000e+03 4.649275941252710181e+05
4.230232421875000000e+03 1.004711993336679996e+06
3.820991455078130002e+03 1.081058376073840074e+06
4.624551269531250000e+03 8.001683657169339713e+05
3.970997314453119998e+03 1.030045290946959984e+06
4.478948730468750000e+03 7.513356450796129648e+05
4.066291748046880002e+03 7.481704524755480234e+05
4.165138183593750000e+03 1.011097751140589942e+06
4.248655761718750000e+03 7.220786294937130297e+05
2.115643066406250000e+03 5.345524199008940486e+05
1.974010131835940001e+03 4.330897526144980220e+05
4.692185546875000000e+03 8.770901604890819872e+05
2.304840332031250000e+03 5.152801980972290039e+05
3.025036132812500000e+03 4.929050093293190002e+05
3.869468261718750000e+03 8.274303840398789616e+05
3.823312500000000000e+03 5.539760787487030029e+05
4.331628906250000000e+03 7.824774000644680345e+05
3.674469238281250000e+03 5.723643492460249690e+05
3.478312744140619998e+03 9.011252783536909847e+05
4.746574707031250000e+03 6.992917402982709464e+05
3.689762695312500000e+03 5.290316076278690016e+05
3.423550781250000000e+03 6.696486394405369647e+05
2.670987548828119998e+03 4.758963327407839824e+05
3.671978759765619998e+03 7.876768807172779925e+05
3.336137451171869998e+03 6.124059849977489794e+05
2.822352050781250000e+03 5.279250694513319759e+05
3.511084472656250000e+03 6.510578843355179997e+05
3.173967773437500000e+03 5.162664272785190260e+05
2.663695068359380002e+03 4.682861339449880179e+05
3.479673095703119998e+03 1.169732258081440115e+06
1.711157104492190001e+03 4.192532435059549753e+05
3.842379150390619998e+03 9.122256258726119995e+05
4.123304687500000000e+03 8.112138888835910475e+05
3.425551269531250000e+03 8.667512623071670532e+05
3.431058105468750000e+03 7.035196115970610408e+05
3.521533447265619998e+03 6.433130308389660204e+05
4.611757812500000000e+03 7.525365420579910278e+05
4.387327636718750000e+03 8.301748301982879639e+05
3.839031738281250000e+03 8.220334748029710026e+05
2.301172607421869998e+03 4.617553657293320284e+05
4.605855468750000000e+03 7.080891604423519457e+05
1.975515869140630002e+03 6.020909658670430072e+05
2.323854980468750000e+03 4.329835761189460172e+05
4.377321289062500000e+03 9.042296768426899798e+05
2.673311523437500000e+03 4.767842740416530287e+05
3.705625976562500000e+03 8.201304606199270347e+05
3.174712890625000000e+03 5.701405516862870427e+05
3.845876220703130002e+03 9.682340623140339740e+05
2.404670166015619998e+03 5.126422330141069833e+05
3.584022216796880002e+03 1.277499634504320100e+06
3.953404052734369998e+03 6.584591109752650373e+05
3.841909667968750000e+03 1.008934808611870045e+06
4.006020996093750000e+03 5.972309088706970215e+05
3.655502685546869998e+03 1.064765796899799956e+06
2.691769531250000000e+03 6.167059807777409442e+05
3.270275634765630002e+03 8.058937946557999821e+05
2.561346923828119998e+03 5.276701362133029616e+05
3.577530273437500000e+03 5.126965700387959951e+05
3.841160888671869998e+03 8.583650857210160466e+05
3.512854248046869998e+03 1.175559477567669936e+06
3.173209228515619998e+03 7.233470213413239690e+05
3.958090576171869998e+03 1.090661775112150004e+06
3.649916015625000000e+03 5.585768774747849675e+05
4.083945068359380002e+03 8.219385677576069720e+05
4.432183105468750000e+03 5.559097945690159686e+05
3.056161376953119998e+03 5.825609477758409921e+05
3.653840820312500000e+03 5.564023609161380446e+05
3.729280761718750000e+03 6.954263188838959904e+05
3.667613281250000000e+03 5.473937451839450514e+05
4.081017089843750000e+03 6.939301623106000479e+05
4.479889160156250000e+03 9.153236281871800311e+05
4.120776367187500000e+03 1.001421496629719972e+06
3.647124511718750000e+03 9.308674285411830060e+05
4.171861816406250000e+03 6.339119336605069693e+05
3.789506347656250000e+03 1.032767868280409952e+06
2.413765380859369998e+03 5.054750454425810021e+05
4.014358154296880002e+03 1.050570553779599955e+06
4.327643554687500000e+03 6.241196951866149902e+05
3.851422363281250000e+03 8.410711702108379686e+05
3.134373046875000000e+03 5.312385923862459604e+05
3.749879638671869998e+03 1.093921996593479998e+06
2.640709472656250000e+03 4.506954054832460242e+05
3.645835693359380002e+03 8.820248395204540575e+05
3.841835449218750000e+03 8.702085468769069994e+05
3.556411132812500000e+03 5.348098506927490234e+05
4.136360351562500000e+03 7.184440795183179434e+05
3.784997802734380002e+03 6.295749619007109432e+05
2.302064697265619998e+03 5.052044568061829777e+05
3.661732177734369998e+03 8.746645483970639762e+05
3.923707519531250000e+03 6.822686570882799570e+05
3.587805175781250000e+03 5.372387522459030151e+05
4.314694335937500000e+03 7.514958540201189462e+05
3.814180175781250000e+03 6.559013112783429679e+05
2.288670166015619998e+03 5.737026726007460384e+05
4.130433593750000000e+03 7.026921293735499494e+05
2.329737792968750000e+03 4.780336601138110273e+05
2.260594726562500000e+03 4.221874428391460096e+05
3.296187744140619998e+03 6.046651519536969718e+05
3.054734863281250000e+03 7.176468116045000497e+05
4.160996582031250000e+03 9.606280362606049748e+05
4.057709472656250000e+03 8.967901949882509653e+05
1.974511596679690001e+03 4.846979865431790240e+05
3.689528076171880002e+03 5.947731331586840097e+05
4.229327636718750000e+03 9.410293049812320387e+05
3.519324218750000000e+03 7.239298651218409650e+05
4.385056152343750000e+03 7.158142771720889723e+05
3.753069335937500000e+03 8.870510143041609554e+05
2.115807861328119998e+03 5.629876184463499812e+05
3.470831542968750000e+03 7.871968630552289542e+05
4.136275878906250000e+03 5.819548950195310172e+05
3.341606933593750000e+03 6.023045980930329533e+05
3.587908935546880002e+03 5.579390875101089478e+05
4.814961425781250000e+03 7.211729921102520311e+05
2.410788085937500000e+03 4.558585193157200119e+05
3.082253173828119998e+03 6.688506405353549635e+05
4.049560791015630002e+03 1.118307137489320012e+06
3.258156494140619998e+03 5.837258434295649640e+05
2.610836181640630002e+03 5.145743650197979878e+05
4.030275878906250000e+03 1.042588737249369966e+06
2.424389404296880002e+03 5.303792511224750197e+05
3.513432373046869998e+03 8.373530435562130297e+05
2.070454833984380002e+03 5.565158473253250122e+05
1.813406250000000000e+03 3.760645681023600046e+05
2.195613769531250000e+03 3.888358705043789814e+05
4.415455566406250000e+03 6.195786550045009935e+05
4.474905273437500000e+03 1.005487757921220036e+06
3.342927490234369998e+03 7.881934479475020198e+05
2.093371826171869998e+03 5.136103701591489953e+05
3.732353271484369998e+03 7.162994726896289503e+05
3.173459716796869998e+03 5.032764061689379741e+05
3.961859863281250000e+03 1.067692929983139969e+06
2.156267578125000000e+03 5.727398351430889452e+05
4.312302734375000000e+03 8.459086273908619769e+05
4.658282226562500000e+03 8.863131394386290340e+05
4.603392089843750000e+03 7.282812130451200064e+05
3.597292968750000000e+03 7.027347705364229623e+05
3.464114013671869998e+03 9.663465207815170288e+05
3.452481445312500000e+03 6.711276786327359732e+05
3.879975097656250000e+03 7.900427342653269880e+05
3.614706298828119998e+03 1.026327712535860017e+06
4.606037109375000000e+03 7.518336938619610155e+05
4.613180664062500000e+03 7.885316532850270160e+05
4.009452392578130002e+03 6.375224827527999878e+05
3.980242187500000000e+03 1.085185675144199980e+06
3.459082519531250000e+03 8.974856114387509879e+05
4.762671875000000000e+03 5.645947029590610182e+05
2.613082275390619998e+03 4.850052770376210101e+05
4.389040039062500000e+03 1.027600490331650013e+06
2.407077880859369998e+03 5.225354701280589798e+05
2.206895263671869998e+03 5.309876186847690260e+05
4.155156738281250000e+03 1.003939335465430049e+06
2.093370361328119998e+03 4.580075120925899828e+05
3.119549072265630002e+03 6.789695103168489877e+05
4.329055664062500000e+03 6.124006243944170419e+05
4.074927978515630002e+03 7.861969277858729474e+05
3.531238525390619998e+03 5.508254450559619581e+05
4.129221191406250000e+03 9.543915225267410278e+05
3.641693603515619998e+03 9.128374047279360238e+05
2.544968994140619998e+03 5.957912213802339975e+05
3.905974609375000000e+03 1.026633266925810021e+06
4.094762207031250000e+03 8.248622895479199942e+05
4.613349121093750000e+03 8.849862682819369948e+05
4.516468261718750000e+03 1.018764266729349969e+06
2.831123291015630002e+03 5.838041813373570330e+05
4.009574707031250000e+03 6.603553025722500170e+05
4.069289794921880002e+03 9.355299351215360221e+05
2.313727294921869998e+03 4.434474433660510113e+05
4.206485839843750000e+03 9.572247232198710553e+05
2.585795898437500000e+03 7.530525610446929932e+05
3.948417236328119998e+03 1.011390452265740023e+06
3.876223876953130002e+03 5.247180885076520499e+05
2.887979248046880002e+03 6.739507672786710318e+05
2.327193847656250000e+03 4.545710607767109759e+05
4.398840332031250000e+03 9.545673259496690007e+05
3.454938232421869998e+03 9.800472482442860492e+05
4.081528320312500000e+03 8.370474282503130380e+05
3.840652343750000000e+03 8.452248458862310508e+05
2.364053710937500000e+03 5.140994642972950242e+05
3.089538085937500000e+03 5.229504295587540255e+05
3.785410156250000000e+03 1.103230684280399932e+06
2.302840332031250000e+03 4.048978828191760113e+05
4.156454589843750000e+03 9.006450170278550358e+05
4.018390380859380002e+03 6.246464962959289551e+05
3.648113281250000000e+03 5.535438801050189650e+05
3.961665283203119998e+03 9.235648857355120126e+05
4.035580078125000000e+03 1.035976067543030018e+06
3.836154296875000000e+03 7.624496377706530038e+05
4.063233398437500000e+03 7.601274609565739520e+05
3.516118164062500000e+03 9.949334609508520225e+05
4.385522949218750000e+03 6.855256500244139461e+05
4.371378417968750000e+03 6.307402230501179583e+05
3.862733886718750000e+03 8.986077440977100050e+05
4.581510253906250000e+03 8.520736867189409677e+05
3.650336669921869998e+03 9.823496273756029550e+05
4.610052246093750000e+03 7.098376917839050293e+05
4.191062988281250000e+03 1.054997315645219991e+06
3.919984130859369998e+03 6.537750401496889535e+05
3.781182373046869998e+03 1.081068731784820091e+06
3.265318847656250000e+03 6.481210047006610548e+05
4.437189453125000000e+03 9.737917287349699764e+05
3.021598388671880002e+03 6.514274613857270451e+05
2.282043945312500000e+03 3.922104007601739722e+05
2.941222167968750000e+03 4.267855003476139973e+05
3.478179687500000000e+03 7.876267468929289607e+05
1.955896972656250000e+03 6.217846041917799739e+05
4.073834716796880002e+03 8.283511894941329956e+05
3.391292236328119998e+03 8.742020136117939837e+05
4.176694335937500000e+03 6.418099907636640128e+05
4.678840332031250000e+03 7.503054955005650409e+05
3.815890625000000000e+03 8.646977248191830004e+05
4.929537109375000000e+03 8.955329507589340210e+05
3.173210937500000000e+03 1.022744514703750028e+06
2.290708740234369998e+03 4.484096564054489718e+05
4.197283203125000000e+03 9.976402610540390015e+05
2.673758789062500000e+03 4.119350757598879864e+05
2.534768554687500000e+03 5.004625462889670162e+05
3.617516357421869998e+03 5.500649703741070116e+05
3.566955566406250000e+03 5.574548057317730272e+05
4.445337890625000000e+03 9.588382648229600163e+05
4.704666503906250000e+03 6.781400787830350455e+05
4.380987792968750000e+03 7.714105563163759653e+05
2.302623779296880002e+03 4.337586401700970018e+05
3.943078125000000000e+03 1.050999767541890033e+06
3.644758544921880002e+03 5.599633244276050245e+05
4.089351562500000000e+03 8.698246545791629469e+05
3.603070800781250000e+03 8.433683714866640512e+05
4.511339843750000000e+03 7.134566472768780077e+05
2.415070312500000000e+03 4.957749423384669935e+05
3.786274169921869998e+03 1.037892117738720030e+06
3.758126708984369998e+03 8.538384826183320256e+05
2.651004150390630002e+03 4.767109616994860116e+05
4.082946777343750000e+03 8.646971156597139779e+05
3.627348388671880002e+03 9.685565513372420100e+05
2.289423828125000000e+03 4.337683867216110229e+05
3.966070556640619998e+03 1.020753416061399970e+06
3.350760986328130002e+03 5.601596565246579703e+05
2.195112792968750000e+03 5.195225064754490159e+05
3.126266601562500000e+03 6.626353864669799805e+05
3.617545654296880002e+03 7.076656727790830191e+05
4.420275878906250000e+03 7.337191187143330462e+05
4.171937500000000000e+03 6.471581672430039616e+05
2.298284179687500000e+03 3.981829047799109831e+05
2.076657714843750000e+03 4.554348184466360253e+05
2.363192382812500000e+03 5.209718796014789841e+05
2.673520751953119998e+03 4.514854548573489883e+05
2.287170654296869998e+03 3.887902749180790270e+05
3.156961425781250000e+03 7.021097729206089862e+05
3.626968017578119998e+03 5.657720863819119986e+05
1.600720825195309999e+03 4.286008869409559993e+05
1.974510375976559999e+03 4.136918916702269926e+05
4.131489257812500000e+03 8.138949215412139893e+05
3.843622558593750000e+03 8.728398721218110295e+05
3.664571533203119998e+03 9.502166481018069899e+05
4.385951171875000000e+03 8.989669045209890464e+05
3.685110351562500000e+03 5.687148139476779616e+05
3.668928955078130002e+03 8.267814464569089469e+05
3.615575195312500000e+03 1.095302230119710090e+06
3.530939453125000000e+03 5.275999610424039420e+05
3.441059326171869998e+03 6.171451238393780077e+05
3.517091064453119998e+03 6.849313540458680363e+05
3.172708251953119998e+03 5.562193694114689715e+05
4.464237792968750000e+03 4.488562312126160250e+05
3.599647949218750000e+03 8.585724436044689501e+05
1.958606445312500000e+03 3.867699366211890010e+05
4.538390625000000000e+03 1.122959288358689984e+06
4.060121093750000000e+03 8.171533155441290000e+05
3.856535888671869998e+03 8.677020993232730543e+05
3.397989013671869998e+03 1.042008695602420019e+06
4.615450683593750000e+03 7.579777981042859610e+05
4.330176757812500000e+03 6.691489459276200505e+05
2.883160888671869998e+03 6.989051676988600520e+05
1.587485839843750000e+03 3.726875707507129991e+05
2.302161132812500000e+03 4.504514371156690177e+05
4.279850097656250000e+03 6.383841997385020368e+05
3.623224121093750000e+03 7.062750226259230403e+05
2.592942382812500000e+03 7.036590481996539747e+05
2.290055664062500000e+03 5.075303799509999808e+05
4.376586425781250000e+03 8.976604402065279428e+05
2.413489501953119998e+03 5.174141446352010244e+05
4.376478027343750000e+03 9.366916022300720215e+05
4.080058593750000000e+03 8.902534265518189641e+05
3.558194580078119998e+03 6.753651137351989746e+05
3.685518554687500000e+03 1.154197595119480044e+06
3.961447998046880002e+03 1.020789782881740015e+06
4.695524414062500000e+03 9.177715355157849845e+05
4.213064941406250000e+03 6.518502789735790575e+05
4.013031250000000000e+03 5.285771746635440504e+05
3.777197509765619998e+03 1.107529522657389985e+06
3.811173583984369998e+03 8.296073981523510301e+05
3.569135498046869998e+03 8.549195579290390015e+05
3.961431640625000000e+03 1.083524497270579915e+06
2.305717041015630002e+03 4.526703918576239957e+05
3.673253662109380002e+03 6.011596219539640006e+05
3.936761230468750000e+03 1.097617645263670012e+06
3.098421630859369998e+03 1.029313812255859957e+06
2.714086914062500000e+03 5.030190058350560139e+05
3.839941650390619998e+03 7.485446591377259465e+05
2.303839843750000000e+03 4.902074379920960055e+05
4.294673828125000000e+03 6.351903157234189566e+05
4.633325195312500000e+03 7.434543398618700448e+05
4.627324218750000000e+03 7.134319154024119489e+05
2.196615234375000000e+03 4.917821152210240252e+05
4.326536621093750000e+03 9.002212857007980347e+05
3.627698730468750000e+03 6.666987237930300180e+05
3.645153320312500000e+03 4.918581078648570110e+05
3.535950927734369998e+03 5.266391338109970093e+05
4.308906738281250000e+03 9.446310821771620540e+05
2.176331787109369998e+03 4.419963645935059758e+05
3.643174804687500000e+03 8.533370834588999860e+05
4.100125976562500000e+03 8.281406030654909555e+05
2.399173095703130002e+03 5.079953209161760169e+05
3.207229736328119998e+03 9.640995142459870549e+05
2.536761718750000000e+03 5.619399250745769823e+05
4.356536621093750000e+03 8.072775003910070518e+05
2.346647216796869998e+03 3.952138006091120187e+05
3.851428466796869998e+03 1.068237640380860073e+06
4.074573486328130002e+03 7.853511707782750018e+05
2.551460937500000000e+03 6.492854130268100416e+05
2.409054931640619998e+03 6.414365150928499643e+05
2.261913330078130002e+03 4.205286711454389733e+05
3.852174560546869998e+03 8.784943339824680006e+05
3.819746093750000000e+03 7.526910858154300367e+05
3.533879150390619998e+03 6.081245685815809993e+05
4.054488037109380002e+03 8.227167080640790518e+05
4.279611328125000000e+03 9.932788619995119516e+05
2.272021484375000000e+03 5.807312154769899789e+05
2.289084716796869998e+03 4.483441108465199941e+05
2.306610351562500000e+03 4.440559936761860154e+05
3.714267333984369998e+03 6.198398625850679819e+05
2.689084716796869998e+03 4.842003032565119793e+05
4.067406005859380002e+03 8.369666537046430167e+05
3.372768554687500000e+03 7.880970789194110548e+05
4.077810302734380002e+03 8.552090305089950562e+05
4.318750488281250000e+03 7.551428917646410409e+05
4.094094726562500000e+03 6.972400302886960562e+05
4.198012695312500000e+03 1.001332072019580053e+06
2.091371826171869998e+03 4.932903940677639912e+05
3.615968261718750000e+03 8.479825108051300049e+05
4.392541015625000000e+03 8.668297829627989559e+05
3.346798095703130002e+03 6.942048932313920232e+05
4.039153564453130002e+03 1.044328374862669967e+06
3.369515869140619998e+03 1.225672224998469930e+06
3.530230712890630002e+03 7.866371064186099684e+05
4.461280273437500000e+03 9.485803239345550537e+05
3.852273681640630002e+03 8.427649381160739576e+05
3.963194091796869998e+03 9.668108830451969989e+05
3.453409667968750000e+03 9.679301526546479436e+05
2.532568115234369998e+03 5.562820519208910409e+05
4.323177246093750000e+03 7.069958410263060359e+05
4.408249023437500000e+03 7.010992382764819777e+05
4.317253906250000000e+03 7.043428297042850172e+05
3.236300781250000000e+03 8.688149118423459586e+05
3.724466064453119998e+03 6.307123844623570330e+05
3.421624755859369998e+03 6.525385073423390277e+05
2.595821533203130002e+03 3.966745345592499943e+05
2.407075195312500000e+03 4.725830534696580144e+05
4.312817871093750000e+03 7.819148412942889845e+05
3.678667724609369998e+03 9.220866993665690534e+05
2.839186523437500000e+03 6.205196236371990526e+05
4.129100585937500000e+03 7.990568324327470036e+05
3.648399658203119998e+03 6.022941814661029493e+05
4.324196289062500000e+03 5.862136507034299430e+05
3.609097167968750000e+03 5.459512555599210318e+05
3.673514404296869998e+03 7.096862547397610033e+05
2.558860595703130002e+03 4.879421262145040091e+05
4.141407226562500000e+03 8.566534085273740347e+05
3.583191894531250000e+03 7.692037543058400042e+05
3.850938720703119998e+03 8.268599061965940055e+05
3.685885498046880002e+03 6.417214189767839853e+05
3.186204833984369998e+03 4.435295580625529983e+05
2.718433837890619998e+03 4.416938255429270212e+05
4.320237304687500000e+03 7.213812637329100398e+05
3.545463134765630002e+03 7.989196497201919556e+05
2.587942871093750000e+03 4.073054028749470017e+05
3.860566650390619998e+03 7.294785159826279851e+05
3.695966552734369998e+03 5.991193641424180241e+05
3.840346679687500000e+03 7.409076268672939623e+05
4.141214843750000000e+03 7.990416643619539682e+05
1.592358886718750000e+03 4.257131360173230059e+05
4.312245605468750000e+03 8.360973222255710280e+05
